repository,outcome,changes
0-wiz-0-trrntzip,archives,12
0-wiz-0-trrntzip,failed:archives,1
0-wiz-0-trrntzip,text,86
01mf02-jaq,text,8
07th-mod-ponscripter-fork,binary,24
07th-mod-ponscripter-fork,failed:pictures,21
07th-mod-ponscripter-fork,pictures,181
07th-mod-ponscripter-fork,text,605
0install-0install,text,192
0ldsk00l-nestopia,binary,3
0ldsk00l-nestopia,text,76
0xERR0R-blocky,text,41
10110111-CalcMySky,text,35
10sr-shell-split-string-el,text,57
1100101-Automatic,binary,1
1100101-Automatic,text,123
13-CF-afetch,pictures,2
13-CF-afetch,text,85
1lann-log4shelldetect,archives,1
1lann-log4shelldetect,pictures,1
1lann-log4shelldetect,text,30
2ndQuadrant-pglogical,text,153
2ndquadrant-it-barman,text,15
389ds-389-ds-base,text,23
3MFConsortium-lib3mf,archives,11
3MFConsortium-lib3mf,binary,15
3MFConsortium-lib3mf,missing,10
3MFConsortium-lib3mf,pictures,12
3MFConsortium-lib3mf,text,899
3b1b-manim,text,43
3proxy-3proxy,text,2
3ximus-aerial-sddm-theme,pictures,6
3ximus-aerial-sddm-theme,text,109
4ti2-4ti2,binary,1
4ti2-4ti2,text,205
5u623l20-flow-tools,archives,3
5u623l20-flow-tools,text,104
6gk-fet.sh,pictures,1
6gk-fet.sh,text,54
86Box-86Box,binary,557
86Box-86Box,text,24
89luca89-distrobox,text,24
99designs-aws-vault,text,143
9fans-plan9port,text,12
ADOdb-ADOdb,text,95
AFLplusplus-AFLplusplus,missing,2
AFLplusplus-AFLplusplus,text,8
AKuHAK-hdl-dump,binary,1
AKuHAK-hdl-dump,text,276
AMDmi3-cavezofphear,pictures,1
AMDmi3-cavezofphear,text,139
AMS-IX-arpsponge,text,74
AOMediaCodec-SVT-AV1,text,61
AOMediaCodec-libavif,text,40
APN-Pucky-pkg-testing-tools,text,76
ATLauncher-ATLauncher,text,35
AUNaseef-protonup,text,58
AcademySoftwareFoundation-Imath,text,42
AcademySoftwareFoundation-OpenColorIO,archives,1
AcademySoftwareFoundation-OpenColorIO,text,297
AcademySoftwareFoundation-OpenImageIO,pictures,2
AcademySoftwareFoundation-OpenImageIO,text,48
AcademySoftwareFoundation-OpenShadingLanguage,binary,1
AcademySoftwareFoundation-OpenShadingLanguage,text,19
AcademySoftwareFoundation-OpenTimelineIO,text,57
AcademySoftwareFoundation-openexr,text,29
AcademySoftwareFoundation-openvdb,pictures,1
AcademySoftwareFoundation-openvdb,text,165
ActiveState-appdirs,text,69
ActivityWatch-aw-client,text,63
ActivityWatch-aw-core,text,70
AdaCore-AdaSAT,text,190
AdaCore-VSS,binary,6
AdaCore-VSS,text,822
AdaCore-ada_language_server,text,64
AdaCore-ada_libfswatch,text,57
AdaCore-aunit,pictures,2
AdaCore-aunit,text,131
AdaCore-aws,binary,2
AdaCore-aws,text,309
AdaCore-e3-core,text,30
AdaCore-e3-testsuite,text,120
AdaCore-gnatcoll-bindings,pictures,2
AdaCore-gnatcoll-bindings,text,168
AdaCore-gnatcoll-core,text,70
AdaCore-gnatcoll-db,pictures,2
AdaCore-gnatcoll-db,text,243
AdaCore-gnatdoc,text,1
AdaCore-gnatformat,missing,5
AdaCore-gnatformat,text,1065
AdaCore-gpr,text,43
AdaCore-gprbuild,text,119
AdaCore-gprconfig_kb,text,104
AdaCore-gtkada,text,3
AdaCore-lal-refactor,text,280
AdaCore-langkit,text,57
AdaCore-libadalang,text,65
AdaCore-libadalang-tools,binary,3
AdaCore-libadalang-tools,text,1366
AdaCore-markdown,text,421
AdaCore-prettier-ada,missing,1
AdaCore-prettier-ada,text,182
AdaCore-spark2014,text,22
AdaCore-spawn,pictures,1
AdaCore-spawn,text,220
AdaCore-templates-parser,binary,1
AdaCore-templates-parser,pictures,2
AdaCore-templates-parser,text,352
AdaCore-why3,text,20
AdaCore-xmlada,binary,251
AdaCore-xmlada,pictures,2
AdaCore-xmlada,text,100
AdamMajer-lpe,archives,1
AdamMajer-lpe,binary,17
AdamMajer-lpe,catalogs,9
AdamMajer-lpe,text,329
AdamNiederer-ssass-mode,text,17
AdamNiederer-vue-html-mode,pictures,1
AdamNiederer-vue-html-mode,text,19
AdamNiederer-vue-mode,text,54
AdguardTeam-AdGuardHome,text,87
AdnanHodzic-auto-cpufreq,text,10
AdoptOpenJDK-icedtea-web,text,210
Aetf-kmscon,text,184
Aetf-libtsm,text,144
Airblader-unclutter-xfixes,text,97
Airblader-xcb-util-xrm,text,99
AlDanial-cloc,text,28
Aleph-One-Marathon-alephone,missing,3
Aleph-One-Marathon-alephone,text,39
Alexander-Miller-cfrs,pictures,3
Alexander-Miller-cfrs,text,46
Alexander-Miller-pfuture,text,53
Alexander-Miller-treemacs,pictures,4
Alexander-Miller-treemacs,text,85
AlexandreRouma-SDRPlusPlus,text,144
Alexays-Waybar,text,22
Alinto-sogo,text,15
Aloxaf-fzf-tab,text,52
Aloxaf-silicon,binary,6
Aloxaf-silicon,pictures,1
Aloxaf-silicon,text,119
AltraMayor-f3,text,37
AlynxZhou-showmethekey,text,92
AmatCoder-mednaffe,text,116
AndreaCrotti-yasnippet-snippets,text,584
AngusJohnson-Clipper2,text,58
AntiMicroX-antimicrox,text,7
Antynea-grub-btrfs,text,18
Aorimn-dislocker,text,129
ArashPartow-exprtk,text,311
AravisProject-aravis,text,19
ArcticaProject-nx-libs,text,66
ArgentumCation-mirafetch,binary,2
ArgentumCation-mirafetch,missing,4
ArgentumCation-mirafetch,text,79
Arkq-bluez-alsa,text,721
Arkq-cmusfm,text,180
Arnau478-hevi,pictures,2
Arnau478-hevi,text,104
ArniDagur-python-adblock,text,131
ArtifexSoftware-ghostpdl-downloads,text,33
ArtifexSoftware-jbig2dec,text,13
ArtifexSoftware-urw-base35-fonts,binary,207
ArtifexSoftware-urw-base35-fonts,fonts,222
ArtifexSoftware-urw-base35-fonts,missing,1
ArtifexSoftware-urw-base35-fonts,text,405
ArtsyMacaw-wlogout,text,70
AsamK-signal-cli,archives,1
AsamK-signal-cli,text,32
Atoptool-atop,text,61
Autodesk-AutomaticComponentToolkit,binary,5
Autodesk-AutomaticComponentToolkit,pictures,56
Autodesk-AutomaticComponentToolkit,text,694
AyatanaIndicators-ayatana-ido,text,98
AyatanaIndicators-libayatana-appindicator,text,109
AyatanaIndicators-libayatana-appindicator-glib,binary,2
AyatanaIndicators-libayatana-appindicator-glib,pictures,1
AyatanaIndicators-libayatana-appindicator-glib,text,229
AyatanaIndicators-libayatana-indicator,text,124
Aylur-ags,missing,14
Aylur-ags,text,159
Azure-azure-sdk-for-cpp,text,86
Azure-azure-vm-utils,text,215
B-Lang-org-bsc,text,82
BGO-OD-serialtalk,text,56
BLAKE2-libb2,text,101
BLAKE3-team-BLAKE3,text,29
BOINC-boinc,text,25
BRiAl-BRiAl,text,186
BYVoid-OpenCC,text,18
Bachmann1234-diff_cover,text,12
Backblaze-b2-sdk-python,text,442
Baldomo-open-in-mpv,pictures,10
Baldomo-open-in-mpv,text,211
Baron-von-Riedesel-JWasm,archives,3
Baron-von-Riedesel-JWasm,binary,2
Baron-von-Riedesel-JWasm,text,111
Barzahlen-cronlocker,text,1275
Becksteinlab-GromacsWrapper,text,154
Becksteinlab-numkit,pictures,3
Becksteinlab-numkit,text,132
Beep6581-RawTherapee,binary,2
Beep6581-RawTherapee,text,216
BelledonneCommunications-bcg729,text,215
Benau-libopenglrecorder,text,98
Berulacks-yams,text,66
BespokeSynth-BespokeSynth,text,92
BestImageViewer-geeqie,text,24
BiglySoftware-BiglyBT,text,11
BinomialLLC-basis_universal,text,16
Biont-sway-launcher-desktop,text,79
Biosias-uefi-mkconfig,text,68
BlankSpruce-gersemi,text,42
BlockchainCommons-bc-ur,text,106
Blosc-c-blosc,binary,20
Blosc-c-blosc,documents,6
Blosc-c-blosc,text,931
Blosc-c-blosc2,text,17
Blosc-python-blosc,binary,39
Blosc-python-blosc,documents,1
Blosc-python-blosc,missing,4
Blosc-python-blosc,pictures,3
Blosc-python-blosc,text,530
Blub-netevent,text,120
BlueBrain-highfive,missing,2
BlueBrain-highfive,text,156
BlueDragonX-dispad,text,95
Bluetooth-Devices-dbus-fast,text,18
Boolector-btor2tools,missing,1
Boolector-btor2tools,text,89
Brewtarget-brewtarget,text,8
BuGlessRB-procmail,binary,1
BuGlessRB-procmail,text,221
Bumblebee-Project-Bumblebee,text,108
Bumblebee-Project-bbswitch,text,65
BurntSushi-ripgrep,text,7
BurntSushi-xpybutil,text,107
Byron-dua-cli,text,38
C0rn3j-sc-controller,text,14
C1710-blobmoji,fonts,68
C1710-blobmoji,pictures,2
C1710-blobmoji,text,223
CCExtractor-ccextractor,text,31
CESNET-libnetconf2,text,12
CESNET-libyang,text,36
CESNET-netopeer2,text,17
CGAL-cgal,text,155
CGNS-CGNS,text,16
CISOfy-lynis,text,54
CLIUtils-CLI11,pictures,1
CLIUtils-CLI11,text,43
CNugteren-CLBlast,text,1384
CSCsw-ColPack,text,220
CVC4-CVC4-archived,text,1390
CalcProgrammer1-OpenRGB,text,11
Caltech-IPAC-Montage,archives,16
Caltech-IPAC-Montage,binary,47
Caltech-IPAC-Montage,pictures,4
Caltech-IPAC-Montage,text,3121
Cangjians-pycangjie,text,96
Canop-broot,text,25
Canop-dysk,text,100
Cantera-cantera,text,189
CarVac-librtprocess,text,85
CastXML-CastXML,text,79
CastXML-pygccxml,archives,1
CastXML-pygccxml,text,282
CelestiaProject-Celestia,text,19
Changaco-python-libarchive-c,text,92
Chatterino-chatterino2,missing,1
Chatterino-chatterino2,text,46
CheetahTemplate3-Cheetah3,text,132
Chris00-ANSITerminal,text,101
Chris00-ocaml-cairo,text,106
Chris00-ocaml-csv,text,116
ChrisPritchard-FSH,pictures,1
ChrisPritchard-FSH,text,83
Cisco-Talos-clamav,text,32
ClassiCube-ClassiCube,text,97
ClementJ18-moddb,missing,18
ClementJ18-moddb,text,1390
ClementTsang-bottom,text,18
CleverRaven-Cataclysm-DDA,text,134
ClosureTree-with_advisory_lock,text,206
Cloudef-bemenu,text,79
ClusterLabs-libqb,text,69
ClusterLabs-resource-agents,text,25
Cockatrice-Cockatrice,text,320
ColinIanKing-forkstat,pictures,1
ColinIanKing-forkstat,text,64
ColinIanKing-powerstat,text,50
ColinIanKing-stress-ng,text,12
Comer352L-FreeSSM,text,84
ConSol-Monitoring-pnp,text,75
ConradIrwin-vim-bracketed-paste,text,26
CopernicaMarketingSoftware-AMQP-CPP,text,110
CorsixTH-CorsixTH,pictures,1
CorsixTH-CorsixTH,text,179
Cu3PO42-gtk-session-lock,text,297
Cyan4973-xxHash,text,61
CyberShadow-znc-clientbuffer,text,44
Cygn-pulseaudio-dlna,archives,3
Cygn-pulseaudio-dlna,text,64
DEShawResearch-random123,text,129
DHowett-framework-laptop-kmod,text,27
DNSCrypt-dnscrypt-proxy,text,73
DNSSEC-Tools-DNSSEC-Tools,archives,15
DNSSEC-Tools-DNSSEC-Tools,binary,267
DNSSEC-Tools-DNSSEC-Tools,documents,27
DNSSEC-Tools-DNSSEC-Tools,failed:fonts,3
DNSSEC-Tools-DNSSEC-Tools,fonts,6
DNSSEC-Tools-DNSSEC-Tools,pictures,279
DNSSEC-Tools-DNSSEC-Tools,text,1615
DadSchoorse-vkBasalt,text,125
Daenyth-audiotag,text,42
DanBloomberg-leptonica,text,38
DanRohde-webdavcgi,archives,125
DanRohde-webdavcgi,binary,34
DanRohde-webdavcgi,fonts,6
DanRohde-webdavcgi,text,163
DanielAdolfsson-ndppd,text,136
DanielOgorchock-joycond,text,83
DanySpin97-rinstall,text,148
DarthSim-overmind,text,137
DarwinAwardWinner-amx,text,65
DarwinAwardWinner-with-simulated-input,text,60
Dav1dde-glad,text,88
DaveFlater-libXaw3dXft,pictures,4
DaveFlater-libXaw3dXft,text,12
DaveGamble-cJSON,text,79
DavidGriffith-frotz,text,83
DavidGriffith-minipro,text,65
DavidoTek-ProtonUp-Qt,text,77
DeaDBeeF-Player-deadbeef-mpris2-plugin,text,76
DeadZen-goldrush,text,130
Delgan-loguru,text,13
Diaoul-babelfish,missing,1
Diaoul-babelfish,text,162
Diaoul-subliminal,text,94
Diego-Ivan-Paper-Clip,text,95
DiffSK-configobj,text,109
DisplayLink-evdi,text,30
Dobiasd-FunctionalPlus,text,71
Dobiasd-frugally-deep,text,132
Doom-Utils-deutex,text,298
Dorthu-openapi3,text,105
Dotz0cat-walld,text,176
Dr-Noob-cpufetch,text,140
Draghtnod-Pidgin-GPG,binary,5
Draghtnod-Pidgin-GPG,text,64
DreamSourceLab-DSView,binary,1
DreamSourceLab-DSView,text,168
Dringgstein-Commander-Genius,missing,1
Dringgstein-Commander-Genius,text,411
Drive-Trust-Alliance-sedutil,archives,1
Drive-Trust-Alliance-sedutil,text,193
DrmagicE-gmqtt,binary,1
DrmagicE-gmqtt,pictures,4
DrmagicE-gmqtt,text,160
Duncaen-OpenDoas,text,102
Duncaen-alsa-sndio,text,9
Dushistov-sdcv,binary,2
Dushistov-sdcv,text,71
Dwarf-Therapist-Dwarf-Therapist,text,280
EHfive-ldacBT,missing,1
EHfive-ldacBT,text,27
EasyCoding-qrcodegen-cmake,text,93
EasyCrypt-easycrypt,text,24
EionRobb-pidgin-opensteamworks,archives,3
EionRobb-pidgin-opensteamworks,binary,10
EionRobb-pidgin-opensteamworks,text,59
Eisa01-mpv-scripts,pictures,2
Eisa01-mpv-scripts,text,50
EliasOenal-multimonNG,text,60
Emacs-D-Mode-Maintainers-Emacs-D-Mode,text,98
Emmanuel-PLF-facile,binary,16
Emmanuel-PLF-facile,text,157
EmperorPenguin18-gobble,text,63
EnableSecurity-sipvicious,text,82
EnergyMech-energymech,binary,1
EnergyMech-energymech,text,234
Enigma-Game-Enigma,binary,12
Enigma-Game-Enigma,pictures,6
Enigma-Game-Enigma,text,23
Enselic-recordmydesktop,text,273
EnterpriseDB-repmgr,text,88
ErikBjare-TakeTheTime,text,28
ErikReider-SwayAudioIdleInhibit,text,97
ErikReider-SwayNotificationCenter,text,18
ErikReider-SwayOSD,text,58
Erotemic-ubelt,text,104
Erotemic-xdoctest,text,200
Esri-lerc,text,1
Ettercap-ettercap,archives,4
Ettercap-ettercap,binary,1
Ettercap-ettercap,text,122
EttusResearch-uhd,pictures,16
EttusResearch-uhd,text,26
Exa-Networks-exabgp,text,67
Exahilosys-survey,pictures,3
Exahilosys-survey,text,112
Exiv2-exiv2,text,39
Extensions-Valhalla-gnome-bluetooth-quick-connect,missing,1
Extensions-Valhalla-gnome-bluetooth-quick-connect,text,126
Exzap-ZArchive,text,38
FDH2-UxPlay,text,19
FFMS-ffms2,text,104
FFmpeg-FFmpeg.git,text,9
FFmpeg-nv-codec-headers,text,87
FNA-XNA-FAudio,text,13
FRRouting-frr,text,62
FRiCKLE-ngx_cache_purge,text,66
Fanael-edit-indirect,text,32
Fanael-rainbow-delimiters,text,56
Faster3ck-Converseen,text,43
FasterXML-jackson-annotations,text,82
FasterXML-jackson-core,text,66
FasterXML-jackson-databind,text,21
FasterXML-jackson-dataformat-xml,text,78
FasterXML-jackson-dataformats-text,text,41
FasterXML-jackson-modules-base,text,253
FasterXML-stax2-api,text,115
FasterXML-woodstox,text,5
FeCastle-tiptop,documents,7
FeCastle-tiptop,text,85
FedoraQt-QAdwaitaDecorations,text,66
FedoraQt-QGnomePlatform,text,146
FedoraQt-adwaita-qt,pictures,6
FedoraQt-adwaita-qt,text,110
Feneric-doxypypy,pictures,1
Feneric-doxypypy,text,145
FeralInteractive-gamemode,text,133
Ferdi265-pipectl,text,51
Ferdi265-wl-mirror,missing,1
Ferdi265-wl-mirror,text,118
FiloSottile-age,text,14
FiloSottile-mkcert,text,144
FiloSottile-passage,binary,14
FiloSottile-passage,text,118
FiniteSingularity-obs-composite-blur,text,180
FireFlyVDR-vdr-plugin-skinelchihd,text,61
FireFlyVDR-vdr-plugin-systeminfo,binary,1
FireFlyVDR-vdr-plugin-systeminfo,text,40
FirefighterBlu3-python-pam,text,14
FlorianRhiem-pyGLFW,binary,3
FlorianRhiem-pyGLFW,text,87
Flow-eselect-gradle,text,5
FluffyStuff-OpenRiichi,missing,22
FluffyStuff-OpenRiichi,text,80
FluidSynth-fluidsynth,text,7
FlyGoat-RyzenAdj,text,95
FortAwesome-Font-Awesome,fonts,33
FortAwesome-Font-Awesome,text,45391
Foundry376-Mailspring,missing,2
Foundry376-Mailspring,text,17
Foxboron-sbctl,binary,9
Foxboron-sbctl,text,70
FrameworkComputer-framework-system,binary,4
FrameworkComputer-framework-system,text,9
FrancescoCeruti-linux-show-player,catalogs,7
FrancescoCeruti-linux-show-player,missing,3
FrancescoCeruti-linux-show-player,text,253
FreeCAD-FreeCAD,text,467
FreeRADIUS-freeradius-client,text,153
FreeRADIUS-freeradius-server,text,18
FreeRADIUS-mod_auth_radius,text,72
FreeSpacenav-libspnav,text,118
FreeSpacenav-spacenavd,text,100
FreeSpacenav-spnavcfg,text,88
FreeTubeApp-FreeTube,text,9
Freed-Wu-manpager,text,46
Freed-Wu-tmux-rime,text,100
FreshRSS-FreshRSS,text,143
FrodeSolheim-fs-uae,binary,24
FrodeSolheim-fs-uae,fonts,9
FrodeSolheim-fs-uae,missing,2
FrodeSolheim-fs-uae,pictures,204
FrodeSolheim-fs-uae,text,2119
FrodeSolheim-fs-uae-launcher,binary,12
FrodeSolheim-fs-uae-launcher,fonts,2
FrodeSolheim-fs-uae-launcher,pictures,758
FrodeSolheim-fs-uae-launcher,text,6846
FrodeSolheim-python-lhafile,text,126
Fuco1-dired-hacks,text,80
Fuuzetsu-torrentinfo,text,75
GLibSharp-GtkSharp,text,232
GNS3-dynamips,text,122
GNS3-gns3-gui,text,131
GNS3-gns3-server,binary,4
GNS3-gns3-server,text,99
GNS3-ubridge,text,37
GNUSim8085-GNUSim8085,text,54
GPUOpen-Drivers-AMDVLK,text,54
GPUOpen-Drivers-xgl,text,2541
GPUOpen-LibrariesAndSDKs-AMF,archives,7
GPUOpen-LibrariesAndSDKs-AMF,binary,676
GPUOpen-LibrariesAndSDKs-AMF,documents,92
GPUOpen-LibrariesAndSDKs-AMF,pictures,5
GPUOpen-LibrariesAndSDKs-AMF,text,24216
GPUOpen-LibrariesAndSDKs-HIPRT,binary,36
GPUOpen-LibrariesAndSDKs-HIPRT,failed:archives,1
GPUOpen-LibrariesAndSDKs-HIPRT,missing,8
GPUOpen-LibrariesAndSDKs-HIPRT,pictures,38
GPUOpen-LibrariesAndSDKs-HIPRT,text,1270
GPUOpen-LibrariesAndSDKs-VulkanMemoryAllocator,binary,1
GPUOpen-LibrariesAndSDKs-VulkanMemoryAllocator,text,313
GSConnect-gnome-shell-extension-gsconnect,text,7
Gaius-Augustus-Augustus,text,77
Gallopsled-pwntools,text,19
Gargaj-Bonzomatic,binary,19
Gargaj-Bonzomatic,fonts,1
Gargaj-Bonzomatic,pictures,32
Gargaj-Bonzomatic,text,427
GenericMappingTools-gmt,text,21
Genivia-ugrep,binary,12
Genivia-ugrep,text,63
Genymobile-scrcpy,text,34
GeopJr-BLAHAJ,text,104
GeopJr-Tuba,text,26
GeorgeFilipkin-pulsemixer,text,59
GeospatialPython-pyshp,text,21
GerritCodeReview-git-repo,text,28
GetPageSpeed-MTProxy,text,44
GhostNaN-mpvpaper,text,36
GillesDebunne-libQGLViewer,text,483
Glench-Vim-Jinja2-Syntax,text,45
Gnucash-gnucash,text,13
Gnucash-gnucash-docs,pictures,107
Gnucash-gnucash-docs,text,216
GoXLR-on-Linux-goxlr-utility,text,52
GoogleCloudPlatform-gcsfuse,text,30
GoogleCloudPlatform-google-cloud-cpp,text,71
GothenburgBitFactory-taskwarrior,missing,4
GothenburgBitFactory-taskwarrior,text,6
GothenburgBitFactory-timewarrior,missing,1
GothenburgBitFactory-timewarrior,text,5
Gottox-smu,text,60
Governikus-AusweisApp,binary,11
Governikus-AusweisApp,documents,4
Governikus-AusweisApp,failed:pictures,1
Governikus-AusweisApp,fonts,5
Governikus-AusweisApp,missing,96
Governikus-AusweisApp,pictures,500
Governikus-AusweisApp,text,21165
GradienceTeam-Gradience,text,58
GradienceTeam-gradience,text,58
GrahamDumpleton-mod_wsgi,text,11
GrahamDumpleton-wrapt,text,75
GrapheneOS-hardened_malloc,text,54
Gregwar-fatcat,text,83
GreycLab-CImg,text,23
GrokImageCompression-grok,text,153
Groovy-Emacs-Modes-groovy-emacs-modes,text,67
Grumbel-sdl-jstest,pictures,2
Grumbel-sdl-jstest,text,31
Grumbel-tinycmmc,text,58
Guake-guake,text,89
GunnarMonell-fbgrab,pictures,1
GunnarMonell-fbgrab,text,51
Gustash-Hyprshot,text,49
Guts-mkdocs-rss-plugin,text,23
GyulyVGC-sniffnet.git,pictures,3
GyulyVGC-sniffnet.git,text,3
H3rmt-hyprswitch,text,29
HDFGroup-hdf5,text,50
Haivision-srt,missing,1
Haivision-srt,text,90
HandBrake-HandBrake,binary,1
HandBrake-HandBrake,text,17
HansKristian-Work-vkd3d-proton,text,19
HaxeFoundation-haxe-debian,archives,2
HaxeFoundation-haxe-debian,binary,9
HaxeFoundation-haxe-debian,pictures,1
HaxeFoundation-haxe-debian,text,3345
HaxeFoundation-neko,text,60
HenriWahl-Nagstamon,binary,3
HenriWahl-Nagstamon,text,19
HenrikBengtsson-x86-64-level,text,59
Heroic-Games-Launcher-HeroicGamesLauncher,text,36
HerringtonDarkholme-yats.vim,missing,2
HerringtonDarkholme-yats.vim,text,154
HewlettPackard-netperf,documents,2
HewlettPackard-netperf,text,452
Holzhaus-sphinx-multiversion,text,61
Homebrew-ruby-macho,text,21
HowardHinnant-date,text,41
Huluti-Curtail,text,14
Hummer12007-brightnessctl,text,58
HypothesisWorks-hypothesis,pictures,2
HypothesisWorks-hypothesis,text,133
IBM-plex,archives,1174
IBM-plex,binary,624
IBM-plex,failed:fonts,208
IBM-plex,fonts,59274
IBM-plex,text,143146
IJHack-qtpass,text,13
Icinga-icinga-php-library,text,63
Icinga-icinga-php-thirdparty,text,13
Icinga-icinga2,text,138
Icinga-icingadb,text,29
Icinga-icingadb-web,text,14
Icinga-icingaweb2-module-graphite,text,118
IgnorantGuru-spacefm,text,119
IgnorantGuru-udevil,archives,20
IgnorantGuru-udevil,binary,40
IgnorantGuru-udevil,text,217
IlyaSkriblovsky-txredisapi,text,82
ImageOptim-libimagequant,text,154
Infiltrator-7k-ambition,binary,2
Infiltrator-7k-ambition,text,103
InioX-matugen,text,32
InputUsername-rescrobbled,text,76
Intel-Media-SDK-MediaSDK,binary,35
Intel-Media-SDK-MediaSDK,text,67
Irqbalance-irqbalance,text,85
J-Lentz-iwgtk,pictures,1
J-Lentz-iwgtk,text,261
JBlond-mod_log_rotate,text,41
JCTools-JCTools,text,115
JEG2-highline,text,66
JFreegman-toxic,text,72
JNRowe-bfm,binary,8
JNRowe-bfm,text,121
JabRef-jabref,text,49
Jackett-Jackett,text,9
JackonYang-evernote2,pictures,8
JackonYang-evernote2,text,230
JakeStanger-ironbar,text,43
JakubMelka-PDF4QT,fonts,12
JakubMelka-PDF4QT,text,42
JasonFerrara-jmtpfs,text,106
JasonLG1979-gnome-shell-extension-weather-in-the-clock,pictures,1
JasonLG1979-gnome-shell-extension-weather-in-the-clock,text,31
JayDDee-cpuminer-opt,binary,2
JayDDee-cpuminer-opt,missing,16
JayDDee-cpuminer-opt,text,1731
JeffLIrion-adb_shell,text,155
JelteF-PyLaTeX,text,145
JessicaTegner-pypandoc,archives,1
JessicaTegner-pypandoc,text,80
JetBrains-JetBrainsMono,fonts,668
JetBrains-JetBrainsMono,pictures,13
JetBrains-JetBrainsMono,text,71
JetBrains-java-annotations,text,334
JetBrains-kotlin,text,147
JodaOrg-joda-convert,text,175
JodaOrg-joda-time,text,130
JohnCremona-eclib,text,82
JohnnyMorganz-StyLua,text,28
JonMagon-KDiskMark,text,148
JonasToth-pinentry-fuzzel,text,5
JonathanSalwan-ROPgadget,archives,11
JonathanSalwan-ROPgadget,binary,4
JonathanSalwan-ROPgadget,text,70
Joshua-Ashton-vkroots,text,136
Joungkyun-libchardet,binary,16
Joungkyun-libchardet,text,193
Jugran-lyrics-in-terminal,text,109
Jukic-cmdock,text,143
JuliaEditorSupport-julia-emacs,text,63
JuliaLang-julia,text,32
JuliaLang-juliaup,text,30
JuliaLang-openspecfun,text,128
JuliaMath-openlibm,text,82
JuliaStrings-utf8proc,text,122
KDAB-GammaRay,missing,1
KDAB-GammaRay,text,35
KDAB-KDDockWidgets,text,14
KDAB-KDSingleApplication,text,43
KDAB-KDSoap,text,39
KDAB-KDStateMachineEditor,missing,3
KDAB-KDStateMachineEditor,text,154
KRTirtho-spotube,archives,4
KRTirtho-spotube,failed:pictures,1
KRTirtho-spotube,pictures,8
KRTirtho-spotube,text,592
Kangie-plymouth-openrc-plugin,text,27
Karlson2k-r8125,text,129
KarypisLab-GKlib,text,180
KarypisLab-METIS,documents,2
KarypisLab-METIS,missing,6
KarypisLab-METIS,text,148
KarypisLab-ParMETIS,documents,1
KarypisLab-ParMETIS,missing,3
KarypisLab-ParMETIS,text,168
KeitaNakamura-tex-conceal.vim,pictures,8
KeitaNakamura-tex-conceal.vim,text,31
Keriew-augustus,pictures,2
Keriew-augustus,text,23
Keruspe-GPaste,text,12
Kethsar-ytarchive,text,109
KhronosGroup-KTX-Software,binary,6
KhronosGroup-KTX-Software,missing,3
KhronosGroup-KTX-Software,text,305
KhronosGroup-OpenCL-CLHPP,text,67
KhronosGroup-OpenCL-Headers,text,83
KhronosGroup-OpenCL-ICD-Loader,text,116
KhronosGroup-OpenCOLLADA,archives,1
KhronosGroup-OpenCOLLADA,binary,2
KhronosGroup-OpenCOLLADA,text,272
KhronosGroup-OpenXR-SDK,archives,1
KhronosGroup-OpenXR-SDK,text,907
KhronosGroup-SPIRV-Headers,text,58
KhronosGroup-SPIRV-LLVM-Translator,text,88
KhronosGroup-SPIRV-Tools,text,53
KhronosGroup-Vulkan-Headers,text,83
KhronosGroup-Vulkan-Loader,text,20
KhronosGroup-Vulkan-Tools,text,30
KhronosGroup-Vulkan-Utility-Libraries,documents,2
KhronosGroup-Vulkan-Utility-Libraries,text,31
KhronosGroup-Vulkan-ValidationLayers,text,50
KhronosGroup-glslang,text,61
KikoPlayProject-KikoPlay,binary,5
KikoPlayProject-KikoPlay,catalogs,6
KikoPlayProject-KikoPlay,fonts,4
KikoPlayProject-KikoPlay,missing,5
KikoPlayProject-KikoPlay,pictures,12
KikoPlayProject-KikoPlay,text,962
Kistler-Group-sdbus-cpp,text,175
KittyKatt-screenFetch,text,54
Kludex-python-multipart,text,29
Kludex-starlette,text,42
Kludex-uvicorn,text,26
Komet-MediaElch,text,45
Kong-insomnia,text,382
Koruri-Koruri,fonts,50
Koruri-Koruri,text,79
Kozea-Ahem,binary,1
Kozea-Ahem,fonts,1
Kozea-Ahem,text,3
Kozea-Radicale,text,38
Kozea-pygal,missing,1
Kozea-pygal,text,199
Kuniwak-vint,text,135
LASzip-LASzip,binary,1
LASzip-LASzip,pictures,1
LASzip-LASzip,text,194
LBCrion-sfwbar,text,31
LEW21-pydbus,text,117
LGFae-swww,text,182
LLNL-sundials,missing,2
LLNL-sundials,text,2312
LLNL-zfp,documents,1
LLNL-zfp,text,65
LMAX-Exchange-disruptor,archives,2
LMAX-Exchange-disruptor,text,149
LPCIC-elpi,text,145
Lab-Brat-gentoo_update,text,58
LadybirdBrowser-ladybird.git,pictures,2
LadybirdBrowser-ladybird.git,text,44
Lattyware-unrpa,text,82
LeelaChessZero-lc0,text,22
Legcord-Legcord,text,14
Legrandin-pycryptodome,text,85
Lekensteyn-dmg2img,text,45
LeperGnome-bt,pictures,6
LeperGnome-bt,text,123
LibVNC-libvncserver,text,28
LibVNC-x11vnc,binary,1
LibVNC-x11vnc,text,90
LibreCAD-LibreCAD,text,32
LibreDWG-libredwg,text,19
LibreGames-jumpnbump,binary,5
LibreGames-jumpnbump,pictures,4
LibreGames-jumpnbump,text,110
LibreOffice-barcode,binary,3
LibreOffice-barcode,pictures,1
LibreOffice-barcode,text,106
LibtraceTeam-libprotoident,text,162
LibtraceTeam-libtrace,missing,1
LibtraceTeam-libtrace,text,81
LibtraceTeam-wandio,archives,1
LibtraceTeam-wandio,text,95
Libvisual-libvisual,binary,4
Libvisual-libvisual,pictures,5
Libvisual-libvisual,text,88
Lidarr-Lidarr.git,text,29
Limine-Limine,text,11
Lindydancer-cmake-font-lock,binary,24
Lindydancer-cmake-font-lock,pictures,1
Lindydancer-cmake-font-lock,text,98
LinearTapeFileSystem-ltfs,text,131
LinoBigatti-i3-rounded,text,92
Linutronix-RTC-Testbench,text,17
LizardByte-Sunshine,missing,4
LizardByte-Sunshine,text,18
LoLei-razer-cli,text,144
LonnyGomes-hexcurse,text,129
LuaDist-toluapp,binary,1
LuaDist-toluapp,pictures,1
LuaDist-toluapp,text,129
LuaJIT-LuaJIT,text,255
LuaLS-lua-language-server,text,58
LuaLanes-lanes,text,60
LukashonakV-cava,text,141
LukeSmithxyz-mutt-wizard,text,67
LunarG-gfxreconstruct,text,74
Lyr-7D1h-swayest_workstyle,text,78
M-Reimer-graphlcd-base,binary,8
M-Reimer-graphlcd-base,text,162
M0Rf30-android-udev-rules,text,53
MDAnalysis-MDAnalysis,binary,1
MDAnalysis-MDAnalysis,text,19
MITRECND-libnids,text,82
MX-Linux-exit-options,archives,10
MX-Linux-exit-options,binary,2
MX-Linux-exit-options,pictures,32
MX-Linux-exit-options,text,167
MaartenBaert-ssr,text,135
MacPaw-XADMaster,archives,1
MacPaw-XADMaster,binary,2
MacPaw-XADMaster,text,90
Macchina-CLI-macchina,missing,4
Macchina-CLI-macchina,text,70
Magdalunaa-kissy,text,13
MagicStack-httptools,missing,7
MagicStack-httptools,text,85
MagicStack-immutables,text,117
Malabarba-spinner.el,pictures,3
Malabarba-spinner.el,text,47
MalpenZibo-ashell,text,17
Manfred-HTTPauth,text,75
Mange-roadie,text,214
Mange-roadie-rails,pictures,4
Mange-roadie-rails,text,265
Mange-rofi-emoji,pictures,7
Mange-rofi-emoji,text,111
Mange-rtl8192eu-linux-driver,text,164
ManimCommunity-ManimPango,text,89
Maproom-qmapshack,binary,3
Maproom-qmapshack,text,56
Maratyszcza-FP16,text,113
Maratyszcza-FXdiv,missing,1
Maratyszcza-FXdiv,text,76
Maratyszcza-NNPACK,text,112
Maratyszcza-Opcodes,text,187
Maratyszcza-PeachPy,text,119
Maratyszcza-psimd,text,44
Maratyszcza-pthreadpool,text,111
Martchus-qtforkawesome,text,49
Martchus-qtutilities,text,12
Martchus-syncthingtray,text,23
MaskRay-ccls,text,269
MasterQ32-kristall,text,78
Mastermindzh-tidal-hifi,text,8
MatMoul-g810-led,text,93
Matthias-Wandel-jhead,text,18
Mbed-TLS-mbedtls,missing,4
Mbed-TLS-mbedtls,text,7
MeanEYE-Sunflower,catalogs,98
MeanEYE-Sunflower,text,174
MegaGlest-megaglest-data,binary,23
MegaGlest-megaglest-data,pictures,69
MegaGlest-megaglest-data,text,1394
MegaGlest-megaglest-source,text,872
Mellanox-mstflint,binary,5
Mellanox-mstflint,text,200
MersenneTwister-Lab-dSFMT,archives,10
MersenneTwister-Lab-dSFMT,binary,20
MersenneTwister-Lab-dSFMT,pictures,22
MersenneTwister-Lab-dSFMT,text,259
MestreLion-git-tools,text,65
Mic92-python-mpd2,text,102
Microsoft-GSL,text,81
MightyCreak-diffuse,text,153
MihailJP-Inconsolata-LGC,text,34
MikePopoloski-slang,text,33
Mindwerks-wildmidi,text,12
MiniDNS-minidns,archives,1
MiniDNS-minidns,text,480
MirBSD-kwalletcli,pictures,2
MirBSD-kwalletcli,text,25
Mithil467-mitype,text,73
MoneroOcean-xmrig,text,121
Moonbase59-loudgain,binary,10
Moonbase59-loudgain,text,97
Motion-Project-motion,pictures,1
Motion-Project-motion,text,35
MrJoy-ssss,binary,3
MrJoy-ssss,text,65
MyGUI-mygui,text,41
MycroftAI-mimic1,text,67
MymeType-mymefetch,pictures,1
MymeType-mymefetch,text,54
Myriad-Dreamin-tinymist,text,71
Mystro256-xsensors,pictures,4
Mystro256-xsensors,text,90
MythTV-mythtv,text,20
MythTV-mythweb,binary,4
MythTV-mythweb,text,58
N-R-K-stable-tarball-host,text,1
NBISweden-MrBayes,text,133
NFFT-nfft,text,19
NGSolve-netgen,text,15
NICMx-FORT-validator,text,198
NICMx-Jool,text,321
NP-Hardass-wine-desktop-common,pictures,26
NP-Hardass-wine-desktop-common,text,16
NRK-mpv-toolbox,text,43
NRK-nix-compress,text,62
NRK-selx,text,38
NRK-sxcs,text,44
NVIDIA-cudnn-frontend,pictures,19
NVIDIA-cudnn-frontend,text,482
NVIDIA-cutlass,text,294
NVIDIA-egl-gbm,text,101
NVIDIA-egl-wayland,text,100
NVIDIA-egl-wayland2,text,89
NVIDIA-egl-x11,text,93
NVIDIA-eglexternalplatform,text,24
NVIDIA-libnvidia-container,text,494
NVIDIA-nvidia-container-toolkit,text,228
NVIDIA-optix-dev,text,143
NagiosEnterprises-ndoutils,archives,1
NagiosEnterprises-ndoutils,documents,1
NagiosEnterprises-ndoutils,text,120
NagiosEnterprises-nrpe,text,130
NalaGinrut-guile-colorized,text,29
NanoComp-h5utils,pictures,29
NanoComp-h5utils,text,172
Nanolx-fortunes-flashrider,archives,4
Nanolx-fortunes-flashrider,binary,8
Nanolx-fortunes-flashrider,text,154
Narigo-keepass-diff,binary,14
Narigo-keepass-diff,text,230
NaturalHistoryMuseum-pyzbar,text,81
Neargye-magic_enum,text,22
Nefelim4ag-Ananicy,text,532
Netatalk-netatalk,text,18
Netflix-bpftop,text,10
Netflix-vmaf,text,37
NetworkBlockDevice-nbd,text,3
NetworkConfiguration-dhcpcd,text,14
NetworkConfiguration-dhcpcd-ui,text,62
NetworkConfiguration-openresolv,text,45
Nheko-Reborn-blurhash,missing,2
Nheko-Reborn-blurhash,text,54
Nheko-Reborn-mtxclient,text,106
Nheko-Reborn-qt-jdenticon,text,150
NickvisionApps-Denaro,missing,1
NickvisionApps-Denaro,pictures,4
NickvisionApps-Denaro,text,255
NickvisionApps-Tagger,missing,3
NickvisionApps-Tagger,pictures,6
NickvisionApps-Tagger,text,284
Nicotine-Plus-nicotine-plus,text,19
NigelCunningham-pam-MySQL,binary,2
NigelCunningham-pam-MySQL,text,171
NilsBrause-waylandpp,text,185
NimParsers-parsetoml,text,74
Nitrokey-nitrokey-app2,text,54
Nitrokey-nitrokey-sdk-py,text,22
Nitrokey-nkdfu,text,28
NixOS-nix-mode,text,78
NixOS-patchelf,binary,1
NixOS-patchelf,text,94
Normaliz-Normaliz,binary,2
Normaliz-Normaliz,documents,2
Normaliz-Normaliz,text,24
Novik-ruTorrent,text,18
Nowa-Ammerlaan-command-not-found-gentoo,text,25
Nuand-bladeRF,missing,2
Nuand-bladeRF,text,71
Nukesor-pueue,text,41
Numbertext-libnumbertext,text,121
OCSInventory-NG-UnixAgent,archives,2
OCSInventory-NG-UnixAgent,binary,12
OCSInventory-NG-UnixAgent,pictures,1
OCSInventory-NG-UnixAgent,text,775
OCamlPro-Coquera-psmt2-frontend,binary,4
OCamlPro-Coquera-psmt2-frontend,text,205
OCamlPro-Iguernlala-ocplib-simplex,binary,1
OCamlPro-Iguernlala-ocplib-simplex,text,184
OCamlPro-alt-ergo,text,70
OCamlPro-ocp-indent,binary,2
OCamlPro-ocp-indent,text,427
OCamlPro-ocplib-endian,text,188
OCamlPro-swhid_core,pictures,1
OCamlPro-swhid_core,text,80
OGRECave-ogre,text,29
OHF-Voice-piper1-gpl,text,19
OISF-libhtp,text,81
OLSR-olsrd,text,117
OSGeo-PROJ,text,24
OSPG-binwalk,text,59
OSPG-godedupe,archives,2
OSPG-godedupe,pictures,1
OSPG-godedupe,text,96
OWASP-owasp-java-encoder,text,169
Oblomov-clinfo,text,82
OctoMap-octomap,text,247
OlafvdSpek-ctemplate,text,274
OldManProgrammer-unix-tree,binary,9
OldManProgrammer-unix-tree,text,273
Olivine-Labs-luassert,text,95
Olivine-Labs-mediator_lua,text,73
OmniSharp-omnisharp-roslyn,text,166
Ondsel-Development-OndselSolver,text,1473
OneRNG-onerng.github.io,archives,16
OneRNG-onerng.github.io,binary,36
OneRNG-onerng.github.io,pictures,134
OneRNG-onerng.github.io,text,541
Open-Wine-Components-umu-launcher,missing,1
Open-Wine-Components-umu-launcher,text,65
OpenAoE-aoetools,text,56
OpenAoE-vblade,text,71
OpenChemistry-avogadroapp,text,75
OpenChemistry-avogadrolibs,text,92
OpenCilk-opencilk-project,text,96
OpenHands-OpenHands.git,text,121
OpenICC-xcalib,binary,16
OpenICC-xcalib,pictures,1
OpenICC-xcalib,text,47
OpenIDC-cjose,text,83
OpenIDC-mod_auth_openidc,text,35
OpenLightingProject-ola,text,137
OpenMW-openmw,binary,1
OpenMW-openmw,text,116
OpenMW-osg,binary,3
OpenMW-osg,text,197
OpenMathLib-OpenBLAS,text,69
OpenNI-OpenNI,archives,8
OpenNI-OpenNI,binary,99
OpenNI-OpenNI,documents,3
OpenNI-OpenNI,pictures,66
OpenNI-OpenNI,text,3532
OpenNMS-jrobin,archives,94
OpenNMS-jrobin,fonts,2
OpenNMS-jrobin,pictures,1
OpenNMS-jrobin,text,281
OpenPrinting-cups,text,47
OpenPrinting-cups-browsed,text,64
OpenPrinting-cups-filters,text,3
OpenPrinting-libcupsfilters,text,15
OpenPrinting-libppd,text,52
OpenPrinting-splix,binary,14
OpenPrinting-splix,text,87
OpenPrinting-system-config-printer,text,14
OpenRA-OpenRA,text,37
OpenRC-openrc,text,15
OpenRCT2-OpenRCT2,pictures,1
OpenRCT2-OpenRCT2,text,19
OpenRGBDevelopers-OpenRGBEffectsPlugin,text,24
OpenRGBDevelopers-OpenRGBSkinPlugin,missing,12
OpenRGBDevelopers-OpenRGBSkinPlugin,pictures,6
OpenRGBDevelopers-OpenRGBSkinPlugin,text,112
OpenRGBDevelopers-OpenRGBVisualMapPlugin,missing,1
OpenRGBDevelopers-OpenRGBVisualMapPlugin,pictures,2
OpenRGBDevelopers-OpenRGBVisualMapPlugin,text,22
OpenRefine-OpenRefine,text,16
OpenSC-OpenSC,text,38
OpenSC-libp11,text,44
OpenSC-pam_p11,text,96
OpenSC-pkcs11-helper,text,114
OpenTTD-grfcodec,text,37
OpenTTD-nml,binary,3
OpenTTD-nml,text,87
OpenTabletDriver-OpenTabletDriver,text,79
OpenVPN-easy-rsa,text,52
OpenVPN-ovpn-dco,text,79
OpenVisualCloud-SVT-HEVC,binary,2
OpenVisualCloud-SVT-HEVC,text,77
OpenVisualCloud-SVT-VP9,text,143
OpenXcom-OpenXcom,binary,49
OpenXcom-OpenXcom,text,142
Orange-OpenSource-hurl,text,25
OrangeShark-guile-commonmark,text,113
Orc-discount,text,117
Overv-vramfs,binary,4
Overv-vramfs,text,138
Owl-Maintain-brlaser,text,80
P-H-C-phc-winner-argon2,text,116
PAntoine-vimgitlog,text,90
PCGen-pcgen,text,5
PCRE2Project-pcre2,binary,2
PCRE2Project-pcre2,text,33
PCSX2-pcsx2,text,19
PCSX2-pcsx2_patches,text,17
PDAL-PDAL,binary,2
PDAL-PDAL,text,232
PDB-REDO-dssp,text,6
PDB-REDO-libcifpp,text,59
PHPMailer-PHPMailer,text,6
PJK-libcbor,text,8
POV-Ray-povray,text,1068
PRATAP-KUMAR-Control_Blur_Effect_On_Lock_Screen,binary,4
PRATAP-KUMAR-Control_Blur_Effect_On_Lock_Screen,text,57
PadWorld-Entertainment-worldofpadman,text,8
PaddlePaddle-PaddleOCR.git,pictures,1
PaddlePaddle-PaddleOCR.git,text,94
PancakeTAS-lsfg-vk,binary,1
PancakeTAS-lsfg-vk,text,30
PapirusDevelopmentTeam-arc-kde,pictures,14
PapirusDevelopmentTeam-arc-kde,text,586
PapirusDevelopmentTeam-papirus-claws-mail-theme,missing,174
PapirusDevelopmentTeam-papirus-claws-mail-theme,pictures,2388
PapirusDevelopmentTeam-papirus-claws-mail-theme,text,2627
PapirusDevelopmentTeam-papirus-icon-theme,text,276
Parchive-par2cmdline,text,15
ParmEd-ParmEd,archives,1
ParmEd-ParmEd,text,146
PataphysicalSociety-soupault,text,74
PatrickF1-fzf.fish,text,104
PauloMigAlmeida-identicon,text,39
PebbleTemplates-pebble,text,15
Penlect-rectangle-packer,pictures,1
Penlect-rectangle-packer,text,134
PennyDreadfulMTG-pystache,text,172
PierreLvx-qpress,text,46
PintaProject-Pinta,text,15
PiotrDabkowski-pyjsparser,text,1939
PixarAnimationStudios-OpenSubdiv,documents,2
PixarAnimationStudios-OpenSubdiv,text,857
PixlOne-logiops,missing,6
PixlOne-logiops,text,245
PlotPyStack-guiqwt,pictures,1
PlotPyStack-guiqwt,text,196
PointCloudLibrary-pcl,text,237
PortMidi-portmidi,binary,3
PortMidi-portmidi,pictures,5
PortMidi-portmidi,text,192
PoseLib-PoseLib,missing,2
PoseLib-PoseLib,text,85
PowerShell-PowerShell-Native,pictures,1
PowerShell-PowerShell-Native,text,219
PowerShell-platyPS,missing,1
PowerShell-platyPS,pictures,14
PowerShell-platyPS,text,213
Pragmatists-JUnitParams,binary,1
Pragmatists-JUnitParams,text,105
ProgVal-Limnoria,text,3
ProgVal-Supybot-plugins,pictures,1
ProgVal-Supybot-plugins,text,336
ProofGeneral-PG,text,144
ProtonMail-proton-bridge,text,239
ProtonVPN-local-agent-rs,missing,13
ProtonVPN-local-agent-rs,text,240
ProtonVPN-proton-vpn-gtk-app,missing,1
ProtonVPN-proton-vpn-gtk-app,text,177
ProtonVPN-python-proton-core,text,123
ProtonVPN-python-proton-keyring-linux,missing,1
ProtonVPN-python-proton-keyring-linux,text,70
ProtonVPN-python-proton-vpn-api-core,missing,2
ProtonVPN-python-proton-vpn-api-core,text,179
ProtonVPN-python-proton-vpn-network-manager,missing,5
ProtonVPN-python-proton-vpn-network-manager,text,248
Pulse-Eight-libcec,text,33
Pulse-Eight-platform,missing,8
Pulse-Eight-platform,text,98
PurpleI2P-i2pd,text,19
PurpleI2P-i2pd-tools,missing,6
PurpleI2P-i2pd-tools,text,86
PurritoBin-PurritoBin,text,96
PyCQA-eradicate,text,73
PyCQA-flake8,text,129
PyCQA-isort,text,8
PyCQA-pycodestyle,text,69
PyMySQL-PyMySQL,text,25
PyO3-maturin,text,31
PyO3-setuptools-rust,text,40
Pylons-paginate,text,70
Pylons-pastedeploy,text,139
Python-Markdown-github-links,text,77
Python-SIP-sip,text,31
Qalculate-libqalculate,text,132
Qalculate-qalculate-gtk,text,168
Qalculate-qalculate-qt,text,100
Qiskit-qiskit,pictures,1
Qiskit-qiskit,text,126
Qiskit-qiskit-aer,text,167
Qiskit-rustworkx,text,185
QtExcel-QXlsx,archives,1
QtExcel-QXlsx,text,234
Quansight-Labs-accessible-pygments,archives,1
Quansight-Labs-accessible-pygments,pictures,119
Quansight-Labs-accessible-pygments,text,263
QuantStack-zmq-anyio,text,80
RDFLib-rdflib,text,3
RHVoice-English,binary,25
RHVoice-English,text,46
RHVoice-RHVoice,text,3
RHVoice-Russian,binary,35
RHVoice-Russian,text,51
RHVoice-arina-rus,binary,11
RHVoice-arina-rus,text,35
RHVoice-slt-eng,binary,45
RHVoice-slt-eng,text,99
ROCm-HIPIFY,text,52
ROCm-MIOpen,archives,2
ROCm-MIOpen,missing,2
ROCm-MIOpen,pictures,3
ROCm-MIOpen,text,205
ROCm-ROCR-Runtime,text,177
ROCm-Tensile,text,138
ROCm-amdsmi,text,220
ROCm-aotriton,missing,1
ROCm-aotriton,text,36
ROCm-clr,text,34
ROCm-composable_kernel,text,402
ROCm-half,text,97
ROCm-hipBLAS,text,420
ROCm-hipBLAS-common,text,60
ROCm-hipBLASLt,text,292
ROCm-hipCUB,text,508
ROCm-hipFFT,text,108
ROCm-hipRAND,text,98
ROCm-hipSOLVER,text,165
ROCm-hipSPARSE,text,416
ROCm-hipother,text,50
ROCm-llvm-project,text,211
ROCm-rccl,text,24
ROCm-rocBLAS,text,357
ROCm-rocFFT,text,164
ROCm-rocPRIM,text,1002
ROCm-rocRAND,text,243
ROCm-rocSOLVER,text,203
ROCm-rocSPARSE,text,906
ROCm-rocThrust,missing,2
ROCm-rocThrust,text,3414
ROCm-rocWMMA,text,768
ROCm-rocm-cmake,text,159
ROCm-rocm-core,text,78
ROCm-rocm-libraries,text,511
ROCm-rocm_bandwidth_test,archives,2
ROCm-rocm_bandwidth_test,missing,25
ROCm-rocm_bandwidth_test,text,560
ROCm-rocm_smi_lib,text,205
ROCm-rocminfo,text,55
ROCm-roctracer,text,87
ROCm-rpp,binary,25
ROCm-rpp,pictures,1
ROCm-rpp,text,93
RPCS3-rpcs3,missing,1
RPCS3-rpcs3,text,25
RPi-Distro-RTIMULib,pictures,15
RPi-Distro-RTIMULib,text,715
RPi-Distro-bluez-firmware,binary,10
RPi-Distro-bluez-firmware,text,71
Radarr-Radarr.git,text,6
RadeonOpenCompute-k8s-device-plugin,text,4241
Rafostar-clapper,missing,2
Rafostar-clapper,text,79
Raku-raku-mode,text,72
RaphaelRochet-applications-overview-tooltip,binary,2
RaphaelRochet-applications-overview-tooltip,catalogs,13
RaphaelRochet-applications-overview-tooltip,pictures,1
RaphaelRochet-applications-overview-tooltip,text,92
Raymo111-i3lock-color,pictures,2
Raymo111-i3lock-color,text,87
RazerM-parver,text,85
RazrFalcon-svgcleaner,text,670
ReFirmLabs-binwalk,failed:pictures,1
ReFirmLabs-binwalk,text,176
RedHatOfficial-Overpass,archives,4
RedHatOfficial-Overpass,binary,25
RedHatOfficial-Overpass,documents,10
RedHatOfficial-Overpass,failed:fonts,159
RedHatOfficial-Overpass,fonts,1040
RedHatOfficial-Overpass,text,142
Reference-LAPACK-lapack,text,3383
Reference-ScaLAPACK-scalapack,text,1810
ReimuHakurei-phpPgAdmin,binary,2
ReimuHakurei-phpPgAdmin,text,2494
ReimuNotMoe-ydotool,text,78
ReinhardPrix-FreedroidClassic,binary,8
ReinhardPrix-FreedroidClassic,text,44
Remmina-Remmina,text,55
RenderKit-embree,text,27
RenderKit-oidn,documents,1
RenderKit-oidn,text,26
RenderKit-openpgl,binary,1
RenderKit-openpgl,text,191
Return-To-The-Roots-s25client,text,58
RichiH-vcsh,text,110
Rikorose-DeepFilterNet,text,94
RobRuana-pockets,text,194
RocketChat-Rocket.Chat.Electron,text,82
Rohansi-Mond,text,259
RubyCrypto-ed25519,pictures,3
RubyCrypto-ed25519,text,130
RubyCrypto-rbnacl,pictures,4
RubyCrypto-rbnacl,text,137
RustScan-RustScan,text,52
RustSec-rustsec,pictures,2
RustSec-rustsec,text,27
SAML-Toolkits-python3-saml,binary,2
SAML-Toolkits-python3-saml,documents,1
SAML-Toolkits-python3-saml,fonts,16
SAML-Toolkits-python3-saml,pictures,14
SAML-Toolkits-python3-saml,text,210
SCM-NV-ftl,missing,1
SCM-NV-ftl,text,82
SChernykh-p2pool,missing,1
SChernykh-p2pool,text,20
SDL-Hercules-390-SoftFloat,text,628
SDL-Hercules-390-crypto,text,178
SDL-Hercules-390-decNumber,text,145
SDL-Hercules-390-hyperion,text,42
SDL-Hercules-390-telnet,text,127
SELinuxProject-refpolicy,text,76
SELinuxProject-selinux,text,63
SELinuxProject-setools,text,158
SFML-SFML,text,11
SIPp-sipp,missing,1
SIPp-sipp,text,15
SKS-Keyserver-sks-keyserver,archives,1
SKS-Keyserver-sks-keyserver,text,143
SRI-CSL-libpoly,text,246
SRI-CSL-yices2,text,41
SSSD-ding-libs,text,49
SSSD-sssd,text,13
STEllAR-GROUP-hpx,binary,10
STEllAR-GROUP-hpx,text,1523
SUSE-clang-extract,text,174
Salamek-huawei-lte-api,text,296
Samsung-netcoredbg,text,51
Samsung-rlottie,archives,1
Samsung-rlottie,binary,1
Samsung-rlottie,text,89
SamuraiT-mecab-python3,text,97
Sapd-HeadsetControl,text,19
ScanTailor-Advanced-scantailor-advanced,pictures,1
ScanTailor-Advanced-scantailor-advanced,text,188
SciDAVis-liborigin,text,81
SciTools-cartopy,text,4
SeaDve-Kooha,text,7
SeaDve-Mousai,text,12
Seagate-openSeaChest,missing,7
Seagate-openSeaChest,text,7
Seldaek-cli-prompt,binary,1
Seldaek-cli-prompt,text,21
Seldaek-jsonlint,text,78
Seldaek-phar-utils,text,18
SeleniumHQ-selenium,text,22
ShiftMediaProject-modplug,text,95
Shopify-liquid,text,114
Shopify-ruby-lsp,missing,2
Shopify-ruby-lsp,text,21
Sigil-Ebook-Sigil,text,27
Sija-backtracer.cr,text,36
Silex-docker.el,text,44
SimonKagstrom-kcov,text,75
SimonLarsen-mrrescue,binary,15
SimonLarsen-mrrescue,pictures,18
SimonLarsen-mrrescue,text,165
Simsys-qhexedit2,binary,1
Simsys-qhexedit2,catalogs,14
Simsys-qhexedit2,missing,1
Simsys-qhexedit2,pictures,27
Simsys-qhexedit2,text,349
SimulPiscator-AirSane,text,72
Skycoder42-QHotkey,text,104
Slackadays-Clipboard,text,140
Snaipe-BoxFort,text,95
Snaipe-Criterion,text,87
Snawoot-myip,text,31
Snawoot-postfix-mta-sts-resolver,text,99
Softcatala-catalan-dict-tools,text,22
Sonarr-Sonarr.git,text,86
SourceArcade-flashprog,text,13
SpamExperts-pyzor,text,113
SparrowOchon-dnsenum2,text,54
SpectrumIM-spectrum2,text,4
Spotifyd-spotifyd,text,112
SpringMT-zstd-ruby,missing,1
SpringMT-zstd-ruby,text,127
SrainApp-srain,text,99
StackExchange-blackbox,text,159
StanfordLegion-legion,text,1801
Starlink-pal,text,84
StartAutomating-Irregular,text,80
StartAutomating-ugit,text,58
StefanCristian-calamares-gentoo-livecd,pictures,1
StefanCristian-calamares-gentoo-livecd,text,33
StefanCristian-flatpakify,text,64
Stellarium-stellarium,archives,1
Stellarium-stellarium,text,15
Sude--lgogdownloader,text,116
Suor-whatever,text,85
SuperQ-chrony_exporter,text,23
SuperTux-supertux,pictures,226
SuperTux-supertux,text,187
Supervisor-supervisor,text,73
Supreeeme-xwayland-satellite,text,12
Syllo-nvtop,text,78
Syncplay-syncplay,binary,1
Syncplay-syncplay,documents,1
Syncplay-syncplay,pictures,72
Syncplay-syncplay,text,86
Synss-elogviewer,text,26
TACC-Hermes,text,72
TACC-Lmod,documents,4
TACC-Lmod,pictures,13
TACC-Lmod,text,59
TASEmulators-desmume,text,146
TASEmulators-fceux,binary,1
TASEmulators-fceux,text,111
TNG-junit-dataprovider,archives,1
TNG-junit-dataprovider,text,183
TNThieding-exif,pictures,24
TNThieding-exif,text,534
Taiko2k-Tauon,text,49
Talinx-jp2a,pictures,9
Talinx-jp2a,text,104
TartanLlama-expected,missing,1
TartanLlama-expected,text,58
Tatsh-bpmdetect,text,20
TaylanUB-scheme-bytestructures,text,97
TeXworks-texworks,text,13
TecharoHQ-anubis,text,77
TechnitiumSoftware-DnsServer,text,13
Tencent-ncnn,text,82
Tensai75-nzb-monkey-go,text,41
Terraspace-UASM,binary,47
Terraspace-UASM,text,219
TerryHowe-ansible-modules-hashivault,text,311
Tessil-robin-map,text,70
Textualize-rich,text,18
Textualize-textual,text,32
Textualize-textual-dev,text,73
Textualize-textual-serve,text,98
Thalhammer-jwt-cpp,text,99
ThatOneCalculator-NerdFetch,text,48
TheLocehiliosan-yadm,text,157
ThePhD-sol2,text,730
TheThirdOne-rars,archives,2
TheThirdOne-rars,missing,1
TheThirdOne-rars,text,111
TheTumultuousUnicornOfDarkness-CPU-X,text,14
Thomas-Tsai-partclone,text,15
ThomasHabets-arping,text,9
ThomasHabets-simple-tpm-pk11,text,67
Tieske-binaryheap.lua,text,107
Tiiffi-mcrcon,text,66
TimothyGu-libilbc,text,364
TimovVeen-harper,text,1
Tinkerforge-brickd,text,114
TkTech-pysimdjson,text,122
Toilal-rebulk,text,42
TokTok-c-toxcore,text,132
TokTok-qTox,text,13
TomWright-dasel,text,31
Tomas-M-iotop,text,71
TooTallNate-Java-WebSocket,text,171
ToruNiina-toml11,text,125
TotallyLeGIT-doasedit,text,76
TreeRex-rnc-mode,text,10
Trepan-Debuggers-bashdb,text,86
Trepan-Debuggers-remake,text,78
TresysTechnology-selint,text,113
Tripwire-tripwire-open-source,text,1013
TurboVNC-turbovnc,pictures,1
TurboVNC-turbovnc,text,30
Twinside-vim-hoogle,text,16
TypesettingTools-Aegisub,text,14
TypesettingTools-ffi-experiments,text,131
USBGuard-usbguard,text,183
USCiLab-cereal,text,234
Umio-Yasuno-amdgpu_top,text,19
Un1q32-pfetch,text,42
Unidata-netcdf-cxx4,text,112
Unidata-netcdf-fortran,binary,1
Unidata-netcdf-fortran,pictures,8
Unidata-netcdf-fortran,text,104
Unity-Technologies-qstat,text,13
ValveSoftware-gamescope,text,13
ValveSoftware-openvr,binary,620
ValveSoftware-openvr,pictures,33
ValveSoftware-openvr,text,487
ValveSoftware-steam-devices,text,47
ValveSoftware-wine,text,9
VcDevel-Vc,text,68
VeNoMouS-cloudscraper,binary,26
VeNoMouS-cloudscraper,text,208
VectorCamp-vectorscan,text,80
VirtualGL-virtualgl,binary,1
VirtualGL-virtualgl,text,468
VirtusLab-git-machete,text,27
VirusTotal-yara-x,pictures,2
VirusTotal-yara-x,text,90
Vladimir-csp-uwsm,text,35
Waffle-waffle,text,11
Wargus-stratagus,missing,1
Wargus-stratagus,text,121
Wargus-war1gus,pictures,13
Wargus-war1gus,text,52
Wargus-wargus,missing,1
Wargus-wargus,text,139
WayfireWM-wayfire,text,15
WayfireWM-wayfire-plugins-extra,text,75
WayfireWM-wcm,missing,2
WayfireWM-wcm,pictures,8
WayfireWM-wcm,text,85
WayfireWM-wf-config,text,107
WayfireWM-wf-shell,text,12
WebAssembly-wabt,text,154
WerWolv-ImHex,text,12
WestHealth-pyvis,pictures,2
WestHealth-pyvis,text,166
Whissi-elicense,text,10
Whonix-kloak,text,18
WhyNotHugo-darkman,missing,11
WhyNotHugo-darkman,text,94
WiVRn-WiVRn,text,17
WickedSmoke-evolvotron,pictures,3
WickedSmoke-evolvotron,text,122
Wilfred-cask-mode,pictures,1
Wilfred-cask-mode,text,57
Wilfred-difftastic,text,60
Wilfred-ht.el,text,75
WillDaSilva-flit_scm,text,28
WillPower3309-swayfx,text,31
Winetricks-winetricks,text,9
WoLpH-portalocker,text,28
WoeUSB-WoeUSB-ng,catalogs,7
WoeUSB-WoeUSB-ng,pictures,8
WoeUSB-WoeUSB-ng,text,64
WolfgangMehner-perl-support,documents,6
WolfgangMehner-perl-support,text,185
WordPress-WordPress.git,fonts,16
WordPress-WordPress.git,text,44
XAMPPRocky-tokei,text,61
XEphem-XEphem,binary,2
XEphem-XEphem,pictures,1
XEphem-XEphem,text,49
XMLTV-xmltv,binary,3
XMLTV-xmltv,text,68
XQF-xqf,missing,1
XQF-xqf,text,99
XVilka-set_opacity,text,14
Xastir-Xastir,text,22
XboxDev-extract-xiso,binary,4
XboxDev-extract-xiso,text,235
Xenoveritas-abuse,archives,1
Xenoveritas-abuse,binary,133
Xenoveritas-abuse,pictures,1
Xenoveritas-abuse,text,234
Xfennec-progress,text,57
Xpra-org-xpra-html5,text,2
Xubuntu-lightdm-gtk-greeter,text,67
Xubuntu-lightdm-gtk-greeter-settings,text,45
Xuyuanp-nerdtree-git-plugin,text,79
YJesus-Unhide,text,138
YaLTeR-niri,text,33
YafaRay-libYafaRay,binary,6
YafaRay-libYafaRay,pictures,6
YafaRay-libYafaRay,text,445
Yelp-dumb-init,text,99
Yelp-ephemeral-port-reserve,text,41
Yelp-swagger_spec_validator,text,136
Yeraze-ytnef,binary,1
Yeraze-ytnef,text,64
Yevgnen-ivy-rich,pictures,2
Yevgnen-ivy-rich,text,57
Yoshimi-yoshimi,archives,6
Yoshimi-yoshimi,pictures,6
Yoshimi-yoshimi,text,91
YosysHQ-yosys,missing,2
YosysHQ-yosys,text,70
Yubico-libfido2,text,9
Yubico-python-fido2,text,1
Yubico-yubico-pam,text,74
Yubico-yubikey-personalization,text,74
Yubico-yubioath-flutter,text,171
Z3Prover-z3,text,9
ZDoom-ZMusic,binary,4
ZDoom-ZMusic,pictures,1
ZDoom-ZMusic,text,591
ZDoom-acc,text,81
ZachGoldberg-Perl-Proc-Monitor-PProcM,text,8
Zeus-Deus-gazelle-tui,pictures,2
Zeus-Deus-gazelle-tui,text,68
Zuzu-Typ-PyGLM,missing,3
Zuzu-Typ-PyGLM,text,466
Zygo-bees,text,43
a-sassmannshausen-guile-config,text,83
a-sassmannshausen-guile-hall,text,130
a-wai-flashlight,text,30
a13xp0p0v-kernel-hardening-checker,text,54
aabc-ipt-netflow,text,90
aajanki-yle-dl,text,10
aanatoly-fbpanel,binary,1
aanatoly-fbpanel,catalogs,2
aanatoly-fbpanel,pictures,56
aanatoly-fbpanel,text,282
aantron-lambdasoup,pictures,1
aantron-lambdasoup,text,86
aantron-luv,missing,1
aantron-luv,text,280
aantron-markup.ml,text,121
aardappel-treesheets,text,21
aarond10-https_dns_proxy,text,143
abacus-gene-paml,archives,1
abacus-gene-paml,binary,41
abacus-gene-paml,documents,26
abacus-gene-paml,missing,1
abacus-gene-paml,text,389
abba23-spotify-adblock,text,50
abego-treelayout,archives,1
abego-treelayout,documents,1
abego-treelayout,pictures,10
abego-treelayout,text,151
abenz1267-walker,text,19
abishekvashok-cmatrix,text,70
abo-abo-ace-window,text,52
abo-abo-avy,text,50
abo-abo-hydra,text,61
abo-abo-swiper,text,95
aboutcode-org-license-expression,text,121
aboutcode-org-python-publicsuffix2,text,116
abs-lang-abs,binary,10
abs-lang-abs,pictures,13
abs-lang-abs,text,598
abseil-abseil-cpp,text,35
abseil-abseil-py,text,13
acaudwell-Gource,missing,12
acaudwell-Gource,pictures,3
acaudwell-Gource,text,127
acaudwell-Logstalgia,fonts,2
acaudwell-Logstalgia,missing,10
acaudwell-Logstalgia,text,139
accellera-official-systemc,text,133
accounts-sso-accounts-qml-module,text,137
accounts-sso-libaccounts-glib,text,195
accounts-sso-libaccounts-qt,text,129
accounts-sso-signon-plugin-oauth2,text,94
accounts-sso-signon-ui,text,82
accounts-sso-signond,missing,1
accounts-sso-signond,text,133
acerion-cwdaemon,text,81
acfbuerger-fig2sxd,archives,20
acfbuerger-fig2sxd,binary,5
acfbuerger-fig2sxd,documents,1
acfbuerger-fig2sxd,pictures,1
acfbuerger-fig2sxd,text,135
acl2-acl2,text,36
acmesh-official-acme.sh,text,38
acoustid-chromaprint,binary,1
acoustid-chromaprint,text,467
acpica-acpica,binary,3
acpica-acpica,text,77
acrisci-playerctl,text,95
ada-url-ada,text,15
adah1972-libunibreak,text,51
adamchainz-django-browser-reload,text,55
adamchainz-django-cors-headers,text,42
adamchainz-time-machine,text,20
adapta-project-adapta-gtk-theme,archives,3
adapta-project-adapta-gtk-theme,binary,2
adapta-project-adapta-gtk-theme,missing,54
adapta-project-adapta-gtk-theme,pictures,10
adapta-project-adapta-gtk-theme,text,608
adaptivecomputing-torque,text,190
adflib-ADFlib,binary,1
adflib-ADFlib,text,43
adnanh-webhook,text,673
adnano-wmenu,text,126
adobe-fonts-source-code-pro,failed:fonts,42
adobe-fonts-source-code-pro,fonts,645
adobe-fonts-source-code-pro,text,54
adobe-fonts-source-han-mono,archives,1
adobe-fonts-source-han-mono,binary,210
adobe-fonts-source-han-mono,documents,18
adobe-fonts-source-han-mono,fonts,210
adobe-fonts-source-han-mono,text,475
adobe-fonts-source-sans,failed:fonts,24
adobe-fonts-source-sans,fonts,797
adobe-fonts-source-sans,text,49
adobe-fonts-source-serif,failed:fonts,12
adobe-fonts-source-serif,fonts,1240
adobe-fonts-source-serif,text,76
adrianlopezroche-fdupes,text,139
adrienverge-openfortivpn,text,72
adulau-ssldump,text,29
aebrahim-pidgin-gnome-keyring,binary,2
aebrahim-pidgin-gnome-keyring,text,60
aerospike-community-amc,archives,3
aerospike-community-amc,binary,8
aerospike-community-amc,missing,2
aerospike-community-amc,pictures,1
aerospike-community-amc,text,2882
agalakhov-xiccd,text,158
agl-jbig2enc,text,11
agmartin-linuxdoc-tools,binary,22
agmartin-linuxdoc-tools,text,101
agordon-fastx_toolkit,pictures,1
agordon-fastx_toolkit,text,424
aguinet-usbtop,text,1099
ahmetb-kubectx,text,25
ahodesuka-ahoviewer,text,192
ahrefs-atd,text,80
ahupp-python-magic,binary,1
ahupp-python-magic,text,67
ahyatt-emacs-websocket,text,65
ai-autoprefixer-rails,text,105
aide-aide,binary,2
aide-aide,text,142
aio-libs-aiohappyeyeballs,text,8
aio-libs-aiohttp-cors,text,26
aio-libs-aiosignal,text,9
aio-libs-async-lru,text,17
aio-libs-frozenlist,text,12
aio-libs-multidict,text,12
aiq-basexx,text,93
airblade-vim-gitgutter,text,56
aircrack-ng-aircrack-ng,text,57
airdcpp-web-airdcpp-webclient,binary,1
airdcpp-web-airdcpp-webclient,text,235
airspy-airspyhf,text,71
airspy-host,text,79
aitjcize-cppman,binary,1
aitjcize-cppman,text,14
ajaiantilal-i7z,binary,5
ajaiantilal-i7z,text,147
ajc-nginx-mode,text,37
ajeetdsouza-zoxide,text,9
ajs124-abootimg,text,64
akater-emacs-ebuild-run-mode,text,29
akermu-emacs-libvterm,text,56
akheron-jansson,text,120
akhuettel-engauge-digitizer,text,339
akib-emacs-eat,binary,16
akib-emacs-eat,text,68
akicho8-string-inflection,text,82
akihe-radamsa,text,118
akkuscm-akku,text,182
aklajnert-pytest-subprocess,text,83
akopytov-sysbench,text,517
alacritty-alacritty,text,77
alainfrisch-ppx_tools,text,155
alanhamlett-readtime,text,84
alanxz-rabbitmq-c,text,38
alastair-python-musicbrainzngs,text,104
alecthomas-voluptuous,text,101
alemart-opensurge,text,16
alemart-surgescript,pictures,3
alemart-surgescript,text,20
alembic-alembic,binary,5
alembic-alembic,text,189
alerque-libertinus,documents,1
alerque-libertinus,text,144
alevt-alevt,archives,2
alevt-alevt,binary,47
alevt-alevt,text,259
alex-courtis-way-displays,text,12
alex-courtis-wideriver,text,235
alex-pretend,text,82
alex-rply,text,78
alex1701c-krunner-vscodeprojects,text,101
alexandervdm-gummi,pictures,3
alexandervdm-gummi,text,116
alexclear-ZoL-munin-plugin,text,6
alexdobin-STAR,binary,36
alexdobin-STAR,documents,5
alexdobin-STAR,text,170
alexkay-spek,pictures,14
alexkay-spek,text,283
alexmojaki-executing,text,129
alexpasmantier-television,pictures,1
alexpasmantier-television,text,14
alexpevzner-sane-airscan,text,36
alezost-bui.el,text,55
aliceinwire-tiobench,binary,4
aliceinwire-tiobench,text,87
aligrudi-fbpdf,text,78
alobbs-macchanger,binary,2
alobbs-macchanger,text,108
alols-xcape,text,15
alonbl-gnupg-pkcs11-scd,text,100
alonbl-mp3unicode,text,86
alonbl-pkcs11-data,text,16
alonbl-pkcs11-dump,text,24
alopatindev-qdevicemonitor,binary,1
alopatindev-qdevicemonitor,pictures,3
alopatindev-qdevicemonitor,text,136
alpha22jp-atomic-chrome,text,54
alphapapa-burly.el,text,95
alphapapa-plz.el,text,74
alphapapa-ts.el,text,75
alsaplayer-alsaplayer,binary,2
alsaplayer-alsaplayer,catalogs,8
alsaplayer-alsaplayer,pictures,1
alsaplayer-alsaplayer,text,200
altdesktop-python-dbus-next,text,157
alteholz-mdns-scan,text,18
alvatip-Neonly,cursors,172
alvatip-Neonly,pictures,454
alvatip-Neonly,text,204
alvr-org-ALVR,text,51
alyptik-cepl,text,93
amadvance-advancecomp,text,198
amadvance-advancemame,binary,3
amadvance-advancemame,text,56
amadvance-snapraid,text,34
amanusk-s-tui,text,42
amavis-amavis,text,111
ambientsound-pms,text,154
amietn-vcsi,text,72
amireh-lua_cliargs,text,215
ammar-regexp_parser,text,269
ammen99-wf-recorder,text,86
ammgws-autotiling-rs,text,40
amnezia-vpn-amneziawg-linux-kernel-module,text,100
amnezia-vpn-amneziawg-tools,text,200
amonakov-guildmaster,text,13
amonakov-primus,text,58
ampache-browser-ampache_browser,text,176
ampas-CTL,binary,1
ampas-CTL,text,181
ampl-asl,text,216
amsehili-auditok,text,13
amsynth-amsynth,text,2
amueller-word_cloud,text,82
amykyta3-tclpython,text,127
amzn-amzn-drivers,text,31
an-tao-trantor,text,40
anakryiko-btfdump,text,74
analogdevicesinc-gr-scopy,missing,7
analogdevicesinc-gr-scopy,text,105
analogdevicesinc-libad9361-iio,binary,1
analogdevicesinc-libad9361-iio,text,64
analogdevicesinc-libiio,text,37
ananicy-cpp-ananicy-cpp,text,94
anchore-grype,text,31
anchore-syft,text,23
andmarti1424-sc-im,text,187
andras-simonyi-citeproc-el,text,79
andreafrancia-trash-cli,text,30
andreax79-python-cstruct,text,148
andrenth-ocaml-stdint,text,169
andrew-bibb-cmst,text,62
andrewrk-libsoundio,text,64
andrewrk-poop,text,60
andrewyng-aisuite,binary,1
andrewyng-aisuite,text,219
angband-angband,text,28
angelofallars-treefetch,text,68
anholt-libepoxy,text,78
ani6al-arc,text,94
animetosho-par2cmdline-turbo,text,72
anishathalye-dotbot,text,171
ankitects-linkcheck,text,76
anope-anope,text,103
anrieff-libcpuid,archives,67
anrieff-libcpuid,binary,74
anrieff-libcpuid,text,322
ansible-ansible.git,text,2
ansilove-ansilove,text,146
ansilove-libansilove,text,319
anthwlock-untrunc,text,52
antirez-hping,binary,71
antirez-hping,pictures,3
antirez-hping,text,154
antlr-antlr3,text,394
antlr-antlr4,text,834
antlr-stringtemplate3,pictures,1
antlr-stringtemplate3,text,118
antonj-Highlight-Indentation-for-Emacs,text,47
antonj-scss-mode,text,27
antonmedv-fx,text,11
any1-aml,text,82
any1-neatvnc,text,13
any1-wayvnc,text,17
any1-wlvncc,missing,4
any1-wlvncc,text,122
anyc-pmtools,binary,2
anyc-pmtools,text,45
aome510-spotify-player,text,40
ap-vim-css-color,text,77
apache-echarts.git,text,103
apache-superset.git,pictures,1
apache-superset.git,text,19
apache-thrift,text,13
apache-velocity-engine,text,168
apankrat-bff,text,22
apenwarr-netselect,binary,12
apenwarr-netselect,text,117
apenwarr-redo,missing,1
apenwarr-redo,text,170
aperezdc-lua-wcwidth,text,82
aperezdc-ngx-fancyindex,text,78
aperezdc-signify,text,77
apertium-apertium,text,130
apertium-lttoolbox,text,152
apiguardian-team-apiguardian,text,11
apitrace-apitrace,missing,8
apitrace-apitrace,text,40
apjanke-ronn-ng,text,109
apngasm-apngasm,text,160
apognu-tuigreet,text,26
apparmor-apparmor,text,32
apple-ccs-pykerberos,text,87
apple-oss-distributions-xar,binary,2
apple-oss-distributions-xar,text,357
apple-swift-argument-parser,text,47
apple-swift-corelibs-libdispatch,text,75
appneta-tcpreplay,binary,64
appneta-tcpreplay,text,243
apptainer-apptainer,text,33
aquasecurity-docker-bench,text,99
aquasecurity-kube-bench,text,19
aquasecurity-trivy,text,57
ar--incron,text,116
arachsys-containers,text,102
aranym-aranym,binary,2
aranym-aranym,text,122
arborx-ArborX,text,42
archiecobbs-s3backer,text,105
archlinux-arch-install-scripts,text,78
arctic-fox-spectator,text,107
arduino-Arduino,archives,16
arduino-Arduino,binary,23
arduino-Arduino,documents,1
arduino-Arduino,text,260
arduino-arduino-builder,text,84
arduino-arduino-cli,text,61
arduino-ctags,binary,2
arduino-ctags,text,167
arduino-listSerialPortsC,missing,10
arduino-listSerialPortsC,text,38
aresch-rencode,text,75
argtable-argtable3,archives,6
argtable-argtable3,binary,9
argtable-argtable3,text,90
aria2-aria2,catalogs,20
aria2-aria2,text,146
arighi-virtme-ng,text,17
arineng-rwhoisd,binary,1
arineng-rwhoisd,text,303
aristocratos-bashtop,pictures,1
aristocratos-bashtop,text,71
aristocratos-bpytop,text,81
aristocratos-btop,text,25
arkq-bluez-alsa,text,368
arminbiere-cadical,text,37
arminbiere-kissat,text,784
arno-iptables-firewall-aif,binary,1
arno-iptables-firewall-aif,text,101
arq5x-bedtools2,archives,2
arq5x-bedtools2,pictures,1
arq5x-bedtools2,text,97
arsv-u2ps,text,92
artempyanykh-marksman,text,103
artemsen-pipewalker,binary,13
artemsen-pipewalker,pictures,21
artemsen-pipewalker,text,342
artemsen-swayimg,text,23
artemsen-swaykbdd,text,61
artizirk-wdisplays,pictures,2
artizirk-wdisplays,text,124
artyom-poptsov-guile-ssh,text,11
aruiz-webp-pixbuf-loader,pictures,5
aruiz-webp-pixbuf-loader,text,83
arun11299-cpp-jwt,binary,1
arun11299-cpp-jwt,text,102
arut-nginx-dav-ext-module,text,52
arut-nginx-rtmp-module,text,75
arvidn-libtorrent,missing,1
arvidn-libtorrent,text,25
arvydas-blinkstick-ruby,text,23
arximboldi-immer,missing,2
arximboldi-immer,text,268
arximboldi-lager,fonts,2
arximboldi-lager,text,96
arximboldi-zug,binary,1
arximboldi-zug,text,78
ascii-boxes-boxes,missing,1
ascii-boxes-boxes,pictures,1
ascii-boxes-boxes,text,166
asciidoc-py-asciidoc-py,binary,1
asciidoc-py-asciidoc-py,pictures,1
asciidoc-py-asciidoc-py,text,197
asciidoctor-asciidoctor,text,67
asciidoctor-asciidoctor-diagram,text,1
asciinema-agg,text,11
asciinema-asciinema,text,9
aseprite-aseprite,missing,2
aseprite-aseprite,text,21
ashaduri-gsmartcontrol,text,110
ashinn-chibi-scheme,text,19
ashvardanian-SimSIMD,text,15
asmjit-asmjit,text,1008
asottile-cfgv,text,58
asottile-pyupgrade,text,32
asottile-re-assert,text,44
asottile-tokenize-rt,text,50
asottile-ukkonen,text,39
assaultcube-AC,binary,120
assaultcube-AC,text,106
assertj-assertj,text,21
assertj-assertj-core,text,21
assimp-assimp,text,45
astanin-python-tabulate,text,24
astrada-gapi-ocaml,text,398
astrada-google-drive-ocamlfuse,text,9
astrada-ocamlfuse,text,128
astral-sh-lsp-types,text,92
astral-sh-rye,text,139
astral-sh-sigstore-models,text,77
astral-sh-uv,text,17
astrand-xclip,text,99
astroband-ruby-xdr,text,195
astromatic-scamp,text,185
astromatic-swarp,documents,1
astromatic-swarp,text,228
atar-axis-xpadneo,text,13
atari800-atari800,text,9
atelier-anchor-smiley-sans,documents,3
atelier-anchor-smiley-sans,text,15481
atheme-atheme,binary,4
atheme-atheme,missing,1
atheme-atheme,text,102
atheme-libmowgli-2,text,236
athena-framework-negotiation,text,123
athena-framework-spec,text,101
atj-ssh-askpass-fullscreen,text,39
atlas-engineer-nyxt,missing,1
atlas-engineer-nyxt,text,56
atomicobject-heatshrink,text,68
atsb-dav-text,archives,3
atsb-dav-text,text,100
atsb-xmltoman,archives,4
atsb-xmltoman,text,21
atuinsh-atuin,text,19
atx-wtype,text,62
audacity-audacity,missing,2
audacity-audacity,text,181
aunkrig-commons,binary,1
aunkrig-commons,text,220
aunkrig-jdisasm,binary,1
aunkrig-jdisasm,text,71
aureliojargas-txt2regex,text,82
austinhaas-actionscript-mode,text,21
authlib-authlib,text,65
auto-complete-auto-complete,text,65
auto-complete-popup-el,text,55
autotest-autotest,text,284
avakar-pycson,text,136
avakar-speg,text,65
avery42-delfin,missing,2
avery42-delfin,text,281
avrdudes-avrdude,text,1
avsaase-walksnail-osd-tool,text,181
avsm-ocaml-yaml,text,136
awesomeWM-awesome-releases,archives,173
awesomeWM-awesome-releases,text,8
awesomized-libmemcached,text,162
aws-aws-cli,text,130
aws-aws-sdk-cpp,text,2618
aws-aws-xray-sdk-python,text,141
aws-s2n-tls,text,62
aws-serverless-application-model,text,429
aws-session-manager-plugin,binary,19
aws-session-manager-plugin,missing,72
aws-session-manager-plugin,text,14114
awslabs-aws-c-auth,text,162
awslabs-aws-c-cal,text,141
awslabs-aws-c-common,text,111
awslabs-aws-c-compression,text,99
awslabs-aws-c-event-stream,binary,2
awslabs-aws-c-event-stream,pictures,1
awslabs-aws-c-event-stream,text,77
awslabs-aws-c-http,text,115
awslabs-aws-c-io,text,43
awslabs-aws-c-mqtt,text,87
awslabs-aws-c-s3,text,52
awslabs-aws-c-sdkutils,text,116
awslabs-aws-checksums,text,114
awslabs-aws-crt-cpp,missing,17
awslabs-aws-crt-cpp,text,11
awslabs-s2n,text,62
awth13-org-appear,pictures,1
awth13-org-appear,text,51
axboe-liburing,text,15
axel-download-accelerator-axel,text,29
axw-gocov,text,96
aya-rs-bpf-linker,text,32
ayushnix-tessen,text,59
azahar-emu-azahar,text,31
azelpg-azpainter,binary,45
azelpg-azpainter,pictures,277
azelpg-azpainter,text,3954
babelouest-orcania,text,73
babelouest-ulfius,text,80
babelouest-yder,text,85
backtracking-ocaml-hashcons,binary,1
backtracking-ocaml-hashcons,text,88
backtracking-ocamlgraph,binary,1
backtracking-ocamlgraph,text,120
backtracking-ptmap,text,79
backuppc-backuppc,text,112
backuppc-rsync-bpc,text,93
badaix-aixlog,text,79
badaix-popl,text,78
badaix-snapcast,text,39
badmotorfinger-z,text,50
baduhai-Koi,missing,2
baduhai-Koi,pictures,4
baduhai-Koi,text,326
balabit-syslog-ng,text,102
baldurk-renderdoc,text,12
balena-io-etcher,binary,8
balena-io-etcher,text,193
bambulab-BambuStudio,binary,1
bambulab-BambuStudio,text,9
bammv-sguil,pictures,1
bammv-sguil,text,149
band-a-prend-gentoo-overlay,text,123
banister-binding_of_caller,text,127
banister-debug_inspector,missing,3
banister-debug_inspector,text,93
barak-vobcopy,binary,13
barak-vobcopy,text,24
bareos-bareos,text,52
baresip-baresip,text,33
baresip-re,text,17
barnybug-cli53,text,3098
barrust-pyspellchecker,archives,28
barrust-pyspellchecker,binary,1
barrust-pyspellchecker,fonts,5
barrust-pyspellchecker,text,119
bartbes-inifile,text,25
bartobri-no-more-secrets,text,63
baruch-gpart,text,117
baskerville-bspwm,text,104
baskerville-sxhkd,text,112
baskerville-xdo,text,112
bassdr-alsaequal,text,48
bastibe-org-static-blog,text,60
bastibl-gr-ieee802-15-4,text,453
bastibl-gr-rds,binary,18
bastibl-gr-rds,text,168
bastien-roucaries-latex-pax,archives,2
bastien-roucaries-latex-pax,missing,13
bastien-roucaries-latex-pax,text,37
bastikr-boolean.py,text,88
baszoetekouw-pinfo,binary,1
baszoetekouw-pinfo,text,98
bats-core-bats-assert,text,105
bats-core-bats-core,text,134
bats-core-bats-support,text,88
bayasdev-envycontrol,text,60
bazelbuild-bazelisk,text,60
bazelbuild-buildtools,missing,2
bazelbuild-buildtools,text,15
bazelbuild-emacs-bazel-mode,text,12
bbangert-routes,text,94
bbatsov-crux,text,57
bbatsov-projectile,text,14
bbatsov-zenburn-emacs,text,11
bbidulock-bbkeys,text,152
bbidulock-blackboxwm,text,235
bbidulock-icewm-extra-themes,archives,1
bbidulock-icewm-extra-themes,binary,31
bbidulock-icewm-extra-themes,failed:pictures,1
bbidulock-icewm-extra-themes,pictures,34
bbidulock-icewm-extra-themes,text,4177
bbidulock-wmblob,binary,4
bbidulock-wmblob,pictures,1
bbidulock-wmblob,text,29
bbidulock-wmnetload,text,35
bbidulock-wmpinboard,text,57
bbidulock-wmsystray,text,22
bbidulock-wmtimer,binary,1
bbidulock-wmtimer,text,13
bblimke-webmock,text,106
bbonev-dhcpdump,text,7
bcgit-bc-java,text,14
bcgsc-abyss,archives,3
bcgsc-abyss,binary,2
bcgsc-abyss,documents,1
bcgsc-abyss,pictures,1
bcgsc-abyss,text,1032
bcicen-ctop,text,76
bcl-digitemp,binary,1
bcl-digitemp,text,100
bcpierce00-unison,documents,1
bcpierce00-unison,pictures,7
bcpierce00-unison,text,70
bcrypt-ruby-bcrypt-ruby,text,62
bcsthsc-overlay-emerge-tool,text,92
bcwaldon-warlock,text,84
bderrly-braincurses,missing,3
bderrly-braincurses,text,92
bdurand-lumberjack,pictures,1
bdurand-lumberjack,text,207
bdwgc-libatomic_ops,text,67
beanbaginc-diffx,text,154
beancount-beancount,text,7
beandog-dvd_info,text,17
beanshell-beanshell,missing,2
beanshell-beanshell,text,166
beanstalkd-beanstalkd,text,110
bear-parsedatetime,text,130
beatussum-save-backlight,text,21
beetbox-beets,text,36
beetbox-mediafile,text,126
belluzj-fantasque-sans,pictures,1
belluzj-fantasque-sans,text,6049
beltoforion-muparser,text,38
beltoforion-muparserx,binary,3
beltoforion-muparserx,text,239
bemasher-rtlamr,pictures,4
bemasher-rtlamr,text,76
ben-manes-concurrentlinkedhashmap,archives,1
ben-manes-concurrentlinkedhashmap,text,169
benfred-py-spy,text,90
benhoyt-goawk,binary,1
benhoyt-goawk,text,52
benhoyt-inih,text,151
benjamimgois-goverlay,pictures,2
benjamimgois-goverlay,text,13
benmcollins-libjwt,text,18
benmwebb-dopewars,binary,4
benmwebb-dopewars,text,194
bennya-shrink-path.el,text,60
benoitc-erlang-idna,text,105
benoitc-gunicorn,text,33
bensadeh-tailspin,text,15
bergmeister-posh-dotnet,pictures,2
bergmeister-posh-dotnet,text,52
berkeley-abc-abc,text,42
berlincode-sjcl,text,50
berndporr-iir1,documents,146
berndporr-iir1,pictures,83
berndporr-iir1,text,860
beschulz-wav2json,binary,8
beschulz-wav2json,text,72
bestouff-genext2fs,text,81
betamaxpy-betamax_matchers,text,57
betterlockscreen-betterlockscreen,text,77
bfgroup-b2,text,17
bfrg-vim-jq,text,27
bgloyer-netrek-client-brmh,text,264
bgloyer-pacvis,text,103
bgoglin-llgal,binary,25
bgoglin-llgal,text,85
bgoglin-lltag,text,104
bgp-bgpq4,text,89
bh11-crisp,binary,2
bh11-crisp,pictures,1
bh11-crisp,text,160
bh11-irredsol,binary,387
bh11-irredsol,text,1389
bhaak-vilistextum,binary,16
bhaak-vilistextum,text,145
bibletime-bibletime,text,68
bigbass1997-NotEnoughProduction,archives,1
bigbass1997-NotEnoughProduction,fonts,2
bigbass1997-NotEnoughProduction,pictures,13
bigbass1997-NotEnoughProduction,text,173
bingmann-pmbw,text,95
bingmann-sound-of-sorting,text,169
biojppm-rapidyaml,text,90
bit-team-backintime,pictures,24
bit-team-backintime,text,142
bitcoin-bitcoin,text,81
bitcoin-core-secp256k1,text,95
bitcoin-libblkmaker,text,63
bitlbee-bitlbee-facebook,text,78
bitlbee-bitlbee-steam,text,137
bitnami-labs-sealed-secrets,text,20
bitprophet-pytest-relaxed,text,85
bitstrings-junit-clptr,text,53
bitwarden-clients,text,48
bjoluc-pytest-reraise,text,98
bk138-gromit-mpx,missing,1
bk138-gromit-mpx,pictures,3
bk138-gromit-mpx,text,59
blablack-ams-lv2,binary,6
blablack-ams-lv2,text,981
blackhole89-notekit,pictures,4
blackhole89-notekit,text,162
blahgeek-emacs-lsp-booster,text,94
blais-xxdiff,binary,1
blais-xxdiff,text,266
blambright-qstylizer,text,69
blissd-fotema,text,33
blitmap-lua-utf8-simple,text,28
blizzard4591-qt5-sqlcipher,text,418
blogc-blogc,text,300
bloomberg-clang-p2996,text,3
bloomreach-s4cmd,text,66
blopker-codebook,text,62
blueman-project-blueman,text,52
bluesabre-menulibre,text,94
bluesabre-mugshot,text,39
bmc-daemonize,text,114
bmc-munkres,text,83
bndtools-bnd,text,30
bo0ts-ddate,text,32
bochs-emu-Bochs,text,11
bodrovis-faraday-gzip,text,97
bolero-MURAKAMI-Sprout,binary,51
bolero-MURAKAMI-Sprout,text,8658
bolsote-isoduration,text,126
boogie-org-boogie,text,80
boogie-org-boogie-friends,text,62
boogie-org-coco,text,18
bookingcom-carbonapi,binary,2
bookingcom-carbonapi,text,1514
bootandy-dust,text,36
bootchk-resynthesizer,text,151
borgmatic-collective-borgmatic,text,21
boto-boto3,text,217
boto-botocore,text,184
bouncepaw-mycorrhiza,pictures,1
bouncepaw-mycorrhiza,text,266
boxdot-gurk-rs,text,31
boysetsfrog-vimpc,pictures,2
boysetsfrog-vimpc,text,103
boyter-scc,text,287
bpftrace-bpftrace,text,57
br101-horst,missing,11
br101-horst,text,71
brailcom-speechd,text,187
brailcom-speechd-el,binary,1
brailcom-speechd-el,text,111
brain-workshop-brainworkshop,text,56
brainboxdotcc-DPP,missing,1
brainboxdotcc-DPP,text,18
braintree-braintree_python,text,638
brandon-rhodes-pyephem,text,84
brandon-rhodes-python-jplephem,binary,1
brandon-rhodes-python-jplephem,text,82
brandond-poolmon,text,47
brandt-symlinks,text,22
brandur-json_schema,text,91
brauner-mount-idmapped,text,40
breathe-doc-breathe,text,173
breezy-team-breezy,text,902
breezy-team-merge3,text,55
brendangregg-FlameGraph,text,73
brendon-acts_as_list,text,136
brettbode-wxmacmolplt,binary,5
brettbode-wxmacmolplt,pictures,1
brettbode-wxmacmolplt,text,239
brettwooldridge-SparseBitSet,documents,1
brettwooldridge-SparseBitSet,text,51
brezerk-q4wine,pictures,1
brezerk-q4wine,text,685
brianmario-charlock_holmes,text,69
brianmario-mysql2,text,22
brimworks-lua-zlib,text,68
brinkervii-grapejuice,pictures,9
brinkervii-grapejuice,text,170
brndnmtthws-conky,text,25
brocode-fblog,text,73
brofield-simpleini,binary,2
brofield-simpleini,text,80
brookiestein-BtScreenLocker,catalogs,7
brookiestein-BtScreenLocker,missing,5
brookiestein-BtScreenLocker,pictures,2
brookiestein-BtScreenLocker,text,139
brookiestein-QBitMPlayer,catalogs,23
brookiestein-QBitMPlayer,text,241
brookiestein-portagecfg,catalogs,8
brookiestein-portagecfg,pictures,10
brookiestein-portagecfg,text,96
browse-kill-ring-browse-kill-ring,text,71
browserpass-browserpass-native,text,92
browsh-org-browsh,text,192
brummer10-guitarix,binary,1
brummer10-guitarix,text,378
brunonymous-tecnoballz,binary,71
brunonymous-tecnoballz,pictures,106
brunonymous-tecnoballz,text,751
brunoos-luasec,text,201
bryanp-llhttp,text,89
bsd-ac-imsg-compat,text,69
bskinn-sphobjinv,text,104
bskinn-stdio-mgr,text,101
bstansell-conserver,text,85
btrfs-assistant-btrfs-assistant,text,56
btzy-nativefiledialog-extended,text,96
buddhi1980-mandelbulber2,pictures,1
buddhi1980-mandelbulber2,text,29
bugaevc-wl-clipboard,text,115
bugzilla-limnoria-bugzilla,text,40
bulletmark-libinput-gestures,text,75
bulletphysics-bullet3,text,109
burghardt-clamfs,text,90
burghardt-esekeyd,text,75
buriy-python-readability,text,100
bus1-dbus-broker,text,33
buytenh-ivykis,text,100
buzztaiki-lice-el,text,67
bvschaik-julius,pictures,1
bvschaik-julius,text,89
bw2-ConfigArgParse,text,60
bwalex-tc-play,binary,3
bwalex-tc-play,text,116
bwalle-usbprog-tools,text,166
byrnereese-mkdocs-bootstrap-tables-plugin,text,10
byrnereese-mkdocs-git-committers-plugin,text,65
byrnereese-mkdocs-minify-plugin,text,81
c-amie-analog-ce,archives,4
c-amie-analog-ce,binary,74
c-amie-analog-ce,pictures,5
c-amie-analog-ce,text,699
c-ares-c-ares,binary,1
c-ares-c-ares,text,24
c-blake-cligen,text,15
c-cube-gen,text,16
c-cube-iter,text,136
c-cube-ocaml-containers,text,36
c-cube-ocaml-iostream,text,117
c-cube-qcheck,text,87
c-cube-seq,text,60
c-cube-spelll,text,111
c-cube-tiny_httpd,text,70
c-util-c-siphash,missing,5
c-util-c-siphash,text,88
c-util-c-stdaux,text,75
c3lang-c3c,binary,2
c3lang-c3c,pictures,2
c3lang-c3c,text,19
c4dm-vamp-plugin-sdk,text,138
c9s-perlomni.vim,text,75
cacalabs-libcaca,text,178
cache2k-cache2k,text,260
caddyserver-caddy,text,21
caddyserver-caddy.git,text,19
cage-kiosk-cage,text,39
cake-build-cake,text,217
calamares-calamares,text,107
calf-studio-gear-calf,text,134
calio-iconv-nginx-module,text,63
camdencheek-fre,text,134
camertron-arel-helpers,text,176
camlp4-camlp4,text,120
camlp5-camlp5,text,285
camlp5-pcre2-ocaml,text,149
candlepin-python-iniparse,text,134
cannatag-ldap3,binary,1
cannatag-ldap3,text,256
canonical-cloud-utils,text,65
canonical-dqlite,text,260
canonical-lightdm,text,47
canonical-lxd,text,46
canonical-mir,text,48
canonical-snapd-glib,text,392
cantino-mcfly,text,45
caolanm-libwmf,text,37
capstone-engine-capstone,text,31
carapace-sh-carapace-bin,text,97
carltongibson-django-filter,text,91
carpedm20-emoji,text,180
cask-cask,text,92
cask-epl,text,78
cask-servant,text,72
cask-shut-up,text,65
casouri-eldoc-box,pictures,1
casouri-eldoc-box,text,51
casualsnek-cassowary,pictures,1
casualsnek-cassowary,text,110
catchorg-Catch2,text,38
cathugger-mkp224o,text,190
catppuccin-Kvantum,pictures,13
catppuccin-Kvantum,text,933
catppuccin-btop,pictures,13
catppuccin-btop,text,78
catppuccin-catwalk,binary,3
catppuccin-catwalk,text,85
catppuccin-cursors,archives,143
catppuccin-cursors,pictures,19
catppuccin-cursors,text,38258
catppuccin-nvim,missing,2
catppuccin-nvim,text,35
catppuccin-whiskers,pictures,3
catppuccin-whiskers,text,102
catwell-lua-multipart-post,text,78
causes--nbwmon,binary,2
causes--nbwmon,text,65
cbeust-jcommander,text,200
cburstedde-libsc,text,88
cburstedde-p4est,missing,1
cburstedde-p4est,text,63
cbxbiker61-cdargs,text,58
cc65-cc65,binary,10
cc65-cc65,text,182
ccache-ccache,text,43
cchandler-certificate_authority,text,187
ccpem-mrcfile,text,273
ccsb-scripps-AutoDock-Vina,text,68
cddlib-cddlib,missing,1
cddlib-cddlib,text,154
cdemoulins-pamixer,text,74
cdgriffith-Box,binary,2
cdgriffith-Box,text,486
cdgriffith-puremagic,archives,24
cdgriffith-puremagic,binary,38
cdgriffith-puremagic,documents,1
cdgriffith-puremagic,pictures,8
cdgriffith-puremagic,text,268
cdidier-irssi-xmpp,text,91
cdown-clipmenu,text,25
cdown-clipnotify,text,17
cdrdao-cdrdao,text,39
celery-billiard,text,66
celery-celery,text,35
celery-pytest-celery,text,54
celluloid-player-celluloid,text,157
ceph-gf-complete,documents,2
ceph-gf-complete,pictures,7
ceph-gf-complete,text,143
ceph-jerasure,documents,3
ceph-jerasure,text,261
cern-fts-davix,missing,2
cern-fts-davix,text,133
cernekee-stoken,text,81
certbot-certbot,text,67
cesanta-docker_auth,archives,4
cesanta-docker_auth,text,97
cespedes-ltrace,text,1
cf-natali-ntplib,text,63
cfv-project-cfv,text,92
cgdb-cgdb,text,145
cglib-cglib,text,194
cgohlke-tifffile,text,9
cgreen-devs-cgreen,text,84
ch1bo-flycheck-clang-tidy,text,42
chai2010-protorpc,missing,1
chai2010-protorpc,text,176
chainguard-dev-melange,text,23
chakki-works-seqeval,text,84
chantera-python-lsp-isort,text,62
chaos-genders,text,120
chaos-pdsh,text,106
chaos-scrub,text,183
chardet-chardet,text,49
charliecloud-charliecloud,text,8
charliecloud-main,text,8
charmbracelet-glow,text,12
charmbracelet-pop,text,27
cheat-cheat,missing,22
cheat-cheat,text,2658
checkpoint-restore-criu,text,14
chef-mixlib-config,text,86
chef-mixlib-shellout,text,90
chennes-med,binary,576
chennes-med,pictures,1102
chennes-med,text,12838
chenxiaolong-ipmi-fan-control,text,133
cheshirekow-cmake_format,binary,12
cheshirekow-cmake_format,pictures,4
cheshirekow-cmake_format,text,1757
chewi-amiwm,binary,6
chewi-amiwm,text,135
chewi-mpd-ynca,text,17
chewing-ibus-chewing,text,158
chewing-libchewing,text,10
chexum-genromfs,text,94
chikamichi-mediawiki.vim,text,27
chinstrap-gammastep,text,107
chmln-sd,text,127
chmouel-clipman,text,74
chocolate-doom-chocolate-doom,text,129
choff-anbox-modules,text,109
chris2511-xca,text,95
chrisjsewell-pytest-param-files,text,62
chriskuehl-pygments-ansi-color,text,60
chrislim2888-IP2Location-C-Library,pictures,2
chrislim2888-IP2Location-C-Library,text,152
chriso-bitset,text,97
christgau-wsdd,text,92
christian-korneck-docker-pushrm,text,79
christophgysin-pasystray,failed:pictures,1
christophgysin-pasystray,text,98
chromium-linux-tarballs-chromium-tarballs,text,59
chtd-psycopg2cffi,text,82
chutz-chroot-wrapper,text,33
chutz-mullvad-netns,text,24
ciberandy-qiv,text,159
cifsd-team-ksmbd-tools,text,58
cilium-cilium-cli,text,21
cilium-hubble,text,16
cilynx-rtl88x2bu,text,53
cinemast-libjson-rpc-cpp,text,323
cisco-ChezScheme,text,15
cisco-libsrtp,text,112
cisco-openh264,binary,1
cisco-openh264,text,85
citusdata-citus,text,44
civetweb-civetweb,pictures,2
civetweb-civetweb,text,163
cjheath-treetop,binary,1
cjheath-treetop,pictures,5
cjheath-treetop,text,151
cjlin1-liblinear,binary,28
cjlin1-liblinear,text,67
ckb-next-ckb-next,text,112
ckolivas-interbench,text,20
ckolivas-lrzip,text,11
clMathLibraries-clBLAS,text,437
clangen-musikcube,missing,12
clangen-musikcube,text,438
clarkbox-check_multiple,archives,1
clarkbox-check_multiple,text,33
clarketm-mergedeep,pictures,1
clarketm-mergedeep,text,96
clarkware-jdepend,archives,6
clarkware-jdepend,binary,4
clarkware-jdepend,documents,1
clarkware-jdepend,pictures,4
clarkware-jdepend,text,116
claytonotey-libsbsms,binary,1
claytonotey-libsbsms,text,161
clbr-radeontop,text,112
clearml-clearml,text,18
cli-cli,text,45
click-contrib-click-aliases,text,87
click-contrib-click-default-group,text,61
click-contrib-click-didyoumean,pictures,1
click-contrib-click-didyoumean,text,69
click-contrib-click-help-colors,pictures,15
click-contrib-click-help-colors,text,109
click-contrib-click-repl,text,151
click-contrib-click-threading,text,66
cliftonlabs-json-simple,text,71
climech-grit,pictures,3
climech-grit,text,100
clojure-clojure,text,3
clojure-emacs-cider,text,22
clojure-emacs-clojure-mode,text,13
clojure-emacs-inf-clojure,text,13
clojure-emacs-parseclj,text,112
clojure-emacs-parseedn,text,82
cloudflare-cfssl,binary,3
cloudflare-cfssl,text,2515
cloudflare-cloudflare-python,text,136
cloudflare-cloudflared,text,30
cloudflare-python-cloudflare,text,82
cloudnativelabs-kube-router,text,17
cloudpipe-cloudpickle,binary,47
cloudpipe-cloudpickle,text,136
cloudshark-wireshark-plugin,text,26
clsync-clsync,text,67
cmang-durdraw,archives,3
cmang-durdraw,binary,1
cmang-durdraw,text,62
cmatsuoka-asciiquarium,text,17
cmus-cmus,text,58
cmusatyalab-coda,pictures,2
cmusatyalab-coda,text,341
cniweb-ant-contrib,text,265
coastalwhite-lemurs,text,96
cocodelabs-znc-palaver,text,86
codehaus-plexus-plexus-classworlds,archives,1
codehaus-plexus-plexus-classworlds,text,63
codehaus-qdox,archives,1
codehaus-qdox,binary,19
codehaus-qdox,text,62
codestation-vitamtp,text,103
coelckers-gzdoom,missing,2
coelckers-gzdoom,text,145
coin-or-ADOL-C,text,18
coin-or-Bcp,documents,2
coin-or-Bcp,text,97
coin-or-Bonmin,archives,1
coin-or-Bonmin,text,580
coin-or-CHiPPS-ALPS,archives,1
coin-or-CHiPPS-ALPS,binary,6
coin-or-CHiPPS-ALPS,text,456
coin-or-CHiPPS-BLIS,archives,24
coin-or-CHiPPS-BLIS,binary,4
coin-or-CHiPPS-BLIS,text,321
coin-or-CHiPPS-BiCePS,binary,3
coin-or-CHiPPS-BiCePS,text,394
coin-or-Cbc,text,19
coin-or-Cgl,text,9
coin-or-Clp,text,1
coin-or-CoinMP,archives,1
coin-or-CoinMP,text,129
coin-or-CoinUtils,text,14
coin-or-Couenne,documents,1
coin-or-Couenne,text,1351
coin-or-Dip,text,139
coin-or-DyLP,binary,63
coin-or-DyLP,documents,1
coin-or-DyLP,text,471
coin-or-FlopCpp,binary,2
coin-or-FlopCpp,text,272
coin-or-Ipopt,text,97
coin-or-Osi,text,71
coin-or-SYMPHONY,binary,1
coin-or-SYMPHONY,text,281
coin-or-Smi,text,101
coin-or-Vol,text,109
coin-or-tools-Data-Netlib,text,133
coin-or-tools-Data-Sample,text,136
coin3d-coin,text,114
coin3d-pivy,text,37
coin3d-quarter,missing,3
coin3d-quarter,text,139
coin3d-simage,binary,2
coin3d-simage,missing,2
coin3d-simage,pictures,2
coin3d-simage,text,74
coin3d-soqt,binary,5
coin3d-soqt,missing,7
coin3d-soqt,text,87
coin3d-soxt,binary,3
coin3d-soxt,missing,15
coin3d-soxt,text,84
coldnew-eselect-vala,text,20
coleifer-micawber,text,32
coleifer-peewee,text,16
collectd-collectd,text,64
colobot-colobot,missing,1
colobot-colobot,text,137
colobot-colobot-data,pictures,6
colobot-colobot-data,text,298
com-lihaoyi-mill,text,167
commonmark-cmark,text,41
communi-libcommuni,text,387
company-mode-company-mode,text,20
company-mode-company-quickhelp,text,56
complexlogic-rsgain,text,124
composer-ca-bundle,text,56
composer-metadata-minifier,text,30
composer-semver,text,67
composer-spdx-licenses,text,69
composer-xdebug-handler,text,181
conan-io-conan,text,20
conan-io-python-patch-ng,text,107
concurrencykit-ck,text,1
confluentinc-librdkafka,text,13
confluentinc-libserdes,text,93
conformal-spectrwm,text,93
connorskees-grass,text,150
conserver-conserver,text,94
construct-construct,text,106
containerd-containerd,text,377
containerd-nerdctl,text,32
containernetworking-plugins,binary,1
containernetworking-plugins,text,504
containers-bubblewrap,text,4
containers-buildah,text,594
containers-common,text,961
containers-conmon,text,18
containers-crun,text,20
containers-fuse-overlayfs,text,80
containers-image,binary,12
containers-image,text,112
containers-podman,text,148
containers-podman-compose,text,32
containers-podman-py,text,134
containers-podman-tui,binary,1
containers-podman-tui,text,253
containers-prometheus-podman-exporter,binary,1
containers-prometheus-podman-exporter,text,1985
containers-shortnames,text,49
containers-skopeo,text,813
containers-storage,binary,1
containers-storage,text,1236
contour-terminal-boxed-cpp,text,96
contour-terminal-contour,text,35
contour-terminal-libunicode,text,82
contour-terminal-reflection-cpp,text,83
contourpy-contourpy,text,6
conversant-disruptor,binary,2
conversant-disruptor,text,69
cookiecutter-cookiecutter,text,99
coolercontrol-coolercontrol,text,78
coolreader-ng-crengine-ng,text,46
coolreader-ng-crqt-ng,text,27
coolreader-ng-crwx-ng,pictures,4
coolreader-ng-crwx-ng,text,90
copiousfreetime-hitimes,text,114
copiousfreetime-launchy,text,81
coq-coq,text,234
corectrl-corectrl,text,233
coredns-coredns,failed:pictures,1
coredns-coredns,text,21
coreos-cargo-vendor-filterer,text,124
coreos-clair,text,80
coreruleset-coreruleset,text,12
corosync-corosync,text,54
corrosion-rs-corrosion,missing,1
corrosion-rs-corrosion,text,107
cortex-ripasso,text,144
corydolphin-flask-cors,text,126
cosmos72-detachtty,text,113
cosmos72-fstransform,text,601
coturn-coturn,text,26
coursier-coursier,text,14
coveooss-json-schema-for-humans,text,513
cowsay-org-cowsay,pictures,2
cowsay-org-cowsay,text,186
cowsql-cowsql,pictures,1
cowsql-cowsql,text,225
cowsql-raft,text,113
cowtoolz-webcamize,missing,1
cowtoolz-webcamize,pictures,1
cowtoolz-webcamize,text,83
cpb--spi-tools,text,65
cpitclaudel-alectryon,text,10
cpitclaudel-biblio.el,pictures,1
cpitclaudel-biblio.el,text,102
cpitclaudel-company-coq,text,49
cpptest-cpptest,pictures,3
cpptest-cpptest,text,132
cpputest-cpputest,text,100
cpuguy83-go-md2man,text,88
cracklib-cracklib,text,269
crash-utility-crash,text,16
crate-py-regress,text,12
crawl-crawl,text,9
cri-o-cri-o,text,1137
cronie-crond-cronie,text,74
crosstool-ng-crosstool-ng,text,50
crosswire-xiphos,text,29
cruegge-pam-gnupg,text,66
cryfs-cryfs,archives,1
cryfs-cryfs,binary,1
cryfs-cryfs,text,358
crypto-rb-ed25519,pictures,3
crypto-rb-ed25519,text,130
crypto-rb-x25519,text,123
cryptodev-linux-cryptodev-linux,text,71
crystal-lang-crystal,text,21
crystal-lang-crystal-db,text,134
crystal-lang-crystal-sqlite3,text,115
crystal-lang-shards,text,93
crystal-lang-tools-emacs-crystal-mode,text,54
crystal-loot-exception_page,text,120
crystal-loot-selenium.cr,text,265
crystal-loot-webdrivers.cr,text,109
crystal-loot-webless,text,40
cs01-gdbgui,pictures,1
cs01-gdbgui,text,311
cs01-pygdbmi,binary,10
cs01-pygdbmi,failed:fonts,12
cs01-pygdbmi,fonts,58
cs01-pygdbmi,missing,65
cs01-pygdbmi,pictures,22
cs01-pygdbmi,text,265
csete-gpredict,text,31
csfore-gentodo,text,106
csound-csound,text,126
cspeterson-splatmoji,pictures,1
cspeterson-splatmoji,text,188
ctrlpvim-ctrlp.vim,text,55
cubicle-model-checker-cubicle,text,150
cubocore-libcprime,text,211
cubocore-libcsys,text,160
cucumber-aruba,text,18
cucumber-cucumber-expressions,text,14
cucumber-cucumber-rails,text,34
cucumber-cucumber-ruby,text,36
cucumber-cucumber-ruby-core,text,25
cucumber-gherkin,text,177
cucumber-messages,text,12
cucumber-tag-expressions,pictures,1
cucumber-tag-expressions,text,39
cue-lang-cue,text,22
curl-trurl,text,25
cutechess-cutechess,text,15
cutecom-cutecom,text,91
cutelyaware-magiccube4d,text,118
cvut-qtrvsim,missing,1
cvut-qtrvsim,text,283
cvxopt-cvxopt,binary,13
cvxopt-cvxopt,documents,5
cvxopt-cvxopt,failed:fonts,14
cvxopt-cvxopt,fonts,47
cvxopt-cvxopt,pictures,1655
cvxopt-cvxopt,text,1282
cvzi-mpv-youtube-upnext,pictures,2
cvzi-mpv-youtube-upnext,text,53
cwensley-pablodraw,binary,20
cwensley-pablodraw,pictures,7
cwensley-pablodraw,text,301
cxong-cdogs-sdl,binary,1
cxong-cdogs-sdl,pictures,15
cxong-cdogs-sdl,text,18
cyanfish-naps2,binary,20
cyanfish-naps2,text,174
cyberark-kubeletctl,binary,3
cyberark-kubeletctl,text,67
cyring-CoreFreq,text,16
cyrus-and-gdb-dashboard,text,52
cyrusimap-cyrus-imapd,text,40
cyrusimap-cyrus-sasl,failed:fonts,2
cyrusimap-cyrus-sasl,fonts,16
cyrusimap-cyrus-sasl,text,153
cytoscape-cytoscape,text,51
d11wtq-dockerpty,text,104
da-luce-astroterm,pictures,5
da-luce-astroterm,text,244
dabrahams-initsplit,text,49
dafny-lang-dafny,archives,7
dafny-lang-dafny,text,3
dag-vim2hs,pictures,5
dag-vim2hs,text,76
dagger-dagger,text,24
dagwieers-dstat,binary,3
dagwieers-dstat,text,184
dagwieers-unoconv,text,80
dahlbyk-posh-git,text,70
daid-EmptyEpsilon,text,57
dail8859-NotepadNext,text,14
dajva-rg.el,text,62
dakra-speed-type,text,21
dalance-procs,text,21
dalance-svls,text,29
dalibo-pg_activity,text,95
damiandudycz-catalyst-lab,text,405
dandavison-delta,text,76
dangass-plum,text,631
dani-garcia-bw_web_builds,text,66
dani-garcia-vaultwarden,text,50
danielaparker-jsoncons,binary,3
danielaparker-jsoncons,text,59
danielgtaylor-python-betterproto,text,163
danielrichman-strict-rfc3339,text,45
danielrobbins-keychain,text,16
dankamongmen-notcurses,text,178
danmar-cppcheck,text,36
danobi-btrd,text,86
danpla-dpscreenocr,text,2
danvratil-qcoro,text,81
darkbitsorg-guichan,binary,222
darkbitsorg-guichan,text,155
darkhz-bluetuith,pictures,1
darkhz-bluetuith,text,1289
darkk-redsocks,text,183
darktable-org-darktable,text,11
darold-pgFormatter,text,85
darold-pgbadger,archives,2
darold-pgbadger,text,66
darvid-tudor-volumed,text,19
darylhjd-mangadesk,pictures,5
darylhjd-mangadesk,text,1760
dasbus-project-dasbus,text,172
datadriventests-ddt,text,107
datreeio-datree,pictures,3
datreeio-datree,text,334
daurnimator-fifo.lua,text,63
daurnimator-ldbus,text,139
daurnimator-lpeg_patterns,text,132
daurnimator-lua-http,text,99
daurnimator-lua-psl,text,75
daurnimator-lua-tui,text,54
daurnimator-mmdblua,missing,2
daurnimator-mmdblua,text,46
dave-theunsub-clamtk,archives,3
dave-theunsub-clamtk,text,127
davep-binclock.el,text,10
davep-boxquote.el,text,45
davep-thinks.el,text,9
davep-uptimes.el,text,51
david-christiansen-prop-menu-el,text,12
davidde-mpv-autosub,text,55
daviddrysdale-python-phonenumbers,text,123
davidhalter-jedi,text,87
davidhalter-jedi-vim,missing,12
davidhalter-jedi-vim,text,63
davidhalter-parso,text,91
davidvilla-python-doublex,text,84
davies147-astmanproxy,text,105
davisking-dlib,text,78
davisp-jiffy,text,20
dawbarton-pdf2svg,text,37
dbcli-cli_helpers,text,65
dbcli-pgcli,text,77
dblock-syntax,text,163
dbmail-dbmail,binary,1
dbmail-dbmail,text,38
dbrgn-tealdeer,text,9
dbrock-bongo,text,52
dbrock-zenburn-el,text,32
dbry-WavPack,text,10
dbuenzli-cmarkit,text,165
dbuenzli-topkg,text,378
dbuenzli-uuidm,text,142
dbuenzli-uuseg,text,151
dcantrell-pyparted,text,220
dcantrell-vpncwatch,text,14
dcleblanc-SafeInt,archives,2
dcleblanc-SafeInt,binary,1
dcleblanc-SafeInt,text,181
dcoles-asciicast-tools,missing,1
dcoles-asciicast-tools,text,27
dcoles-pycurl-requests,text,102
dcoles-snaketrace,text,61
dcreager-libcork,text,287
ddccontrol-ddccontrol,text,26
ddccontrol-ddccontrol-db,text,18
ddclient-ddclient,text,11
ddnet-ddnet,text,35
ddugovic-uShare,binary,2
ddugovic-uShare,catalogs,4
ddugovic-uShare,text,107
dealii-dealii,text,168
deathkiller-jazz2-native,catalogs,15
deathkiller-jazz2-native,text,88
decalage2-olefile,text,63
deepjyoti30-simber,text,69
deepjyoti30-ytmdl,text,71
deeplook-svglib,text,21
dehydrated-io-dehydrated,text,60
deiv-driftnet,binary,3
deiv-driftnet,text,81
deivid-rodriguez-byebug,text,35
dell-biosdevname,text,78
dell-biosdisk,archives,4
dell-biosdisk,binary,13
dell-biosdisk,text,95
dell-dkms,text,53
dell-libsmbios,binary,1
dell-libsmbios,text,88
deltj-TempestSDR,archives,8
deltj-TempestSDR,binary,31
deltj-TempestSDR,documents,35
deltj-TempestSDR,pictures,39
deltj-TempestSDR,text,113
denilsonsa-prettyping,text,59
denisdefreyne-adsf,pictures,1
denisdefreyne-adsf,text,97
denisidoro-navi,pictures,2
denisidoro-navi,text,81
denro-faraday_middleware-multi_json,text,39
dense-analysis-ale,text,47
derailed-k9s,text,17
derat-xsettingsd,text,94
derrod-legendary,text,25
deskflow-deskflow,text,36
desktop-app-tg_owt,binary,1
desktop-app-tg_owt,text,184
desultory-genTree,text,73
desultory-hid_ups,text,57
desultory-hid_ups_exporter,text,63
desultory-json_exporter,text,87
desultory-prometheus_exporter,text,73
desultory-pycpio,text,79
desultory-ugrd,text,29
desultory-zenlib,text,83
deters-mygestures,text,18
dev47apps-droidcam,text,139
dev47apps-droidcam-linux-client,text,139
deviceinsight-kafkactl,text,64
devnev-libxdg-basedir,text,125
df7cb-sdate,text,155
dfandrich-gpscorrelate,pictures,2
dfandrich-gpscorrelate,text,50
dfu-programmer-dfu-programmer,text,53
dgentry-Pymacs,text,51
dglent-meteo-qt,text,102
dgouders-lsp,text,68
dgraziotin-mbpfan,archives,1
dgraziotin-mbpfan,text,102
dgutov-diff-hl,text,39
dgutov-mmm-mode,binary,5
dgutov-mmm-mode,text,95
dharple-detox,text,113
di-id,text,49
diafygi-acme-tiny,text,88
diamondburned-dissent,text,79
diasurgical-devilutionX,text,25
diepm-vim-rest-console,text,74
digitalocean-ceph_exporter,text,156
digitalocean-doctl,text,3
digraphs-Digraphs,text,344
dillo-browser-dillo,text,20
dimitri-switch-window,text,60
dimkr-loksh,missing,13
dimkr-loksh,text,80
dimkr-nss-tls,text,64
diml-ppx_derivers,text,26
dimpase-autocliquer,binary,12
dimpase-autocliquer,text,65
dimpase-primecountpy,text,27
dimtpap-obs-pipewire-audio-capture,pictures,2
dimtpap-obs-pipewire-audio-capture,text,63
dimtpap-obs-scale-to-sound,text,292
dinhviethoa-libetpan,text,14
dino-libomemo-c,binary,5
dino-libomemo-c,text,169
direnv-direnv,text,125
dirkvdb-ffmpegthumbnailer,text,109
discourse-mini_mime,text,101
distcc-distcc,binary,2
distcc-distcc,text,107
dita-ot-dita-ot,archives,1
dita-ot-dita-ot,missing,1
dita-ot-dita-ot,text,169
divVerent-aaaaxy,missing,2
divVerent-aaaaxy,text,32
django-crispy-forms-crispy-bootstrap3,text,123
django-crispy-forms-crispy-bootstrap4,text,237
django-crispy-forms-crispy-bootstrap5,text,226
django-crispy-forms-django-crispy-forms,text,99
django-django.git,text,16
djcb-mu,text,19
djs55-ocaml-sha,text,153
dlbeer-mspdebug,text,119
dlbeer-quirc,text,71
dleidert-chemical-mime,binary,43
dleidert-chemical-mime,text,198
dlundquist-sniproxy,text,162
dmarkham-enumer,text,148
dmbaturin-ocaml-tsort,text,94
dmbaturin-otoml,text,38
dmgass-baseline,text,268
dmgerman-ninka,binary,1
dmgerman-ninka,text,116
dmlc-dlpack,pictures,3
dmlc-dlpack,text,89
dmlc-dmlc-core,missing,22
dmlc-dmlc-core,text,191
dmtx-dmtx-utils,binary,7
dmtx-dmtx-utils,pictures,92
dmtx-dmtx-utils,text,290
dmtx-libdmtx,text,116
dnglab-dnglab,text,17
dnkl-fcft,text,153
dnkl-fnott,text,111
dnkl-foot,text,31
dnkl-fuzzel,text,36
dnkl-fyi,text,63
dnkl-tllist,text,59
dnkl-wbg,pictures,2
dnkl-wbg,text,111
dnkl-yambar,text,110
dns-lexicon-dns-lexicon,text,65
docker-buildx,text,111
docker-classicswarm,pictures,59
docker-classicswarm,text,1065
docker-cli,text,99
docker-compose,text,123
docker-distribution,text,369
docker-docker-bench-security,pictures,2
docker-docker-bench-security,text,73
docker-docker-credential-helpers,text,21
docker-docker-py,text,200
docopt-docopt,text,74
doctest-doctest,text,216
doctrine-orm,text,42
dogecoin-dogecoin,text,432
doitsujin-dxvk,missing,1
doitsujin-dxvk,text,15
dolphin-emu-dolphin,text,168
dom4j-dom4j,archives,3
dom4j-dom4j,text,175
dominikh-go-tools,text,25
domtronn-all-the-icons.el,text,60
donaldmcintosh-dio,archives,4
donaldmcintosh-dio,pictures,3
donaldmcintosh-dio,text,37
donovanglover-hyprnome,text,145
dooit-org-dooit,binary,1
dooit-org-dooit,text,112
doomemacs-themes,text,47
doron-cohen-antidot,text,104
dosbox-staging-dosbox-staging,text,26
dosfstools-dosfstools,text,80
dotnet-outdated-dotnet-outdated,text,10
dotnet-script-dotnet-script,binary,1
dotnet-script-dotnet-script,text,162
dottedmag-pychm,binary,2
dottedmag-pychm,text,100
dottedmag-x2x,text,61
doudou-flexmock,text,152
dov-paps,pictures,1
dov-paps,text,113
doy-rbw,text,80
dpaleino-syslog-summary,text,27
dparrish-libcli,binary,19
dparrish-libcli,text,72
dracula-vim,pictures,3
dracula-vim,text,79
dracut-crypt-ssh-dracut-crypt-ssh,text,92
dracut-ng-dracut-ng,text,9
dracutdevs-dracut,text,151
dragotin-kraft,text,9
draios-sysdig,text,38853
dralshehri-hijridate,text,54
drbrain-net-http-persistent,text,87
dreamer-boxtron,text,182
drh-lcc,documents,4
drh-lcc,pictures,4
drh-lcc,text,319
drj11-pypng,text,64
drk1wi-portspoof,pictures,6
drk1wi-portspoof,text,75
drmpeg-gr-paint,binary,3
drmpeg-gr-paint,pictures,3
drmpeg-gr-paint,text,223
drobilla-jalv,text,32
drobilla-sphinxygen,text,121
drobilla-zix,text,112
droe-sslsplit,text,98
drogonframework-drogon,text,16
dromozoa-dromozoa-utf8,binary,3
dromozoa-dromozoa-utf8,text,164
drone-drone,text,33
drone-drone-cli,text,120
dropbox-dropbox-sdk-python,text,3
dropbox-json11,text,63
dropbox-stone,text,41
drowe67-codec2,archives,2
drowe67-codec2,documents,15
drowe67-codec2,pictures,4
drowe67-codec2,text,95
drush-ops-drush,text,58
dry-rb-dry-core,text,48
dry-rb-dry-inflector,text,16
dry-rb-dry-logic,text,42
dry-rb-dry-monads,text,17
dry-rb-dry-struct,text,44
dry-rb-dry-types,text,10
dsafxP-carnage,text,12
dscharrer-innoextract,text,56
dsheets-ocaml-process,text,45
dspiljar-mboxgrep,text,172
dstosberg-odt2txt,text,107
dswd-vpncloud,text,110
dtrugman-pfs,text,43
ducaale-xh,text,1
duckdb-duckdb,text,68
dun-munge,text,18
duncanthrax-scream,binary,28
duncanthrax-scream,pictures,2
duncanthrax-scream,text,103
dundee-gdu,text,58
dungeons-of-moria-umoria,text,262
dunst-project-dunst,pictures,2
dunst-project-dunst,text,199
duplicati-duplicati,catalogs,5
duplicati-duplicati,text,63
duplicity-duplicity,text,44
dvehrs-podget,text,55
dvorka-hstr,text,305
dvv-base64url,text,13
dweymouth-supersonic,text,117
dwl-dwl,text,43
dylanaraps-fff,text,62
dylanaraps-neofetch,text,52
dylanaraps-pfetch,text,53
dyne-frei0r,text,17
dynup-kpatch,missing,2
dynup-kpatch,text,105
dzaima-BQN,fonts,2
dzaima-BQN,text,124
e-tho-iwmenu,text,53
e2-nenv,text,99
e2tools-e2tools,text,118
eBookProjects-uChmViewer,text,32
earnestt1234-seedir,text,115
earthly-earthly,pictures,29
earthly-earthly,text,280
earthly-earthly-emacs,pictures,1
earthly-earthly-emacs,text,29
easymock-easymock,text,9
easymock-objenesis,text,9
easymodo-qimgv,pictures,4
easymodo-qimgv,text,121
ebassi-graphene,text,111
ebiggers-libdeflate,text,48
ebkr-r2modmanPlus,pictures,2
ebkr-r2modmanPlus,text,15
eblot-pyftdi,text,179
eclipse-aspectj-aspectj,archives,11
eclipse-aspectj-aspectj,binary,2
eclipse-aspectj-aspectj,text,626
eclipse-cyclonedds-cyclonedds,text,23
eclipse-ee4j-angus-activation,text,85
eclipse-ee4j-jax-rpc-api,pictures,23
eclipse-ee4j-jax-rpc-api,text,186
eclipse-ee4j-jax-ws-api,text,63
eclipse-ee4j-jaxb-api,text,23
eclipse-ee4j-jaxb-fi,binary,2
eclipse-ee4j-jaxb-fi,text,819
eclipse-ee4j-jaxb-istack-commons,text,106
eclipse-ee4j-jaxb-ri,text,103
eclipse-ee4j-jaxb-stax-ex,text,61
eclipse-ee4j-jsonp,text,296
eclipse-iceoryx-iceoryx,text,1130
eclipse-jdt-eclipse.jdt.core,archives,1
eclipse-jdt-eclipse.jdt.core,text,66
eclipse-paho.mqtt.c,pictures,86
eclipse-paho.mqtt.c,text,1074
eclipse-paho.mqtt.python,text,126
ecordell-pymacaroons,text,175
ecukes-ecukes,text,81
ecukes-espuds,text,61
edbrowse-edbrowse,text,18
eden-emulator-discord-rpc,binary,1
eden-emulator-discord-rpc,text,127
eden-emulator-sirit,missing,3
eden-emulator-sirit,text,93
edenhill-kcat,pictures,2
edenhill-kcat,text,116
edicl-cl-ppcre,binary,19
edicl-cl-ppcre,text,60
edicl-cl-unicode,binary,6
edicl-cl-unicode,text,155
edicl-flexi-streams,binary,21
edicl-flexi-streams,text,82
edisionnano-QDiskInfo,text,88
editorconfig-editorconfig-core-c,missing,1
editorconfig-editorconfig-core-c,text,55
editorconfig-editorconfig-core-py,missing,4
editorconfig-editorconfig-core-py,text,53
editorconfig-editorconfig-emacs,missing,2
editorconfig-editorconfig-emacs,text,81
editorconfig-editorconfig-geany,text,44
editorconfig-editorconfig-vim,missing,1
editorconfig-editorconfig-vim,text,72
eduVPN-eduvpn-common,text,17
eduVPN-linux-app,text,16
edubart-nelua-lang,text,108
eduvpn-eduvpn-common,text,172
edwardgeorge-virtualenv-clone,text,90
eea-odfpy,archives,5
eea-odfpy,text,114
eikenb-terminal-colors,pictures,4
eikenb-terminal-colors,text,51
eikesauer-Permashift,text,86
ejgallego-coq-lsp,missing,9
ejgallego-coq-lsp,text,190
ejgallego-coq-serapi,missing,2
ejgallego-coq-serapi,text,626
ekalinin-nodeenv,text,13
ekenberg-quotatool,text,17
elFarto-nvidia-vaapi-driver,text,60
elParaguayo-qtile-extras,pictures,58
elParaguayo-qtile-extras,text,112
elalish-manifold,text,28
elastic-beats,text,72
elastic-elastic-transport-python,text,111
elastic-elastic-transport-ruby,text,40
elastic-elasticsearch-py,text,14
elastic-elasticsearch-ruby,text,91
electron-electron.git,text,41
element-hq-element-desktop,pictures,1
element-hq-element-desktop,text,17
element-hq-element-web,pictures,6
element-hq-element-web,text,39
element-hq-synapse,text,130
elementary-granite,text,12
elfmz-far2l,text,39
elfshaker-elfshaker,binary,2
elfshaker-elfshaker,text,81
elftoolchain-elftoolchain,text,346
elharo-xom,archives,3
elharo-xom,text,16
eli-schwartz-eschwartz-dev-scripts,text,18
eliasdorneles-usolitaire,pictures,2
eliasdorneles-usolitaire,text,126
eliaskosunen-scnlib,text,308
eliben-pyelftools,binary,1
eliben-pyelftools,text,31
elisescu-tty-share,binary,2
elisescu-tty-share,pictures,4
elisescu-tty-share,text,572
elixir-editors-emacs-elixir,text,91
elixir-lang-elixir,text,19
elkablo-web_page_replay_go,text,101
elkentaro-KismetMobileDashboard,failed:fonts,1
elkentaro-KismetMobileDashboard,fonts,18
elkentaro-KismetMobileDashboard,pictures,23
elkentaro-KismetMobileDashboard,text,380
ellelstone-elles_icc_profiles,archives,2
ellelstone-elles_icc_profiles,binary,515
ellelstone-elles_icc_profiles,text,17
elogind-elogind,missing,1
elogind-elogind,text,102
elves-elvish,text,132
ema2159-centaur-tabs,text,58
emacs-citar-citar,pictures,1
emacs-citar-citar,text,50
emacs-compat-compat,text,51
emacs-csharp-csharp-mode,text,77
emacs-dashboard-emacs-dashboard,text,56
emacs-eldev-eldev,text,115
emacs-ess-ESS,text,27
emacs-evil-evil,text,62
emacs-exwm-exwm,text,44
emacs-exwm-xelb,text,226
emacs-geiser-chez,text,63
emacs-geiser-chicken,text,56
emacs-geiser-gambit,text,54
emacs-geiser-geiser,text,83
emacs-geiser-guile,text,57
emacs-geiser-mit,text,41
emacs-gnuplot-gnuplot,text,48
emacs-helm-helm,text,10
emacs-helm-helm-system-packages,text,55
emacs-lsp-dap-mode,text,115
emacs-lsp-emacs-ccls,text,71
emacs-lsp-lsp-docker,text,70
emacs-lsp-lsp-java,text,73
emacs-lsp-lsp-mode,text,16
emacs-lsp-lsp-treemacs,text,66
emacs-lsp-lsp-ui,text,66
emacs-mirror-emacs.git,text,17
emacs-pe-docker-tramp.el,text,39
emacs-php-apache-mode,text,29
emacs-php-php-mode,text,57
emacs-typescript-typescript.el,text,70
emacs-w3m-emacs-w3m,text,259
emacscollective-no-littering,text,24
emacsmirror-icicles,text,24
emacsmirror-paredit,text,67
emacsmirror-pov-mode,binary,20
emacsmirror-pov-mode,text,33
emacsorphanage-god-mode,text,64
emacsorphanage-haxe-mode,text,55
emacsorphanage-key-chord,text,52
emacsorphanage-macrostep,text,60
emacsorphanage-pkg-info,text,88
emacsorphanage-popwin,text,54
emacsorphanage-tablist,text,61
emcrisostomo-fswatch,text,28
emersion-hydroxide,text,72
emersion-libscfg,text,35
emersion-mako,text,101
emersion-slurp,text,71
emersion-soju,text,27
emersion-xdg-desktop-portal-wlr,text,38
emikulic-darkstat,binary,2
emikulic-darkstat,pictures,1
emikulic-darkstat,text,74
emuell-restic-browser,text,188
emweb-wt,text,12
encode-django-rest-framework,text,24
encode-httpcore,text,162
encode-httpx,pictures,1
encode-httpx,text,110
encode-uvicorn,text,17
endaaman-tym,text,53
endless-sky-endless-sky,text,66
energicryptocurrency-energi3,text,1476
enkore-j4-dmenu-desktop,text,80
enricoros-fotowall,text,108
envygeeks-forwardable-extended,text,69
enzo1982-mp4v2,text,105
eoyilmaz-displaycal-py3,text,23
epasveer-seer,text,76
epezent-implot,text,50
epicserve-django-cache-url,text,76
epoupon-fileshelter,text,226
epoupon-lms,text,417
eprover-eprover,text,10
eproxus-meck,text,64
epsilonrt-mbpoll,binary,4
epsilonrt-mbpoll,text,141
equalsraf-neovim-qt,text,19
equeim-xfce4-alsa-plugin,binary,3
equeim-xfce4-alsa-plugin,text,132
erebe-greenclip,text,58
erebe-wstunnel,text,3
erfanoabdi-gbinder-python,text,43
ergochat-ergo,missing,3
ergochat-ergo,text,22
ericmandel-funtools,text,145
ericmandel-xpa,binary,4
ericmandel-xpa,documents,1
ericmandel-xpa,text,264
ericniebler-range-v3,missing,2
ericniebler-range-v3,text,483
eriklax-xva-img,text,123
erincatto-Box2D,text,468
erkin-ponysay,binary,34
erkin-ponysay,documents,7
erkin-ponysay,text,1560
erlang-lager-lager,text,85
erlang-otp,binary,45
erlang-otp,text,126
erlang-rebar3,text,84
erocarrera-pefile,text,9
erpalma-throttled,text,10
errata-ai-vale,text,28
errbotio-errbot,text,48
ervandew-supertab,text,58
eschulte-emacs-web-server,text,88
esheldon-fitsio,archives,3
esheldon-fitsio,binary,4
esheldon-fitsio,documents,4
esheldon-fitsio,text,238
esnet-iperf,text,96
espanso-espanso,text,26
espeak-ng-espeak-ng,text,53
espeak-ng-pcaudiolib,missing,2
espeak-ng-pcaudiolib,text,74
espressif-esptool,text,45
espressif-idf-component-manager,text,5
espressomd-espresso,text,145
esr-open-adventure,text,54
etcd-io-etcd,text,83
eth-p-bat-extras,text,70
etingof-snmpclitools,pictures,1
etingof-snmpclitools,text,254
etkecc-agru,missing,1
etkecc-agru,text,632
etu-webpaste.el,text,79
eukaryote-pytest-tornasync,text,64
eurogiciel-oss-connman-json-client,text,180
evaleev-libint,text,199
evanphx-benchmark-ips,text,104
eventmachine-eventmachine,text,96
evert-SabreAMF,binary,2
evert-SabreAMF,pictures,2
evert-SabreAMF,text,197
evertiro-cdm,text,69
evgeni-hdapsd,text,71
evilja-neocrystal,binary,33
evilja-neocrystal,text,20
ewels-rich-click,text,128
eworm-de-xcur2png,text,26
exaile-exaile,text,224
excon-excon,text,33
executablebooks-MyST-Parser,text,8
executablebooks-markdown-it-py,text,152
executablebooks-mdit-py-plugins,text,184
executablebooks-sphinx-design,text,82
executablebooks-sphinx-panels,pictures,3
executablebooks-sphinx-panels,text,204
executablebooks-sphinx-tabs,text,14
exeldro-obs-3d-effect,failed:pictures,1
exeldro-obs-3d-effect,pictures,3
exeldro-obs-3d-effect,text,109
exeldro-obs-move-transition,text,165
exeldro-obs-source-clone,text,184
exeldro-obs-source-dock,text,290
exeldro-obs-source-record,text,50
exercism-cli,text,76
exfatprogs-exfatprogs,archives,1
exfatprogs-exfatprogs,text,105
exoscale-cli,binary,1
exoscale-cli,text,83
extraqt-qdocumentview,text,153
extrawurst-gitui,pictures,2
extrawurst-gitui,text,29
exzombie-prll,text,93
eylles-pywal16,text,3
eza-community-eza,text,14
f-secure-foundry-tenshi,binary,14
f-secure-foundry-tenshi,text,71
fabiangreffrath-crispy-doom,text,158
fabioz-PyDev.Debugger,binary,15
fabioz-PyDev.Debugger,text,600
fable-compiler-fable,binary,38
fable-compiler-fable,text,354
fabriceT-openbox-menu,text,102
facebook-bpfilter,text,47
facebook-fb303,text,32
facebook-fbthrift,text,27
facebook-folly,text,27
facebook-mvfst,text,63
facebook-pyrefly,text,27
facebook-rocksdb,text,50
facebook-wangle,text,17
facebook-watchman,text,57
facebook-zstd,text,58
facebookexperimental-edencommon,text,11
facebookincubator-below,text,36
facebookincubator-dynolog,text,34
facebookincubator-fizz,text,19
facebookincubator-gloo,text,180
facebookresearch-fastText,text,150
facelessuser-mkdocs-material-extensions,text,122
facelessuser-pymdown-lexers,text,27
facelessuser-pyspelling,text,221
facelessuser-soupsieve,text,88
facelessuser-wcmatch,text,150
facundoolano-rpg-cli,text,148
fail2ban-fail2ban,text,61
fairyglade-ly,text,55
fakefred-ascim,text,39
fakefs-fakefs,text,168
faker-ruby-faker,text,47
falcosecurity-libs,text,40
famedly-conduit,text,116
fangfufu-httpdirfs,text,8
fanglingsu-vimb,text,83
farsightsec-fstrm,text,138
fasheng-elfeed-protocol,text,82
fastfetch-cli-fastfetch,text,17
fatedier-frp,text,140
fatedier-frp.git,pictures,3
fatedier-frp.git,text,24
fatih-vim-go,text,66
faye-websocket-driver-ruby,text,103
faye-websocket-extensions-ruby,text,72
fbb-git-icmake,archives,3
fbb-git-icmake,text,669
fbb-git-yodl,binary,2
fbb-git-yodl,pictures,4
fbb-git-yodl,text,500
fbernier-tomlrb,missing,3
fbernier-tomlrb,text,72
fcambus-ansiweather,pictures,2
fcambus-ansiweather,text,51
fcambus-bdf2sfd,text,148
fcambus-logswan,binary,1
fcambus-logswan,text,151
fcambus-spleen,binary,1
fcambus-spleen,text,30
fdupoux-fsarchiver,text,128
fearedbliss-bliss-initramfs,text,1
fedora-modularity-libmodulemd,text,38
fedoradesign-backgrounds,binary,10
fedoradesign-backgrounds,pictures,27
fedoradesign-backgrounds,text,118
fedorenchik-qt-support.vim,text,26
feed2imap-ruby-feedparser,binary,1
feed2imap-ruby-feedparser,text,427
fenrus75-powertop,text,58
festvox-flite,text,106
ffevotte-desktop-plus,text,64
ffi-ffi,missing,3
ffi-ffi,text,62
ffi-ffi-compiler,text,79
fgallaire-cjkwrap,text,30
fgmacedo-python-statemachine,pictures,6
fgmacedo-python-statemachine,text,258
fgont-ipv6toolkit,text,169
fhackenberger-ktikz,pictures,9
fhackenberger-ktikz,text,395
fholgado-minibufexpl.vim,text,56
filebench-filebench,text,121
filips123-PWAsForFirefox,text,36
fillods-grig,pictures,1
fillods-grig,text,129
firecow-gitlab-ci-local,text,21
firehol-firehol,binary,1
firehol-firehol,text,83
firehol-iprange,binary,1
firehol-iprange,text,145
firewalld-firewalld,text,48
firnsy-barnyard2,text,177
fish-shell-fish-shell,text,24
fithp-ogg2mp3,text,25
fitnr-convertdate,text,132
fktn-k-fkYAML,missing,1
fktn-k-fkYAML,text,1129
flac123-flac123,pictures,1
flac123-flac123,text,174
flacjacket-pywayland,text,147
flacon-alacenc,text,182
flacon-flacon,text,149
flame-blis,text,631
flameshot-org-flameshot,text,50
flann-lib-flann,binary,6
flann-lib-flann,text,95
flannel-io-flannel,text,27
flashrom-flashrom,text,92
flask-api-flask-api,pictures,1
flask-api-flask-api,text,141
flatpak-flatpak,text,16
flatpak-flatpak-builder,missing,1
flatpak-flatpak-builder,text,23
flatpak-libportal,text,15
flatpak-xdg-dbus-proxy,text,85
flatpak-xdg-desktop-portal,text,12
flatpak-xdg-desktop-portal-gtk,text,65
flatwhatson-flycheck-guile,text,35
flaviotordini-musique,missing,10
flaviotordini-musique,text,131
flavorjones-loofah,text,61
fleetingheart-ksre,binary,17
fleetingheart-ksre,text,128
flensrocker-vdr-plugin-noepg,text,52
flensrocker-vdr-plugin-recsearch,text,160
flightaware-TclXML,binary,2
flightaware-TclXML,pictures,1
flightaware-TclXML,text,291
flightaware-dump1090,archives,4
flightaware-dump1090,text,543
flightaware-tclreadline,text,116
flightaware-tclx,text,128
flightgear-fgmeta,missing,36
flightgear-fgmeta,text,188
flintlib-flint,text,24
floehopper-metaclass,text,36
floppym-merge-usr,text,21
florentc-xob,text,126
florimondmanca-asgi-lifespan,text,178
flowdalic-sendxmpp,text,62
flowgrind-flowgrind,text,122
fltk-fltk,text,35
fltk-nanosvg,text,60
fluxcd-flux2,text,36
flycheck-flycheck,text,15
flycheck-flycheck-inline,pictures,3
flycheck-flycheck-inline,text,34
fmang-oshu,text,350
fmtlib-fmt,text,18
foldynl-QLog,text,29
folkertvanheusden-HTTPing,text,76
folkertvanheusden-multitail,text,67
folkertvanheusden-rsstail,text,66
fontforge-fontforge,text,23
fontforge-libuninameslist,text,244
fonttools-fonttools,text,70
fonttools-pyclipper,binary,1
fonttools-pyclipper,missing,3
fonttools-pyclipper,text,65
foo86-dcadec,text,87
fooyin-fooyin,text,52
fordfrog-apgdiff,archives,3
fordfrog-apgdiff,text,237
forgejo-forgejo,text,154
fornwall-rust-script,text,80
fortran-lang-fpm,text,81
fortran-lang-stdlib,text,80
fortran-lang-test-drive,text,125
fosnola-libstaroffice,binary,5
fosnola-libstaroffice,text,342
fougue-mayo,text,42
foutaise-texttable,text,110
fowlmouth-nake,text,77
fph-bastet,pictures,3
fph-bastet,text,127
fplll-fplll,text,132
fpottier-pprint,text,95
fract4d-gnofract4d,missing,1
fract4d-gnofract4d,pictures,39
fract4d-gnofract4d,text,134
francescmm-GitQlient,missing,14
francescmm-GitQlient,text,110
francma-wob,text,150
frankluebeck-GAPDoc,text,75
frankmorgner-openpace,text,48
franko-gsl-shell,text,110
frankosterfeld-qtkeychain,text,7
fraunhoferhhi-vvdec,text,39
fraunhoferhhi-vvenc,missing,1
fraunhoferhhi-vvenc,text,31
freaklabs-chibiArduino,binary,14
freaklabs-chibiArduino,documents,4
freaklabs-chibiArduino,text,112
fredbcode-Vrrpd,binary,1
fredbcode-Vrrpd,text,74
fredrik-johansson-arb,text,190
free-astro-pysiril,catalogs,3
free-astro-pysiril,text,89
free-astro-siril,text,28
free-astro-sirilic,catalogs,2
free-astro-sirilic,text,75
freebasic-fbc,text,112
freebsd-atf,text,19
freebsd-kyua,text,224
freebsd-lutok,text,87
freeciv-freeciv,text,17
freeciv-freeciv.git,text,20
freedoom-freedoom,binary,9
freedoom-freedoom,pictures,83
freedoom-freedoom,text,67
freeorion-freeorion,text,63
freepg-gnupg,text,11
freequaos-schedtool,binary,7
freequaos-schedtool,text,51
freerange-mocha,text,130
freeswitch-sofia-sip,binary,1
freeswitch-sofia-sip,text,173
frescobaldi-frescobaldi,text,42
frescobaldi-python-ly,text,111
fribidi-fribidi,text,79
frostming-pbs-installer,text,20
fs111-pydoc.vim,binary,22
fs111-pydoc.vim,text,32
fsfe-reuse-tool,text,63
fsharp-emacs-fsharp-mode,text,72
fsprojects-fantomas,text,20
fsspec-filesystem_spec,text,36
fstab-grok_exporter,text,1268
fte-team-fteqw,binary,1
fte-team-fteqw,pictures,1
fte-team-fteqw,text,136
ftilmann-latexdiff,text,93
ftobia-pytest-ordering,text,103
ftrvxmtrx-split2flac,text,54
fujiapple852-trippy,text,22
fujita-tgt,text,62
fujiwarat-ibus-fbterm,text,141
fujiwarat-ibus-input-pad,text,152
fujiwarat-input-pad,pictures,4
fujiwarat-input-pad,text,133
ful1e5-Bibata_Cursor,missing,65
ful1e5-Bibata_Cursor,pictures,2890
ful1e5-Bibata_Cursor,text,1628
ful1e5-BreezeX_Cursor,pictures,1102
ful1e5-BreezeX_Cursor,text,359
ful1e5-apple_cursor,missing,44
ful1e5-apple_cursor,pictures,934
ful1e5-apple_cursor,text,355
fulhax-ncpamixer,text,108
fullstorydev-grpcurl,text,61
fumiyas-smbldap-tools,text,87
furrtek-portapack-havoc,archives,1
furrtek-portapack-havoc,binary,10
furrtek-portapack-havoc,documents,1
furrtek-portapack-havoc,missing,1
furrtek-portapack-havoc,pictures,7
furrtek-portapack-havoc,text,383
fusesource-hawtjni,text,136
fusesource-jansi,binary,27
fusesource-jansi,text,119
fusesource-jansi-native,binary,2
fusesource-jansi-native,pictures,8
fusesource-jansi-native,text,88
fusioninventory-fusioninventory-agent,binary,5
fusioninventory-fusioninventory-agent,text,120
fuzzyray-esearch,binary,6
fuzzyray-esearch,text,60
fvwmorg-fvwm3,text,54
fwbuilder-fwbuilder,text,441
fwts-fwts,text,30
fwup-home-fwup,archives,2
fwup-home-fwup,text,85
fwupd-fwupd,text,17
fwupd-fwupd-efi,text,21
fxbois-web-mode,text,75
fxn-zeitwerk,text,12
fzwoch-obs-vaapi,text,57
g-truc-glm,pictures,19
g-truc-glm,text,1220
gabime-spdlog,text,1
gabm-Satty,text,63
gabmus-razerCommander,pictures,1
gabmus-razerCommander,text,70
gabmus-syndication-domination,text,133
gabrie30-ghorg,text,187
galtzo-floss-rspec-stubbed_env,text,80
gambit-gambit,text,3
gammu-python-gammu,text,9
ganeti-instance-simpleimage,text,19
gansm-finalcut,binary,1
gansm-finalcut,pictures,5
gansm-finalcut,text,196
gap-packages-FactInt,text,9944
gap-packages-aclib,text,56
gap-packages-alnuth,text,70
gap-packages-autodoc,text,16
gap-packages-autpgrp,text,71
gap-packages-congruence,text,82
gap-packages-corelg,text,45
gap-packages-crime,binary,11
gap-packages-crime,text,57
gap-packages-crypting,text,50
gap-packages-cvec,text,61
gap-packages-datastructures,text,68
gap-packages-design,text,107
gap-packages-fga,text,78
gap-packages-gbnp,binary,2
gap-packages-gbnp,text,366
gap-packages-genss,text,56
gap-packages-grape,text,65
gap-packages-guava,text,8
gap-packages-hap,documents,1
gap-packages-hap,text,13
gap-packages-hapcryst,text,21
gap-packages-hecke,text,54
gap-packages-images,text,16
gap-packages-io,text,49
gap-packages-laguna,text,55
gap-packages-liealgdb,text,69
gap-packages-liepring,text,84
gap-packages-liering,text,64
gap-packages-loops,text,72
gap-packages-mapclass,binary,4
gap-packages-mapclass,text,56
gap-packages-nq,text,66
gap-packages-orb,text,61
gap-packages-polenta,text,70
gap-packages-polycyclic,text,68
gap-packages-polymaking,text,51
gap-packages-primgrp,text,43
gap-packages-qpa,missing,1
gap-packages-qpa,text,58
gap-packages-quagroup,text,65
gap-packages-radiroot,text,85
gap-packages-resclasses,binary,1
gap-packages-resclasses,text,59
gap-packages-singular,binary,1
gap-packages-singular,text,66
gap-packages-sla,text,85
gap-packages-smallgrp,text,29
gap-packages-sonata,text,54
gap-packages-sophus,text,71
gap-packages-spinsym,text,84
gap-packages-tomlib,text,62
gap-packages-toric,text,54
gap-packages-utils,text,78
gap-system-gap,text,33
garabik-grc,text,60
garbas-vim-snipmate,text,71
garglk-garglk,text,35
garrigue-lablgl,text,213
garrigue-lablgtk,text,202
garrigue-labltk,text,166
garybernhardt-selecta,text,68
gavinhoward-bc,text,11
gavv-distfiles,archives,6
gavv-distfiles,binary,2
gavv-distfiles,text,6
gazpachoking-jsonref,text,82
gbdev-rgbds,text,34
gcarq-portage-lostfiles,text,61
gcla-termshark,binary,3
gcla-termshark,text,187
gdraheim-zziplib,text,170
ged-ruby-pg,text,4
geneweb-calendars,text,85
geneweb-geneweb,archives,1
geneweb-geneweb,pictures,1
geneweb-geneweb,text,20
geneweb-unidecode,text,45
gentoo-elogv,text,65
gentoo-gentoo-zsh-completions,text,88
gentoo-gentoopm,text,212
gentoo-perl-g-cpan,text,80
gentoo-perl-gentoo-perl-helpers,text,132
gentoo-perl-perl-headers,text,14
gentoo-porticron,text,79
gentoo-pram,text,134
gentoo-smart-live-rebuild,text,99
gentoo-tatt,text,91
genuinetools-img,missing,3
genuinetools-img,text,3627
genuinetools-reg,missing,4
genuinetools-reg,pictures,4
genuinetools-reg,text,1306
geoffreybennett-alsa-scarlett-gui,text,26
geometalab-pyGeoTile,text,102
geommer-yabar,text,69
geopandas-xyzservices,text,23
geopy-geopy,text,43
geopython-owslib,pictures,2
geopython-owslib,text,66
georgewhewell-undervolt,text,51
georgmartius-vid.stab,text,57
geospace-code-pymap3d,text,205
gephi-gephi,binary,3
gephi-gephi,text,47
gerbera-gerbera,text,26
gerstner-hub-xwmfs,missing,1
gerstner-hub-xwmfs,text,190
get-woke-woke,text,134
getlogbook-logbook,text,28
getmail6-getmail6,text,8
getpatchwork-git-pw,text,129
getpatchwork-pwclient,text,58
getpelican-pelican,missing,5
getpelican-pelican,text,239
getsentry-sentry-native,missing,1
getsentry-sentry-native,text,43
getsentry-sentry-python,text,30
getsops-sops,text,18
getting-things-gnome-liblarch,text,110
gflags-gflags,text,20
ggerganov-llama.cpp,text,35
ggml-org-llama.cpp,text,54
ggml-org-whisper.cpp,text,41
ggobi-ggobi,text,241
ggreer-the_silver_searcher,text,82
ghdl-ghdl,text,43
giann-croissant,pictures,6
giann-croissant,text,118
giann-sirocco,missing,1
giann-sirocco,pictures,2
giann-sirocco,text,105
gideonshaked-nextinspace,text,89
gildor478-ocaml-fileutils,pictures,2
gildor478-ocaml-fileutils,text,140
gildor478-ocaml-gettext,binary,10
gildor478-ocaml-gettext,text,199
gildor478-ounit,text,144
ginggs-gelemental,pictures,5
ginggs-gelemental,text,241
ginkgo-project-ginkgo,text,106
gintas-django-picklefield,text,104
git-bug-git-bug,text,109
git-cola-git-cola,text,14
git-ecosystem-git-credential-manager,pictures,1
git-ecosystem-git-credential-manager,text,85
git-lfs-git-lfs,text,10
gitahead-gitahead,missing,5
gitahead-gitahead,text,214
github-backup-utils,text,37
github-cmark-gfm,text,94
github-git-sizer,text,120
github-hub,text,713
githubnext-monaspace,fonts,7020
githubnext-monaspace,pictures,1
githubnext-monaspace,text,146
gitlab-org-cli,pictures,1
gitlab-org-cli,text,194
gitlab-org-docker-distribution-pruner,text,706
gitlab-org-gitlab-runner,text,43
giuspen-cherrytree,text,96
gizmoguy-exabgp_exporter,text,78
gjedeer-fbterm,pictures,1
gjedeer-fbterm,text,100
gjtorikian-html-pipeline,text,93
gktrk-gitstats,text,53
gleam-lang-gleam,text,48
gleam-lang-tree-sitter-gleam,text,88
gleitz-howdoi,text,88
glensc-nagios-plugin-check_raid,text,88
glfw-glfw,text,33
glotlabs-gdrive,text,127
glotzerlab-gsd,text,22
gluster-glusterfs,text,80
glynastill-check_linux_bonding-1.4,text,17
gmr-flatdict,text,12
gnif-mod_rpaf,binary,4
gnif-mod_rpaf,text,67
gnif-vendor-reset,text,86
gnome-terminator-terminator,text,58
gnosek-fcgiwrap,text,66
gnp-psh,binary,14
gnp-psh,text,107
gnudatalanguage-gdl,text,37
gnuradio-gnuradio,text,20
gnuradio-volk,missing,2
gnuradio-volk,text,269
gnustep-apps-gorm,binary,2
gnustep-apps-gorm,text,9
gnustep-apps-projectcenter,binary,5
gnustep-apps-projectcenter,text,177
gnustep-apps-systempreferences,binary,6
gnustep-apps-systempreferences,pictures,4
gnustep-apps-systempreferences,text,140
gnustep-libobjc2,text,8
gnustep-libs-base,text,32
gnustep-libs-dbuskit,text,225
gnutls-guile,missing,1
gnutls-guile,text,149
go-acme-lego,text,126
go-bindata-go-bindata,text,100
go-critic-go-critic,text,131
go-delve-delve,text,134
go-enry-go-license-detector,binary,1
go-enry-go-license-detector,missing,1
go-enry-go-license-detector,text,132
go-gitea-gitea,text,65
go-graphite-go-carbon,binary,1
go-graphite-go-carbon,text,892
go-jira-jira,text,150
go-task-task,text,32
go4retro-tcpser,binary,30
go4retro-tcpser,text,216
goatcorp-XIVLauncher.Core,text,6
gobby-net6,text,174
gobonja-timeshift-autosnap,text,49
godotengine-godot,text,1793
godotengine-godot.git,binary,1
godotengine-godot.git,text,194
gofrp-fp-multiuser,text,27
gogglesmm-gogglesmm,binary,6
gogglesmm-gogglesmm,catalogs,1
gogglesmm-gogglesmm,pictures,24
gogglesmm-gogglesmm,text,1400
gogo-protobuf,binary,1
gogo-protobuf,text,39
gohugoio-hugo,pictures,1
gohugoio-hugo,text,35
gokcehan-lf,text,17
golang-tools,text,53
golang-tour,pictures,4
golang-tour,text,230
golangci-golangci-lint,text,31
google-AFL,text,123
google-TestParameterInjector,text,79
google-XNNPACK,text,17
google-addlicense,text,154
google-auto,text,23
google-benchmark,text,25
google-bloaty,binary,1
google-bloaty,missing,2
google-bloaty,text,45
google-breakpad,binary,2
google-breakpad,text,226
google-brotli,text,141
google-cadvisor,text,15
google-cctz,binary,3
google-cctz,text,38
google-cld3,text,61
google-compile-testing,text,22
google-cppdap,missing,1
google-cppdap,text,102
google-crc32c,missing,52
google-crc32c,text,75
google-cronutils,text,84
google-dnsmasq_exporter,text,71
google-double-conversion,text,18
google-error-prone,text,23
google-escapevelocity,text,27
google-flatbuffers,text,29
google-fscrypt,text,90
google-fuse-archive,text,21
google-gemini-gemini-cli,text,35
google-gemmlowp,text,94
google-glog,text,127
google-go-licenses,text,206
google-google-authenticator-libpam,text,61
google-googletest,text,54
google-gson,text,32
google-gtest-parallel,text,79
google-guava,text,80
google-guice,text,316
google-highway,text,26
google-honggfuzz,text,91
google-ios-webkit-debug-proxy,text,88
google-j2objc,text,26
google-jimfs,text,19
google-jsonnet,text,21
google-latexify_py,text,216
google-leveldb,missing,3
google-leveldb,text,111
google-liblc3,pictures,36
google-liblc3,text,191
google-libnop,text,176
google-libphonenumber,archives,6
google-libphonenumber,binary,72
google-libphonenumber,text,134
google-licenseclassifier,binary,4
google-licenseclassifier,text,540
google-minijail,text,42
google-mount-zip,text,23
google-mozc,text,19
google-mtail,text,116
google-ngx_brotli,missing,8
google-ngx_brotli,text,74
google-nsscache,text,28
google-nsync,text,192
google-pyu2f,text,161
google-re2,text,95
google-recaptcha,text,20
google-sentencepiece,text,26
google-shaderc,text,1
google-snappy,missing,3
google-snappy,text,65
google-truth,text,11
google-vim-jsonnet,pictures,1
google-vim-jsonnet,text,44
google-woff2,missing,4
google-woff2,text,143
google-xsecurelock,text,85
google-yamlfmt,text,258
google-yapf,text,97
google-zopfli,pictures,1
google-zopfli,text,84
googleapis-google-auth-library-python-httplib2,text,190
googleapis-google-auth-library-python-oauthlib,text,208
googleapis-proto-plus-python,text,140
googleapis-python-api-core,text,140
googlefonts-noto-emoji,fonts,89
googlefonts-noto-emoji,pictures,5671
googlefonts-noto-emoji,text,1215
googlefonts-roboto,fonts,18
googlefonts-roboto,text,7058
gopasspw-git-credential-gopass,text,22
gopasspw-gopass,text,91
gopasspw-gopass-jsonapi,text,93
gopasspw-gopass-summon-provider,text,14
gorhill-uBlock.git,text,12
gost-engine-engine,missing,2
gost-engine-engine,text,174
gotoh-ssh-connect,text,47
gpac-gpac,text,44
gperftools-gperftools,text,5
gpodder-gpodder,text,94
gpodder-libmygpo-qt,text,190
gpodder-mygpoclient,text,145
gpoore-latex2pydata,documents,7
gpoore-latex2pydata,text,181
gpoore-latexrestricted,text,87
gpoore-minted,documents,4
gpoore-minted,text,103
gpoore-pythontex,documents,2
gpoore-pythontex,text,123
gpsbabel-gpsbabel,text,62
gqrx-sdr-gqrx,pictures,1
gqrx-sdr-gqrx,text,93
graeme-hill-crossguid,archives,1
graeme-hill-crossguid,pictures,14
graeme-hill-crossguid,text,105
gramps-project-gramps,text,1200
grantjenks-python-diskcache,text,81
grantjenks-python-sortedcollections,pictures,1
grantjenks-python-sortedcollections,text,151
grantjenks-python-sortedcontainers,text,148
graph-algorithms-edge-addition-planarity-suite,text,87
graphite-project-whisper,text,70
graygnuorg-pound,text,20
graysky2-modprobed-db,text,89
graysky2-profile-cleaner,text,98
graysky2-profile-sync-daemon,text,86
graysky2-pulseaudio-ctl,text,80
greatscottgadgets-hackrf,text,16
greatscottgadgets-libbtbb,text,84
greatscottgadgets-ubertooth,pictures,16
greatscottgadgets-ubertooth,text,196
greduan-emacs-theme-gruvbox,text,84
greenbone-boreas,text,78
greenbone-greenbone-feed-sync,text,14
greenbone-gsa,text,34
greenbone-gsad,text,11
greenbone-gvm-libs,text,15
greenbone-gvm-tools,text,12
greenbone-gvmd,text,44
greenbone-notus-scanner,text,56
greenbone-openvas-scanner,text,51
greenbone-ospd-openvas,text,39
greenbone-pg-gvm,text,17
greenbone-pontos,text,14
greenbone-python-gvm,text,28
greenmail-mail-test-greenmail,text,9
greg7mdp-parallel-hashmap,text,80
greghendershott-racket-mode,text,74
gregkh-xxdi,text,5
gregsexton-gitv,pictures,18
gregsexton-gitv,text,67
greshake-i3status-rust,pictures,2
greshake-i3status-rust,text,17
greymd-tmux-xpanes,text,60
gridcoin-community-Gridcoin-Research,text,18
grigio-obs-cmd,text,17
grisha-gumbo-parser,text,17
gristlabs-asttokens,text,113
grke-burp,missing,29
grke-burp,text,438
grknight-omnisync,text,68
grnet-ganeti-os-noop,text,27
grobian-carbon-c-relay,text,133
grobian-carbonapi-web,pictures,1
grobian-carbonapi-web,text,387
grobian-html2text,text,169
grobian-ldns-tools,text,54
grondo-edac-utils,text,106
groodt-retrying,text,76
grosjo-fts-xapian,text,104
grosser-fast_gettext,text,138
grosser-gettext_i18n_rails,text,152
grosser-maxitest,text,283
grosser-parallel,text,76
grpc-grpc,text,108
gruns-icecream,pictures,1
gruns-icecream,text,60
gruntwork-io-terragrunt,pictures,4
gruntwork-io-terragrunt,text,72
gryf-wmamixer,binary,4
gryf-wmamixer,pictures,2
gryf-wmamixer,text,42
grzegorzmazur-yacas,text,76
gsasl-libgssglue,text,142
gschwind-page,text,122
gshutler-useragent,text,77
gsl-lite-gsl-lite,text,120
gsnedders-wcag-contrast-ratio,text,14
gssapi-gssproxy,text,67
gsteele13-spyview,archives,36
gsteele13-spyview,binary,688
gsteele13-spyview,documents,23
gsteele13-spyview,missing,20
gsteele13-spyview,pictures,21
gsteele13-spyview,text,1259
gtk-gnutella-gtk-gnutella,binary,4
gtk-gnutella-gtk-gnutella,text,73
gtownsend-icon,text,374
guard-listen,text,107
guard-rb-inotify,text,87
guile-git-guile-git,text,92
guillaumeboehm-Nordzy-cursors,archives,4
guillaumeboehm-Nordzy-cursors,cursors,33662
guillaumeboehm-Nordzy-cursors,missing,1
guillaumeboehm-Nordzy-cursors,pictures,485
guillaumeboehm-Nordzy-cursors,text,27759
gulrak-filesystem,text,74
gvalkov-python-evdev,text,99
gvanas-blahtexml,pictures,1
gvanas-blahtexml,text,189
gvol-gap-mode,text,77
gwenhael-le-moine-x48ng,text,156
h2o-h2o,text,151
h2o-picotls,text,71
haampie-libtree,text,73
hackerschoice-gsocket,text,71
haiwen-libsearpc,text,88
haiwen-seafile,text,31
haiwen-seafile-client,binary,1
haiwen-seafile-client,text,44
hakandundar34coding-system-monitoring-center,text,38
hakavlad-nohang,text,51
halostatue-color,text,61
halostatue-minitar,archives,6
halostatue-minitar,failed:archives,2
halostatue-minitar,text,128
hamcrest-JavaHamcrest,archives,2
hamcrest-JavaHamcrest,pictures,2
hamcrest-JavaHamcrest,text,602
hamcrest-PyHamcrest,text,130
hamidfzm-Flask-HTMLmin,text,89
haml-haml,text,17
hannesm-duration,text,86
hannesm-patch,missing,4
hannesm-patch,text,109
hanslub42-rlwrap,text,145
hansmi-prometheus-lvm-exporter,text,80
hanwen-go-mtpfs,text,87
haproxytech-dataplaneapi,text,64
hardinfo2-hardinfo2,binary,1
hardinfo2-hardinfo2,text,10
harfbuzz-harfbuzz,pictures,1
harfbuzz-harfbuzz,text,24
harlowja-fasteners,pictures,3
harlowja-fasteners,text,131
harningt-luaevent,text,107
harningt-luajson,text,83
hartwork-enum,text,83
hartwork-grub2-theme-preview,text,11
hartwork-resolve-march-native,text,8
hashcat-hashcat,text,67
hashcat-hashcat-utils,text,66
hashcat-princeprocessor,text,62
hashicorp-consul,text,108
hashicorp-consul-replicate,text,1173
hashicorp-consul-template,text,113
hashicorp-nomad,text,32
hashicorp-serf,text,6
hashicorp-terraform,text,73
hashicorp-vagrant,text,272
hashicorp-vagrant_cloud,text,102
hashicorp-vault,text,84
hashie-hashie,text,134
haskell-haskell-mode,text,55
hasse69-rar2fs,text,85
hattedsquirrel-ryzen_monitor,text,79
hboetes-mg,text,39
hchargois-gohufont,binary,2
hchargois-gohufont,text,27
hchunhui-librime-lua,text,79
heftig-rtkit,text,96
heimdal-heimdal,text,23
helix-editor-helix,text,18
hellerbarde-stapler,text,75
hellosiyan-Viewnior,text,175
hengband-hengband,text,151
henri-gasc-cliphist,text,1024
hercules-team-augeas,missing,1
hercules-team-augeas,text,108
herd-herdtools7,text,44
herumi-xbyak,text,28
hesperos-napi,text,193
hetznercloud-hcloud-python,text,59
hexchat-hexchat,text,108
hexmode-mediawiki-el,text,31
hexpm-hex,text,3
hfst-hfst-ospell,text,114
hgst-libzbc,pictures,2
hgst-libzbc,text,288
hhannine-superpaper,text,72
hhugo-odate,binary,5
hhugo-odate,text,204
hifi-heisenbridge,text,72
higan-emu-higan,missing,421
higan-emu-higan,pictures,4
higan-emu-higan,text,426
highfive-devs-highfive,pictures,4
highfive-devs-highfive,text,176
hillu-local-log4j-vuln-scanner,archives,4
hillu-local-log4j-vuln-scanner,binary,86
hillu-local-log4j-vuln-scanner,pictures,1
hillu-local-log4j-vuln-scanner,text,78
himdel-hsetroot,text,93
hishamhm-busted-htest,text,8
hjelmn-rioutil,text,118
hluk-copyq,text,10
hmatuschek-qdmr,text,56
hmgle-graftcp,text,5
hniksic-emacs-htmlize,text,54
hnlq715-nginx-vts-exporter,text,96
hoelzro-lua-term,text,61
holomorph-systemd-mode,text,62
home-sweet-gnome-dash-to-panel,text,95
horst3180-arc-icon-theme,pictures,2462
horst3180-arc-icon-theme,text,8173
horst3180-vertex-icons,pictures,955
horst3180-vertex-icons,text,9336
horst3180-vertex-theme,pictures,581
horst3180-vertex-theme,text,1169
houseroad-foxi,binary,1
houseroad-foxi,text,45
hoyon-mpv-mpris,text,22
hoytech-lmdbxx,text,65
hoytech-vmtouch,text,63
hpc-libcircle,text,131
hramrach-lm-sensors,text,16
hrkfdn-ncspot,pictures,1
hrkfdn-ncspot,text,20
hroptatyr-dateutils,text,212
hrydgard-ppsspp,text,304
hsoft-avra,binary,4
hsoft-avra,text,159
htacg-tidy-html5,binary,1
htacg-tidy-html5,text,533
html5lib-html5lib-python,binary,1
html5lib-html5lib-python,missing,3
html5lib-html5lib-python,text,160
htop-dev-htop,text,17
httperf-httperf,text,175
httpie-cli,text,146
httplib2-httplib2,binary,2
httplib2-httplib2,text,262
hubblo-org-scaphandre,pictures,1
hubblo-org-scaphandre,text,92
huertatipografica-Alegreya,failed:fonts,140
huertatipografica-Alegreya,fonts,926
huertatipografica-Alegreya,pictures,360
huertatipografica-Alegreya,text,36403
huertatipografica-Alegreya-Sans,failed:fonts,239
huertatipografica-Alegreya-Sans,fonts,1274
huertatipografica-Alegreya-Sans,text,86
huertatipografica-piazzolla,text,110
hufrea-byedpi,text,22
huggingface-accelerate,text,20
huggingface-datasets,text,34
huggingface-evaluate,text,92
huggingface-huggingface_hub,text,17
huggingface-safetensors,text,7
huggingface-tokenizers,text,17
huggingface-transformers,text,213
huggingface-xet-core,text,37
hugglesfox-loclone,text,43
hughsie-libgusb,text,135
hughsie-libjcat,text,28
hughsie-libxmlb,text,10
hugolabe-Wike,pictures,5
hugolabe-Wike,text,105
hugsy-gef,text,70
huijunchen9260-fm.awk,text,80
hukkin-mdurl,text,93
hukkin-tomli,text,66
hukkin-tomli-w,text,84
hunspell-hunspell,text,19
hunspell-mythes,text,111
hunterhacker-jdom,archives,10
hunterhacker-jdom,text,159
hvisage-metalog,text,83
hyattpd-Prodigal,text,119
hydrogen-music-hydrogen,text,98
hydrusnetwork-hydrus,pictures,2
hydrusnetwork-hydrus,text,304
hykilpikonna-hyfetch,text,12
hynek-hatch-fancy-pypi-readme,text,35
hyperrealm-libconfig,archives,7
hyperrealm-libconfig,documents,1
hyperrealm-libconfig,text,178
hyphanet-contrib,binary,10
hyphanet-contrib,pictures,3
hyphanet-contrib,text,108
hyphanet-fred,archives,1
hyphanet-fred,text,136
hypre-space-hypre,text,218
hyprwm-Aquamarine,text,14
hyprwm-Hyprcursor,text,64
hyprwm-Hypridle,text,69
hyprwm-Hyprland,text,12
hyprwm-Hyprlock,text,35
hyprwm-Hyprpicker,text,64
hyprwm-Hyprsunset,text,89
hyprwm-Hyprutils,text,2
hyprwm-contrib,text,89
hyprwm-hyprcursor,text,64
hyprwm-hyprgraphics,binary,1
hyprwm-hyprgraphics,text,76
hyprwm-hyprland-protocols,text,59
hyprwm-hyprland-qt-support,text,82
hyprwm-hyprland-qtutils,text,95
hyprwm-hyprlang,text,78
hyprwm-hyprpaper,text,19
hyprwm-hyprpolkitagent,pictures,1
hyprwm-hyprpolkitagent,text,72
hyprwm-hyprsysteminfo,pictures,4
hyprwm-hyprsysteminfo,text,86
hyprwm-hyprwayland-scanner,text,48
hyprwm-xdg-desktop-portal-hyprland,missing,1
hyprwm-xdg-desktop-portal-hyprland,text,38
hzeller-timg,text,150
i-rinat-apulse,text,133
i-rinat-fragview,text,149
i-rinat-reiserfs-defrag,text,79
iamthehorker-libfreeaptx,text,33
ianfab-Fairy-Stockfish,text,38
ianka-xfs_undelete,text,69
ianw-libiptcdata,binary,46
ianw-libiptcdata,text,160
ib-xarchiver,text,27
ibireme-yyjson,text,6
iblech-nat-traverse,archives,7
iblech-nat-traverse,documents,1
iblech-nat-traverse,pictures,3
iblech-nat-traverse,text,12
ibus-ibus,text,16
ibus-ibus-anthy,text,12
ibus-ibus-m17n,text,58
ibus-ibus-pinyin,text,266
icculus-SDL_sound,text,9
icculus-physfs,text,67
ice-wm-icewm,text,256
icecc-icecream,text,116
icecc-icemon,pictures,5
icecc-icemon,text,135
icholy-ttygif,archives,1
icholy-ttygif,pictures,1
icholy-ttygif,text,53
icing-mod_h2,archives,1
icing-mod_h2,text,85
icing-mod_tls,pictures,3
icing-mod_tls,text,328
icsharpcode-AvaloniaILSpy,missing,2
icsharpcode-AvaloniaILSpy,text,161
icy-arctic-fox-spectator,text,107
idanarye-vim-merginal,text,100
idris-hackers-idris-mode,text,83
idris-lang-Idris2,text,241
ietf-tools-idnits,text,87
ietf-tools-xml2rfc,text,145
ifreund-waylock,missing,11
ifreund-waylock,text,129
igbinary-igbinary,text,150
igraph-igraph,text,24
igrigorik-em-websocket,text,121
ihabunek-toot,text,56
ihhub-fheroes2,text,54
ikalnytskyi-termcolor,pictures,1
ikalnytskyi-termcolor,text,102
ikegami-yukino-jaconv,text,105
ildar-shaimordanov-logmerge,text,16
iliketwertles-owo,text,5
iliketwertles-twertlefetch,pictures,2
iliketwertles-twertlefetch,text,36
ilya-zlobintsev-LACT,text,53
imageio-imageio,text,94
imageio-imageio-ffmpeg,text,98
imageworks-Field3D,text,345
imageworks-pystring,text,84
imapsync-imapsync,binary,28
imapsync-imapsync,documents,1
imapsync-imapsync,fonts,12
imapsync-imapsync,missing,1
imapsync-imapsync,pictures,9
imapsync-imapsync,text,751
immerrr-lua-mode,text,74
immutable-ruby-immutable-ruby,text,746
imneme-pcg-cpp,text,80
imsnif-bandwhich,text,96
include-what-you-use-include-what-you-use,text,30
indigo-dc-oidc-agent,pictures,3
indigo-dc-oidc-agent,text,121
indilib-indi,text,26
indygreg-python-zstandard,text,56
infinityworks-github-exporter,text,116
infirit-caja-admin,text,102
inflex-alterMIME,text,33
inflex-ripMIME,binary,1
inflex-ripMIME,text,104
influxdata-chronograf,text,35
influxdata-influx-cli,missing,3
influxdata-influx-cli,text,169
influxdata-influxdb,text,96
influxdata-kapacitor,text,100
influxdata-telegraf,text,37
ingenarel-guru-depfiles,text,20
ingokegel-jclasslib,archives,2
ingokegel-jclasslib,text,31
inhabitedtype-angstrom,text,87
inhabitedtype-bigstringaf,text,95
inikep-lz5,text,392
inim-repl-inim,text,91
iniparser-iniparser,text,54
innotop-innotop,text,74
inotify-tools-inotify-tools,text,156
input-leap-input-leap,text,212
insightindustry-validator-collection,text,104
insilmaril-vym,text,27
inspektor-gadget-inspektor-gadget,text,92
inspircd-inspircd,text,13
instead-hub-instead,archives,1
instead-hub-instead,binary,3
instead-hub-instead,text,100
instrumenta-kubeval,text,98
int128-kubelogin,text,29
integral-dw-org-superstar-mode,text,66
integrit-integrit,text,158
intel-INTEL-SA-00075-Linux-Detection-And-Mitigation-Tools,text,23
intel-Intel-Linux-Processor-Microcode-Data-Files,binary,761
intel-Intel-Linux-Processor-Microcode-Data-Files,text,62
intel-bmap-tools,binary,8
intel-bmap-tools,text,111
intel-clear-sans,failed:fonts,8
intel-clear-sans,fonts,16
intel-clear-sans,text,12
intel-cmrt,binary,95
intel-cmrt,text,95
intel-compute-runtime,text,203
intel-gmmlib,text,65
intel-ideep,missing,27
intel-ideep,text,14
intel-igsc,text,23
intel-intel-graphics-compiler,text,38
intel-intel-hybrid-driver,binary,60
intel-intel-hybrid-driver,text,194
intel-intel-ipsec-mb,text,121
intel-intel-one-mono,archives,34
intel-intel-one-mono,fonts,376
intel-intel-one-mono,text,31389
intel-isa-l,text,40
intel-isa-l_crypto,text,49
intel-libva,text,80
intel-libva-utils,text,83
intel-libvpl,text,103
intel-libvpl-tools,text,58
intel-media-driver,text,101
intel-metee,text,32
intel-metrics-discovery,text,1545
intel-metrics-library,text,1462
intel-mptcpd,text,179
intel-msr-tools,text,37
intel-opencl-clang,text,1
intel-tbb,text,15
intel-tbtools,text,43
intel-thermal_daemon,text,11
intel-vc-intrinsics,text,177
intel-vpl-gpu-rt,text,14
intiface-intiface-central,text,29
intridea-multi_json,text,111
introlab-rtabmap,text,22
inverse-inc-sope,text,80
ioflo-ioflo,text,173
ionenwks-iwdevtools,text,98
ionide-FsAutoComplete,text,47
ioquatix-fiber-annotation,text,29
ioquatix-fiber-storage,text,75
iovisor-bcc,text,17
iovisor-ply,text,100
ipfs-ipfs-desktop,text,6
ipfs-kubo,text,230
ipmitool-ipmitool,binary,2
ipmitool-ipmitool,text,134
iptraf-ng-iptraf-ng,text,136
iputils-iputils,text,7
ipython-comm,text,87
ipython-matplotlib-inline,text,81
iqbalansari-emacs-emojify,text,53
irill-camlbz2,binary,2
irill-camlbz2,text,85
irill-cudf,text,239
irill-dose3,text,289
irino-softflowd,text,82
irontec-sngrep,text,16
irql-notlessorequal-intel-vaapi-driver,archives,1
irql-notlessorequal-intel-vaapi-driver,text,64
irssi-irssi,text,104
isc-projects-ethq,text,115
iscc-mobi,binary,1
iscc-mobi,text,153
ispc-ispc,text,118
ispell-lt-ispell-lt,binary,45
ispell-lt-ispell-lt,text,62
ispras-parmasan,pictures,2
ispras-parmasan,text,392
ispras-parmasan-remake,pictures,5
ispras-parmasan-remake,text,227
issuu-ocaml-zmq,text,82
itchyny-gojq,text,9
itchyny-lightline.vim,text,68
its-Lyn-lyfetch,pictures,3
its-Lyn-lyfetch,text,21
itstool-itstool,text,238
iucode-tool-releases,archives,37
iucode-tool-releases,text,38
iustin-mt-st,text,74
iv-org-invidious,text,18
iv-org-protodec,text,41
ivmai-bdwgc,text,38
iwalton3-jellyfin-web-jmp,text,110
izzy-Adebar,text,91
j6t-kdbg,text,200
jaafreitas-mkgallery,binary,25
jaafreitas-mkgallery,pictures,102
jaafreitas-mkgallery,text,53
jaalto-project-emacs--folding-mode,text,53
jab-bidict,text,24
jabranham-system-packages,text,60
jack-cli-cd-ripper-jack,text,113
jackaudio-a2jmidid,text,102
jackaudio-jack-example-tools,text,85
jackaudio-jack1,missing,12
jackaudio-jack1,text,125
jackaudio-jack2,text,144
jacksonliam-mjpg-streamer,text,80
jacktrip-jacktrip,binary,1
jacktrip-jacktrip,missing,2
jacktrip-jacktrip,pictures,5
jacktrip-jacktrip,text,212
jahlborn-jackcess,binary,1
jahlborn-jackcess,text,120
jahnf-Projecteur,pictures,2
jahnf-Projecteur,text,125
jai-imageio-jai-imageio-core,binary,4
jai-imageio-jai-imageio-core,failed:pictures,5
jai-imageio-jai-imageio-core,pictures,12
jai-imageio-jai-imageio-core,text,77
jai-imageio-jai-imageio-jpeg2000,text,59
jaimegildesagredo-doublex-expects,text,70
jakar-qt-heif-image-plugin,text,79
jakartaee-cdi,text,37
jakartaee-common-annotations-api,binary,1
jakartaee-common-annotations-api,pictures,9
jakartaee-common-annotations-api,text,229
jakartaee-expression-language,text,27
jakartaee-inject,text,75
jakartaee-inject-tck,text,89
jakartaee-interceptors,missing,1
jakartaee-interceptors,text,193
jakartaee-jaf-api,text,16
jakartaee-jaxb-api,missing,1
jakartaee-jaxb-api,text,27
jakartaee-jsonb-api,text,33
jakartaee-jsonp-api,text,296
jakartaee-mail-api,text,13
jakartaee-messaging,text,71
jakartaee-rest,archives,1
jakartaee-rest,text,171
jakartaee-saaj-api,text,37
jakartaee-servlet,text,207
jakartaee-tags,archives,12
jakartaee-tags,binary,4
jakartaee-tags,text,5861
jallbrit-cbonsai,text,62
james-d-mitchell-gaplint,archives,5
james-d-mitchell-gaplint,pictures,1
james-d-mitchell-gaplint,text,81
jamesmcm-vopono,text,117
jamesodhunt-procenv,text,138
jamielinux-bashmount,pictures,5
jamielinux-bashmount,text,66
jamiemcg-remarkable,pictures,17
jamiemcg-remarkable,text,159
janMelon-linjawawa,fonts,28
janMelon-linjawawa,pictures,5
janMelon-linjawawa,text,45
janbar-noson-app,archives,2
janbar-noson-app,text,112
janestreet-async,text,453
janestreet-async_kernel,text,577
janestreet-async_log,text,270
janestreet-async_rpc_kernel,text,819
janestreet-async_unix,text,530
janestreet-base,text,2416
janestreet-base_bigstring,text,107
janestreet-base_quickcheck,text,327
janestreet-bin_prot,text,323
janestreet-capitalization,text,28
janestreet-core,binary,7
janestreet-core,missing,101
janestreet-core,text,3471
janestreet-core_bench,text,444
janestreet-core_extended,text,259
janestreet-core_kernel,binary,2
janestreet-core_kernel,text,1808
janestreet-core_unix,text,940
janestreet-delimited_parsing,text,98
janestreet-expect_test_helpers_core,text,171
janestreet-fieldslib,text,67
janestreet-gel,text,27
janestreet-int_repr,text,54
janestreet-jane-street-headers,text,70
janestreet-jst-config,text,66
janestreet-memtrace,binary,1
janestreet-memtrace,pictures,1
janestreet-memtrace,text,149
janestreet-ocaml-compiler-libs,text,97
janestreet-ocaml_intrinsics,text,297
janestreet-ocaml_intrinsics_kernel,text,120
janestreet-parsexp,text,414
janestreet-patdiff,text,435
janestreet-patience_diff,text,143
janestreet-ppx_assert,text,106
janestreet-ppx_base,text,77
janestreet-ppx_bench,text,124
janestreet-ppx_bin_prot,text,226
janestreet-ppx_cold,text,63
janestreet-ppx_compare,text,160
janestreet-ppx_custom_printf,text,92
janestreet-ppx_diff,text,377
janestreet-ppx_disable_unused_warnings,text,56
janestreet-ppx_enumerate,text,95
janestreet-ppx_expect,text,755
janestreet-ppx_fields_conv,text,187
janestreet-ppx_fixed_literal,text,44
janestreet-ppx_globalize,text,49
janestreet-ppx_hash,text,198
janestreet-ppx_here,text,85
janestreet-ppx_ignore_instrumentation,text,43
janestreet-ppx_inline_test,text,233
janestreet-ppx_jane,text,87
janestreet-ppx_js_style,text,98
janestreet-ppx_let,text,180
janestreet-ppx_log,text,312
janestreet-ppx_module_timer,text,111
janestreet-ppx_optcomp,text,94
janestreet-ppx_optional,text,76
janestreet-ppx_pipebang,text,83
janestreet-ppx_sexp_conv,text,599
janestreet-ppx_sexp_message,text,94
janestreet-ppx_sexp_value,text,95
janestreet-ppx_stable,text,136
janestreet-ppx_stable_witness,text,56
janestreet-ppx_string,text,95
janestreet-ppx_string_conv,text,34
janestreet-ppx_tydi,text,44
janestreet-ppx_typerep_conv,text,78
janestreet-ppx_variants_conv,text,130
janestreet-ppx_yojson_conv_lib,text,39
janestreet-ppxlib_jane,text,239
janestreet-protocol_version_header,text,135
janestreet-record_builder,text,107
janestreet-result,text,51
janestreet-sexp_pretty,text,111
janestreet-sexplib,text,157
janestreet-sexplib0,text,187
janestreet-spawn,text,135
janestreet-splittable_random,text,90
janestreet-stdio,text,101
janestreet-textutils,text,205
janestreet-textutils_kernel,text,122
janestreet-time_now,text,65
janestreet-timezone,text,87
janestreet-typerep,text,168
janestreet-uopt,text,42
janestreet-variantslib,text,68
janet-lang-janet,text,14
jangko-nim-noise,text,128
janko-image_processing,pictures,3
janko-image_processing,text,51
janlelis-paint,text,84
janlelis-unicode-display_width,archives,2
janlelis-unicode-display_width,text,97
janlelis-unicode-emoji,archives,3
janlelis-unicode-emoji,text,200
janluke-cloup,text,85
janmojzis-tinyssh,text,30
jaqx0r-pymad,binary,2
jaqx0r-pymad,text,61
jared-hughes-isosurfaces,text,81
jarro2783-cxxopts,text,53
jarun-buku,catalogs,8
jarun-buku,text,192
jarun-nnn,text,9
jaseg-python-mpv,text,68
jashkenas-coffeescript,failed:fonts,1
jashkenas-coffeescript,fonts,2
jashkenas-coffeescript,text,420
jasmin-j-vdr-plugin-ddci2,text,153
jasonccox-vim-wayland-clipboard,text,47
jasper-software-jasper,binary,5
jasper-software-jasper,text,97
jasper-software-xv,binary,2
jasper-software-xv,pictures,10
jasper-software-xv,text,233
java-diff-utils-java-diff-utils,archives,1
java-diff-utils-java-diff-utils,text,152
java-native-access-jna,archives,103
java-native-access-jna,text,59
javacc-javacc,archives,2
javacc-javacc,binary,1
javacc-javacc,text,104
javaee-javahelp,archives,9
javaee-javahelp,binary,269
javaee-javahelp,documents,2
javaee-javahelp,pictures,458
javaee-javahelp,text,1361
javaparser-javaparser,text,54
javaruntype-javaruntype,binary,17
javaruntype-javaruntype,text,146
jawatson-pythonprop,documents,3
jawatson-pythonprop,pictures,10
jawatson-pythonprop,text,68
jawatson-voacapl,text,73
jax-ml-ml_dtypes,text,64
jaxen-xpath-jaxen,text,41
jayme-github-fritzbox_smarthome_exporter,text,116
jaymzh-iptstate,pictures,7
jaymzh-iptstate,text,57
jaymzh-pius,text,124
jaynetics-leto,text,61
jaynetics-regexp_property_values,text,142
jayofdoom-realtek-r8152-unchanged,text,22
jazzband-django-polymorphic,text,49
jazzband-django-sortedm2m,binary,4
jazzband-django-sortedm2m,catalogs,2
jazzband-django-sortedm2m,text,123
jazzband-django-taggit,text,149
jbeder-yaml-cpp,text,297
jbeverly-pam_ssh_agent_auth,binary,3
jbeverly-pam_ssh_agent_auth,missing,1
jbeverly-pam_ssh_agent_auth,text,671
jbj-magicrescue,archives,2
jbj-magicrescue,binary,9
jbj-magicrescue,pictures,3
jbj-magicrescue,text,334
jborean93-requests-credssp,text,170
jboss-javassist-javassist,archives,9
jboss-javassist-javassist,binary,2
jboss-javassist-javassist,text,187
jboss-jboss-jms-api_spec,text,333
jbruchon-dev86,text,191
jbruchon-jdupes,text,81
jbruchon-libjodycode,text,86
jca02266-lha,binary,20
jca02266-lha,text,94
jceb-dex,text,63
jclehner-bcm2-utils,text,63
jcrist-msgspec,text,24
jcs-xbanish,text,67
jd-boyd-sexpdata,text,96
jd-sysrqd,text,64
jdholtz-i3-restore,missing,10
jdholtz-i3-restore,text,169
jdhore-epkg,text,26
jdillard-sphinx-sitemap,text,77
jdtsmith-indent-bars,text,25
jdtsmith-kind-icon,text,50
jdum-odfdo,archives,1
jdum-odfdo,text,24
jdum-odsgenerator,archives,32
jdum-odsgenerator,binary,12
jdum-odsgenerator,missing,8
jdum-odsgenerator,pictures,9
jdum-odsgenerator,text,260
jdum-odsparsator,archives,14
jdum-odsparsator,binary,12
jdum-odsparsator,missing,8
jdum-odsparsator,pictures,3
jdum-odsparsator,text,252
jdx-mise,text,34
jeaye-stdman,binary,940
jeaye-stdman,missing,151
jeaye-stdman,text,59619
jech-babeld,text,92
jedisct1-minisign,text,37
jeffkaufman-icdiff,binary,1
jeffkaufman-icdiff,text,100
jekyll-jekyll,text,45
jekyll-jekyll-coffeescript,text,79
jekyll-jekyll-sass-converter,text,90
jekyll-jekyll-sitemap,text,84
jekyll-jekyll-watch,missing,18
jekyll-jekyll-watch,text,78
jekyll-jekyll.git,text,34
jellyfin-jellyfin.git,text,35
jelmer-upstream-ontologist,text,17
jelmer-upstream-ontologist-py,text,6
jemalloc-jemalloc,text,40
jemcek-packETH,binary,13
jemcek-packETH,text,174
jensengroup-propka,text,141
jepler-cropgui,text,71
jeremy-rifkin-cpptrace,pictures,3
jeremy-rifkin-cpptrace,text,112
jeremyevans-aqualung,pictures,114
jeremyevans-aqualung,text,225
jeremyevans-erubi,text,65
jeremyevans-minitest-hooks,text,54
jeremyevans-ruby-warning,text,80
jeremyevans-sequel,text,24
jeremyevans-tilt,text,78
jeremyw-stamp,text,102
jeroennijhof-pam_script,text,126
jeromerobert-pdfarranger,text,14
jerryscript-project-jerryscript,text,214
jesopo-irctokens,text,78
jesseduffield-lazygit,text,28
jesseduffield-lazygit.git,text,92
jessek-hashdeep,text,118
jessepollak-urlmatch,text,38
jettison-json-jettison,text,17
jfelchner-ruby-progressbar,text,163
jflex-de-jflex,text,476
jfrog-jfrog-cli,text,30
jgaeddert-liquid-dsp,text,131
jgarber-redcloth,text,102
jgemu-bsnes,text,28
jgemu-cega,text,86
jgemu-gambatte,text,77
jgemu-geolith,text,15
jgemu-jg,text,66
jgemu-jgrf,text,12
jgemu-jollycv,text,59
jgemu-mednafen,text,16
jgemu-melonds,text,278
jgemu-mgba,binary,1
jgemu-mgba,text,198
jgemu-nestopia,text,33
jgemu-prosystem,text,61
jgemu-sameboy,binary,1
jgemu-sameboy,failed:pictures,2
jgemu-sameboy,text,76
jgemu-vecx,text,71
jgke-connman-gtk,binary,1
jgke-connman-gtk,text,131
jgosmann-pylint-venv,text,75
jhawthorn-fzy,text,83
jhspetersson-fselect,text,15
jhunt-hatop,text,80
jiaaro-pydub,binary,1
jiaaro-pydub,text,66
jieter-django-tables2,text,108
jiffyclub-snakeviz,text,76
jiixyj-libebur128,text,63
jimsalterjrs-Sanoid,text,82
jirka-h-haveged,text,63
jirutka-qemu-openrc,text,72
jirutka-ssh-ldap-pubkey,text,91
jirutka-swaylock-effects,text,86
jistr-vim-nerdtree-tabs,text,63
jitsi-jitsi-meet-electron,text,13
jitsi-jiwer,text,151
jj-vcs-jj,text,16
jj1bdx-dbskkd-cdb,binary,1
jj1bdx-dbskkd-cdb,text,56
jjjake-internetarchive,text,41
jjlee-rescript-mode,text,51
jjwhitney-BDelta,archives,3
jjwhitney-BDelta,text,87
jkfran-killport,text,17
jkriege2-JKQtPlotter,pictures,2720
jkriege2-JKQtPlotter,text,140
jkroonza-asterisk-base,text,15
jlanzarotta-bufexplorer,text,55
jlblancoc-nanoflann,text,17
jlec-hcalc,text,24
jlec-unfoo,archives,31
jlec-unfoo,binary,26
jlec-unfoo,text,52
jline-jline2,text,155
jlu5-SupyPlugins,text,1
jlusiardi-tlv8_python,text,89
jmacd-xdelta-gpl,text,128
jmcnamara-XlsxWriter,archives,37
jmcnamara-XlsxWriter,text,229
jmcnamara-libxlsxwriter,archives,10
jmcnamara-libxlsxwriter,pictures,1
jmcnamara-libxlsxwriter,text,1309
jmespath-jmespath.py,text,93
jmespath-jmespath.rb,missing,1
jmespath-jmespath.rb,text,263
jmespath-jp,text,796
jmhodges-rchardet,binary,25
jmhodges-rchardet,text,109
jmock-developers-jmock-library,text,79
jneen-rouge,text,20
jneen-spct,missing,1
jneen-spct,text,53
jnovy-pxz,text,54
jnr-jffi,archives,6
jnr-jffi,text,51
jnr-jnr-a64asm,text,99
jnr-jnr-constants,text,422
jnr-jnr-ffi,text,84
jnr-jnr-netdb,text,106
jnr-jnr-posix,text,47
jnr-jnr-x86asm,missing,37
jnr-jnr-x86asm,text,191
jnsh-arc-theme,pictures,2
jnsh-arc-theme,text,198
jnunemaker-crack,text,91
jnunemaker-httparty,text,83
jnurmine-Zenburn,text,48
joakim666-colortail,text,110
joaotavora-sly,binary,3
joaotavora-sly,text,155
joaotavora-yasnippet,binary,2
joaotavora-yasnippet,text,56
joblib-loky,text,87
joblib-threadpoolctl,text,109
jodal-pykka,archives,1
jodal-pykka,binary,1
jodal-pykka,pictures,1
jodal-pykka,text,202
joewalnes-websocketd,text,12
joewing-jwm,text,114
joeyespo-path-and-address,text,78
johang-btfs,text,55
john30-ebusd,text,147
johnfactotum-foliate,missing,1
johnfactotum-foliate,text,59
johnkerl-miller,text,16
johnwhitington-cpdf-source,text,17
johnwhitington-ppx_blob,text,161
jonas-tig,text,88
jonasmr-microprofile,missing,2
jonasmr-microprofile,pictures,4
jonasmr-microprofile,text,171
joncampbell123-dosbox-x,text,15
jonelo-jacksum,text,9
jonls-redshift,catalogs,1
jonls-redshift,text,189
jonmacs-jove,text,15
joodland-bm,text,54
joostkremers-ebib,text,91
joostkremers-pandoc-mode,text,64
joostkremers-parsebib,text,45
jopohl-urh,text,447
jopt-simple-jopt-simple,archives,1
jopt-simple-jopt-simple,missing,8
jopt-simple-jopt-simple,pictures,1
jopt-simple-jopt-simple,text,581
jordansissel-xdotool,text,52
jorgenschaefer-circe,text,78
jorgenschaefer-elpy,text,91
jorgenschaefer-emacs-buttercup,text,53
jorgenschaefer-pyvenv,text,64
jorisvink-kore,text,45
josephwright-beamer,text,90
jouni-mpv_sponsorblock_minimal,text,42
jovanlanik-gtklock,catalogs,1
jovanlanik-gtklock,text,119
jowi24-vdr-fritz,binary,18
jowi24-vdr-fritz,missing,22
jowi24-vdr-fritz,text,81
jowi24-vdr-mlist,binary,6
jowi24-vdr-mlist,text,41
jowi24-vdr-screenshot,binary,17
jowi24-vdr-screenshot,text,64
jpace-paramesan,text,38
jpbarrette-curlpp,documents,1
jpbarrette-curlpp,text,89
jpfleury-clearlooks-phenix,pictures,7
jpfleury-clearlooks-phenix,text,62
jpirko-libteam,text,77
jpmens-jo,text,112
jpnurmi-znc-playback,text,50
jpoliv-wakeonlan,text,38
jpr5-ngrep,archives,3
jpr5-ngrep,missing,6
jpr5-ngrep,text,86
jpype-project-jpype,text,7
jqlang-jq,text,28
jquery-ui-rails-jquery-ui-rails,missing,9
jquery-ui-rails-jquery-ui-rails,pictures,26
jquery-ui-rails-jquery-ui-rails,text,1170
jrblevin-deft,text,58
jrblevin-markdown-mode,text,81
jreybert-vimagit,text,88
jrfonseca-xdot.py,binary,1
jrfonseca-xdot.py,text,61
jrnl-org-jrnl,text,12
jrspruitt-ubi_reader,text,95
js8call-js8call,text,115
jschaf-esup,text,96
jschaf-powershell.el,binary,7
jschaf-powershell.el,text,45
jschx-ufetch,pictures,1
jschx-ufetch,text,331
json-parser-json-parser,text,68
json-path-JsonPath,archives,1
json-path-JsonPath,text,191
jsonpickle-jsonpickle,text,60
jspecify-jspecify,text,11
jstedfast-gmime,text,73
jstkdng-ueberzugpp,text,120
jsvine-markovify,text,76
jtauber-pyuca,text,102
jtesta-ssh-audit,text,106
jtheoof-swappy,pictures,1
jtheoof-swappy,text,126
jthornber-thin-provisioning-tools,binary,3
jthornber-thin-provisioning-tools,text,44
jtniehof-syslog-notify,text,57
jtroo-kanata,text,27
jtushman-proxy_tools,text,32
jtv-libpqxx,text,20
jtwig-jtwig-core,archives,1
jtwig-jtwig-core,missing,1
jtwig-jtwig-core,text,123
jtwig-jtwig-reflection,archives,1
jtwig-jtwig-reflection,missing,3
jtwig-jtwig-reflection,text,132
juanfont-headscale,documents,2
juanfont-headscale,pictures,4
juanfont-headscale,text,30
jubalh-nudoku,text,76
juddmon-jpilot,text,41
judofyr-duktape.rb,text,85
judofyr-temple,text,138
juhovh-shairplay,text,119
jun7-wyebadblock,text,62
junegunn-fzf,text,23
junegunn-vader.vim,text,63
junegunn-vim-easy-align,text,93
junghans-cwdiff,text,45
junit-pioneer-junit-pioneer,archives,4
junit-pioneer-junit-pioneer,text,273
junit-team-junit4,archives,5
junit-team-junit4,binary,2
junit-team-junit4,text,88
junit-team-junit5,text,36
jupp0r-prometheus-cpp,text,95
jupyter-sphinxcontrib_github_alt,text,18
jupyter-testpath,text,72
jupyterlab-jupyterlab-desktop,text,28
jurplel-qView,text,116
just-containers-s6-overlay,text,64
justanhduc-task-spooler,text,74
justdan96-tsMuxer,text,53
justinethier-cyclone-bootstrap,text,217
justinmayer-smartypants.py,text,109
justinmayhew-greenstalk,text,90
justinrainbow-json-schema,text,88
justjanne-powerline-go,pictures,1
justjanne-powerline-go,text,107
justwatchcom-elasticsearch_exporter,text,20
juzzlin-DustRacing2D,text,138
jvirkki-libbloom,archives,2
jvirkki-libbloom,pictures,2
jvirkki-libbloom,text,63
jvoisin-mat2,text,15
jwiegley-emacs-async,text,55
jwiegley-remember,text,59
jwiegley-use-package,pictures,4
jwiegley-use-package,text,177
jwrdegoede-mx5000tools,text,123
jwt-ruby-jwt,text,32
jzelinskie-faq,text,127
k-takata-Onigmo,text,146
k4zmu2a-SpaceCadetPinball,binary,1
k4zmu2a-SpaceCadetPinball,pictures,1
k4zmu2a-SpaceCadetPinball,text,259
k9spud-appswipe,text,111
kactus2-kactus2dev,text,96
kainjow-mustache,text,77
kaio-ibus-table,text,30
kakoune-lsp-kakoune-lsp,text,27
kakulukia-pypugjs,text,80
kaltura-nginx-vod-module,text,101
kamel5-extrecmenung,binary,71
kamel5-extrecmenung,text,132
kana-vim-vspec,text,118
kandu-charInfo_width,text,61
kandu-mew,text,64
kandu-mew_vi,text,78
kandu-trie,text,35
karlb-bumprace,binary,10
karlb-bumprace,pictures,1
karlb-bumprace,text,128
karlch-vimiv-qt,text,71
karlkleinpaste-biblesync,text,103
karlstav-cava,text,20
karpetrosyan-anysqlite,text,54
karpetrosyan-hishel,text,24
karthink-gptel,text,11
kashell-Kawa,binary,6
kashell-Kawa,text,78
kassoulet-soundconverter,text,61
kaushalmodi-eless,text,129
kazu-yamamoto-Mew,binary,1
kazu-yamamoto-Mew,text,67
kazuho-picojson,missing,2
kazuho-picojson,text,62
kbr-fritzconnection,text,87
kbudde-rabbitmq_exporter,text,86
kdave-btrfsmaintenance,text,82
kdudka-nss-pem,text,68
keepassxreboot-keepassxc,text,1
keis-git-fixup,text,67
kellyjonbrazil-jc,binary,3
kellyjonbrazil-jc,text,267
kemalcr-kemal,text,14
kenamick-savagewheels,binary,1
kenamick-savagewheels,pictures,1
kenamick-savagewheels,text,63
kennbr34-wmfire,binary,2
kennbr34-wmfire,text,158
kennethreitz-clint,binary,7
kennethreitz-clint,pictures,3
kennethreitz-clint,text,107
kennylevinsen-mdns-repeater,text,37
keplerproject-lua-compat-5.3,text,77
keplerproject-luacov,pictures,5
keplerproject-luacov,text,160
keplerproject-luafilesystem,pictures,1
keplerproject-luafilesystem,text,85
keplerproject-md5,binary,2
keplerproject-md5,pictures,1
keplerproject-md5,text,149
kergalym-myspell-kk,text,57
kernaltrap8-badvideo,pictures,11
kernaltrap8-badvideo,text,37
kernaltrap8-proctl,binary,2
kernaltrap8-proctl,text,29
kernaltrap8-tinyfetch,binary,4
kernaltrap8-tinyfetch,text,83
kernel-firmware-linux-firmware,binary,42
kernel-firmware-linux-firmware,text,7
kernelslacker-x86info,text,3
keshikan-DSEG,binary,2
keshikan-DSEG,fonts,610
keshikan-DSEG,pictures,8
keshikan-DSEG,text,408
kevin1024-pytest-httpbin,text,83
kevin1024-vcrpy,text,66
keybase-client,text,158
keystone-engine-keystone,text,316
kfb77-vdr-plugin-markad,text,26
kfish-xsel,text,55
kgraefe-pidgin-birthday-reminder,text,142
khenriks-mp3fs,binary,2
khenriks-mp3fs,text,164
kholtman-afio,archives,3
kholtman-afio,binary,4
kholtman-afio,text,181
khvzak-bluez-tools,text,322
kichikuou-xsystem35-sdl2,text,10
kigster-colored2,pictures,3
kigster-colored2,text,141
kilobyte-colorized-logs,text,64
kilobyte-compsize,text,54
kimwalisch-primecount,text,17
kimwalisch-primesieve,text,14
kind2-mc-kind2,text,28
kirei-fpdns,pictures,14
kirei-fpdns,text,209
kismetwireless-lorcon,text,91
kit-ty-kate-spdx_licenses,text,113
kitone-subtitleeditor,text,447
kitsunyan-intel-undervolt,text,171
kiwanami-emacs-calfw,text,75
kiwanami-emacs-ctable,pictures,9
kiwanami-emacs-ctable,text,57
kiwanami-emacs-deferred,text,103
kiwanami-emacs-epc,pictures,6
kiwanami-emacs-epc,text,67
kiwix-kiwix-desktop,text,92
kiwix-libkiwix,text,31
kiyo-masui-bitshuffle,text,95
kjokjo-ipcalc,pictures,2
kjokjo-ipcalc,text,28
kkos-oniguruma,text,123
kkroening-ffmpeg-python,binary,1
kkroening-ffmpeg-python,pictures,9
kkroening-ffmpeg-python,text,108
klange-nyancat,text,72
klausman-lib_users,text,100
kmatheussen-jack_capture,binary,9
kmatheussen-jack_capture,text,60
kmpm-nodemcu-uploader,pictures,1
kmpm-nodemcu-uploader,text,123
knik0-faac,text,12
knik0-faad2,text,45
knorrie-btrfs-heatmap,archives,6
knorrie-btrfs-heatmap,pictures,53
knorrie-btrfs-heatmap,text,74
knorrie-python-btrfs,text,74
knqyf263-pet,pictures,1
knqyf263-pet,text,103
knu-elscreen,binary,2
knu-elscreen,text,200
knu-ruby-unf,text,87
knu-sorted_set,text,29
knyar-nginx-lua-prometheus,text,104
koalalorenzo-python-digitalocean,text,128
koalaman-pack,text,10
koct9i-ioping,text,67
kode54-dumb,text,275
kodi-pvr-pvr.vdr.vnsi,text,298
kohsuke-metainf-services,text,62
koki-develop-gat,text,18
kokkos-kokkos,text,61
kolbusa-stalonetray,text,94
konradhalas-dacite,text,80
konstantint-matplotlib-venn,text,171
kop316-vvmd,text,86
kop316-vvmplayer,pictures,8
kop316-vvmplayer,text,73
kopia-kopia,text,44
kornelski-pngquant,missing,25
kornelski-pngquant,text,90
koron-cmigemo,binary,14
koron-cmigemo,text,1
kouya-tornado,binary,13
kouya-tornado,text,41
kovidgoyal-calibre.git,pictures,1
kovidgoyal-calibre.git,text,32
kovidgoyal-kitty,text,23
kovidgoyal-rapydscript-ng,text,16
koweda-zenpower3,text,66
kpeeters-cadabra2,pictures,9
kpeeters-cadabra2,text,128
kpeeters-tree.hh,pictures,5
kpeeters-tree.hh,text,124
kplindegaard-smbus2,text,83
kra-mo-cartridges,text,13
kraflab-dsda-doom,text,62
krallin-tini,text,102
kravietz-poppassd-ceti,text,72
kraxel-fbida,binary,2
kraxel-fbida,text,71
krig-parallax,text,76
kristapsdz-lowdown,text,32
kristapsdz-openrsync,text,22
kscanne-gaelspell,text,151
ksh93-ksh,text,57
ksnip-kColorPicker,text,137
ksnip-kImageAnnotator,text,91
ksnip-ksnip,text,80
kspalaiologos-bzip3,text,55
kt315-zookeepercli,text,95
ktossell-libuvc,text,88
kubernetes-kompose,text,116
kubernetes-kops,text,2280
kubernetes-kubernetes,binary,2
kubernetes-kubernetes,text,259
kubernetes-kubernetes.git,text,434
kubernetes-minikube,text,51
kubernetes-sigs-cri-tools,text,80
kubernetes-sigs-kind,text,79
kubetail-org-kubetail,text,38
kubevirt-kubevirt,text,112
kumina-openvpn_exporter,text,46
kumina-postfix_exporter,text,124
kupferlauncher-keybinder,text,93
kurtmckee-feedparser,text,158
kurtraschke-pyRFC3339,text,48
kvirc-KVIrc,text,496
kvspb-nginx-auth-ldap,text,56
kward-shflags,text,62
kward-shunit2,text,86
kwarunek-aiounittest,text,102
kyrus-python-junit-xml,text,97
kyuupichan-aiorpcX,text,110
kyz-libmspack,binary,19
kyz-libmspack,text,115
l3ib-nitrogen,text,74
l4rzy-ncman,text,187
labwc-labwc,text,27
ladislav-zezula-StormLib,text,87
lainsce-khronos,catalogs,2
lainsce-khronos,pictures,16
lainsce-khronos,text,119
lammps-lammps,text,197
lanceman2-quickplot,pictures,14
lanceman2-quickplot,text,74
lancos-ponyprog,missing,5
lancos-ponyprog,text,241
languitar-autosuspend,text,10
lanl-MPI-Bash,text,108
lanl-pyxDamerauLevenshtein,text,3
lanoxx-tilda,text,127
lanthora-candy,text,166
lapce-lapce,pictures,1
lapce-lapce,text,54
larsbrinkhoff-httptunnel,binary,4
larsbrinkhoff-httptunnel,pictures,1
larsbrinkhoff-httptunnel,text,113
larsbrinkhoff-terminal-simulator,binary,1
larsbrinkhoff-terminal-simulator,missing,1
larsbrinkhoff-terminal-simulator,pictures,1
larsbrinkhoff-terminal-simulator,text,183
laserlemon-simple_oauth,text,30
lassekongo83-adw-gtk3,pictures,2
lassekongo83-adw-gtk3,text,54
lassekongo83-zuki-themes,pictures,123
lassekongo83-zuki-themes,text,582
lastfm-liblastfm,text,86
latchset-clevis,text,31
latchset-jose,text,122
latchset-jwcrypto,text,56
latchset-libverto,text,107
latchset-luksmeta,text,84
latchset-tang,text,122
latex-rubber-rubber,text,82
latex2html-latex2html,binary,4
latex2html-latex2html,text,119
lathiat-avahi,text,15
lathiat-nss-mdns,text,100
lauft-timew-report,text,75
laurent22-joplin,text,19
laurikari-tre,binary,11
laurikari-tre,text,133
lautis-uglifier,missing,8
lautis-uglifier,text,82
lavv17-lftp,text,107
lazarus-pkgs-suck,binary,3
lazarus-pkgs-suck,text,222
lbatalha-capyt,text,26
lbonn-rofi,missing,1
lbonn-rofi,text,142
lcdproc-lcdproc,text,104
lcp-mokutil,text,60
league-lzmajio,binary,10
league-lzmajio,text,154
leahneukirchen-cwm,text,89
leahneukirchen-lr,text,60
leahneukirchen-rdumpfs,text,17
leahneukirchen-snooze,text,52
leahneukirchen-wcal,text,27
leahneukirchen-xe,text,65
leakingmemory-vtun-embedded,text,135
leanprover-lean-mode,text,65
leanprover-lean4,text,78
lecram-rover,text,78
ledger-ledger,text,285
ledger-ledger-mode,text,10
leejarvis-slop,text,90
leenooks-phpLDAPadmin,text,14
leethomason-tinyxml2,text,73
leetronics-infnoise,binary,14
leetronics-infnoise,missing,2
leetronics-infnoise,text,84
leev-ngx_http_geoip2_module,text,54
lefcha-imapfilter,binary,2
lefcha-imapfilter,text,98
leftwm-leftwm,text,228
leftwm-leftwm-theme,text,155
lemire-fast_double_parser,text,76
lensfun-lensfun,text,1
leo-arch-clifm,documents,2
leo-arch-clifm,text,141
leogx9r-ryzen_smu,pictures,4
leogx9r-ryzen_smu,text,117
leohemsted-smartypants.py,text,109
leonardschardijn-Chirurgien,pictures,14
leonardschardijn-Chirurgien,text,805
lepture-python-livereload,missing,1
lepture-python-livereload,text,96
lericson-pylibmc,text,111
lervag-vimtex,text,13
let-def-merlin-extend,text,95
let-def-ocaml-migrate-parsetree,text,170
letoams-hash-slinger,text,101
lewang-ws-butler,text,51
lewdlime-abcm2ps,fonts,2
lewdlime-abcm2ps,text,54
lexbor-lexbor,text,13
lextudio-pysmi,text,188
lextudio-pysnmp,missing,3
lextudio-pysnmp,text,98
lh3-bwa,text,92
lhost-sendxmpp,text,63
lhvy-pipes-rs,text,141
liamg-shox,binary,3
liamg-shox,pictures,2
liamg-shox,text,1049
liballeg-allegro5,text,12
libass-libass,text,19
libb64-libb64,text,142
libbpf-blazesym,text,20
libbpf-bpftool,text,16
libbpf-libbpf,text,13
libcdio-libcdio,binary,1
libcdio-libcdio,text,13
libcgroup-libcgroup,text,6
libcheck-check,text,82
libconfuse-libconfuse,binary,2
libconfuse-libconfuse,text,20
libeigen-eigen,text,38
liberfa-erfa,text,1049
libesmtp-libESMTP,pictures,1
libesmtp-libESMTP,text,150
libevent-libevent,text,37
libexif-exif,text,49
libexif-libexif,text,11
libexpat-libexpat,text,10
libffi-libffi,text,11
libfuse-libfuse,text,21
libfuse-sshfs,text,80
libgd-libgd,text,17
libgit2-libgit2,archives,1
libgit2-libgit2,binary,6
libgit2-libgit2,text,147
libgme-game-music-emu,text,82
libhangul-ibus-hangul,text,77
libhangul-libhangul,text,118
libhangul-nabi,pictures,3
libhangul-nabi,text,58
libharu-libharu,binary,5
libharu-libharu,documents,1
libharu-libharu,text,162
libical-libical,binary,2
libical-libical,text,15
libigl-libigl,text,369
libimobiledevice-ideviceinstaller,text,58
libimobiledevice-ifuse,text,55
libimobiledevice-libimobiledevice,text,75
libimobiledevice-libimobiledevice-glue,text,89
libimobiledevice-libplist,pictures,4
libimobiledevice-libplist,text,15
libimobiledevice-libusbmuxd,text,79
libimobiledevice-usbmuxd,text,67
libinjection-libinjection,text,217
libjpeg-turbo-libjpeg-turbo,archives,3
libjpeg-turbo-libjpeg-turbo,text,56
libjxl-libjxl,archives,3
libjxl-libjxl,text,29
liblouis-liblouis,text,45
libmpack-libmpack,binary,4
libmpack-libmpack,text,113
libmpack-libmpack-lua,binary,2
libmpack-libmpack-lua,text,55
libnet-libnet,binary,3
libnet-libnet,missing,1
libnet-libnet,text,161
libnet-nemesis,text,69
libofx-libofx,text,150
libogdi-ogdi,text,348
libpinyin-ibus-libpinyin,text,49
libpinyin-libpinyin,text,58
libproxy-libproxy,text,60
libpwquality-libpwquality,text,113
libratbag-libratbag,text,57
libratbag-piper,text,73
libreoffice,text,32
libretro-RetroArch,text,16
libretro-bnes-libretro,text,410
libretro-dosbox-libretro,text,133
libretro-libretro-2048,text,89
libretro-libretro-fceumm,text,113
libretro-libretro-super,text,11
libretro-nestopia,binary,8
libretro-nestopia,text,165
libretro-snes9x,text,159
librsync-librsync,text,207
libsdl-org-SDL_image,binary,2
libsdl-org-SDL_image,missing,1
libsdl-org-SDL_image,text,37
libsdl-org-SDL_mixer,text,104
libsdl-org-SDL_net,binary,1
libsdl-org-SDL_net,documents,1
libsdl-org-SDL_net,text,190
libsdl-org-SDL_ttf,missing,1
libsdl-org-SDL_ttf,text,46
libsdl-org-sdl12-compat,text,53
libsemigroups-libsemigroups,text,39
libsidplayfp-libsidplayfp,missing,1
libsidplayfp-libsidplayfp,text,20
libsixel-libsixel,text,62
libsndfile-libsamplerate,text,92
libsndfile-libsndfile,text,39
libsndfile-sndfile-tools,text,109
libspatialindex-libspatialindex,text,352
libtom-libtomcrypt,text,150
libtom-libtomfloat,documents,2
libtom-libtomfloat,text,81
libtom-libtommath,text,175
libtom-libtompoly,documents,4
libtom-libtompoly,text,108
libtom-tomsfastmath,binary,1
libtom-tomsfastmath,text,394
libts-tslib,text,83
libtypec-libtypec,text,95
libunwind-libunwind,text,16
libusb-hidapi,text,62
libusb-libusb,text,23
libusb-libusb-compat-0.1,text,61
libvips-libvips,text,28
libwbxml-libwbxml,binary,3
libwbxml-libwbxml,text,160
libxc-libxc,archives,32
libxc-libxc,text,212
libxls-libxls,text,63
libxmp-libxmp,binary,18
libxmp-libxmp,text,100
lidatong-dataclasses-json,text,123
lierdakil-pandoc-crossref,text,71
life4-textdistance,text,134
lightbend-config,text,74
lightspark-lightspark,text,26
liluo-pygments-github-lexers,text,22
lilydjwg-nvchecker,text,4
lilydjwg-pssh,text,101
linbox-team-fflas-ffpack,text,71
linbox-team-givaro,text,93
linbox-team-linbox,text,158
lincity-ng-lincity-ng,archives,3
lincity-ng-lincity-ng,binary,23
lincity-ng-lincity-ng,pictures,433
lincity-ng-lincity-ng,text,599
lindig-lua-ml,binary,1
lindig-lua-ml,documents,2
lindig-lua-ml,text,264
lingej-pnp4nagios,binary,2
lingej-pnp4nagios,fonts,1
lingej-pnp4nagios,pictures,1
lingej-pnp4nagios,text,201
linkchecker-linkchecker,binary,3
linkchecker-linkchecker,text,104
linrunner-TLP,text,24
linsomniac-python-memcached,text,77
linux-apfs-apfsprogs,text,126
linux-apfs-linux-apfs-rw,text,38
linux-can-can-utils,text,68
linux-msm-qdl,text,42
linux-nfc-neard,text,61
linux-nvme-libnvme,text,3
linux-nvme-nvme-cli,text,112
linux-pam-linux-pam,text,80
linux-ras-sysfsutils,text,125
linux-rdma-opensm,text,105
linux-rdma-perftest,text,84
linux-rdma-qperf,text,184
linux-rdma-rdma-core,text,152
linux-speakup-espeakup,text,101
linux-sunxi-sunxi-tools,binary,1
linux-sunxi-sunxi-tools,text,50
linux-test-project-lcov,text,44
linux-thinkpad-hdaps-gl,text,26
linux-thinkpad-tp_smapi,text,81
linuxhw-hw-probe,text,55
linuxmint-cinnamon,text,9
linuxmint-cinnamon-control-center,pictures,93
linuxmint-cinnamon-control-center,text,216
linuxmint-cinnamon-desktop,text,58
linuxmint-cinnamon-menus,text,128
linuxmint-cinnamon-screensaver,text,99
linuxmint-cinnamon-session,text,45
linuxmint-cinnamon-settings-daemon,pictures,6
linuxmint-cinnamon-settings-daemon,text,51
linuxmint-cinnamon-translations,text,12304
linuxmint-cjs,text,818
linuxmint-muffin,text,65
linuxmint-nemo,text,28
linuxmint-nemo-extensions,text,410
linuxmint-python3-xapp,text,89
linuxmint-timeshift,text,198
linuxmint-xapp,text,1344
linuxmint-xdg-desktop-portal-xapp,text,87
linuxmint-xed,text,739
linuxwacom-libwacom,text,11
linuxwacom-xf86-input-wacom,text,88
lioncash-dynarmic,text,203
lipnitsk-libcue,text,78
liquidat-nagios-icinga-openvpn,text,47
liquidctl-liquidctl,text,10
liske-needrestart,text,115
litespeedtech-libbcrypt,text,83
litespeedtech-ls-hpack,text,78
litespeedtech-ls-qpack,text,52
litespeedtech-lsquic,text,12
litl-backoff,text,109
liufengyun-hashdiff,text,107
lixxu-flask-paginate,pictures,3
lixxu-flask-paginate,text,126
ljos-jq-mode,text,55
lksj-einstein-puzzle,binary,6
lksj-einstein-puzzle,fonts,3
lksj-einstein-puzzle,pictures,94
lksj-einstein-puzzle,text,124
lldb-tools-lldb-mi,text,92
lldpd-lldpd,text,13
lloyd-yajl,binary,2
lloyd-yajl,text,224
llvm-circt,text,20
llvm-llvm-project,text,27
lmfit-asteval,text,20
log69-aaphoto,text,74
logic-rblcheck,binary,2
logic-rblcheck,text,207
logological-gpp,text,84
logrotate-logrotate,text,43
logseq-logseq,text,37
loh-tar-tbsm,text,84
lolilolicon-xrectsel,text,19
longld-peda,text,70
lookup2-lookup2,pictures,1
lookup2-lookup2,text,90
loqusion-hyprshade,pictures,7
loqusion-hyprshade,text,71
lordmauve-pgzero,pictures,26
lordmauve-pgzero,text,121
lostisland-faraday,text,46
lostisland-faraday-httpclient,text,94
lostisland-faraday-multipart,text,76
lostisland-faraday-net_http,text,54
lostisland-faraday-net_http_persistent,text,108
lostisland-faraday-patron,text,66
lostisland-faraday-rack,text,83
lostisland-faraday-retry,text,60
lostisland-faraday_middleware,text,74
lostisland-sawyer,pictures,4
lostisland-sawyer,text,68
love2d-love,text,1
lowks-minimock,text,92
lpereira-hardinfo,text,72
lsd-rs-lsd,text,72
lsegal-yard,text,2
lsof-org-lsof,text,20
lsp-plugins-lsp-plugins,text,73
lspies-photoqt,missing,4
lspies-photoqt,text,107
lsyncd-lsyncd,text,97
lu-zero-cargo-c,text,30
luakit-luakit,text,37
lualdap-lualdap,text,113
luanti-org-luanti,text,59
luaposix-luaposix,text,164
luarocks-argparse,text,86
luau-lang-luau,missing,9
luau-lang-luau,text,341
luben-zstd-jni,text,1
lucc-nvimpager,text,80
luceneplusplus-LucenePlusPlus,text,923
lucianm-GLCDprocDriver,text,50
lucianodato-noise-repellent,text,30
lucianposton-xprintidle,text,42
luckyframework-habitat,text,93
luckyframework-lucky_flow,text,180
luebking-phototonic,catalogs,9
luebking-phototonic,text,25
luebking-qarma,text,49
luislavena-radix,text,120
lukasschwab-jsonfeed,missing,2
lukasschwab-jsonfeed,text,163
luke-jr-libbase58,text,97
lunarmodules-LDoc,text,87
lunarmodules-Penlight,text,108
lunarmodules-busted,text,87
lunarmodules-lua-compat-5.3,text,79
lunarmodules-luacheck,text,112
lunarmodules-luaexpat,text,162
lunarmodules-luasocket,binary,3
lunarmodules-luasocket,pictures,2
lunarmodules-luasocket,text,142
lunarmodules-luasystem,text,186
lunarmodules-say,text,74
lundberg-respx,text,99
lunn-mv88e6xxx_dump,text,48
luochen1990-rainbow,text,89
lutris-lutris,text,14
luvit-luv,missing,6
luvit-luv,text,163
lvc-abi-compliance-checker,text,160
lvc-abi-dumper,text,74
lvc-japi-compliance-checker,text,177
lvc-pkgdiff,fonts,2
lvc-pkgdiff,text,139
lvc-vtable-dumper,text,31
lvjr-tabularray,pictures,21
lvjr-tabularray,text,157
lvml-mpv-plugin-xrandr,text,29
lvtk-lvtk,fonts,3
lvtk-lvtk,pictures,5
lvtk-lvtk,text,373
lxc-lxc-templates,text,82
lxde-gpicview,pictures,1
lxde-gpicview,text,191
lxde-libfm,text,123
lxde-lxappearance,text,274
lxde-lxsession,text,120
lxde-lxterminal,text,271
lxgr-linux-pokete,text,113
lxgr-linux-scrap_engine,text,126
lxgw-LxgwWenKai,missing,9
lxi-tools-liblxi,binary,2
lxi-tools-liblxi,text,64
lxi-tools-lxi-tools,text,91
lxml-lxml,text,18
lxqt-libdbusmenu-lxqt,text,136
lxqt-libfm-qt,text,283
lxqt-liblxqt,text,159
lxqt-libqtxdg,text,133
lxqt-libsysstat,text,90
lxqt-lximage-qt,text,170
lxqt-lxqt-about,text,131
lxqt-lxqt-admin,text,298
lxqt-lxqt-archiver,text,197
lxqt-lxqt-build-tools,text,75
lxqt-lxqt-config,text,148
lxqt-lxqt-globalkeys,text,296
lxqt-lxqt-menu-data,binary,8
lxqt-lxqt-menu-data,text,448
lxqt-lxqt-notificationd,text,229
lxqt-lxqt-openssh-askpass,text,107
lxqt-lxqt-panel,pictures,1
lxqt-lxqt-panel,text,167
lxqt-lxqt-policykit,text,195
lxqt-lxqt-powermanagement,text,172
lxqt-lxqt-qtplugin,text,85
lxqt-lxqt-runner,text,254
lxqt-lxqt-session,pictures,1
lxqt-lxqt-session,text,369
lxqt-lxqt-sudo,text,179
lxqt-lxqt-themes,missing,2
lxqt-lxqt-themes,pictures,82
lxqt-lxqt-themes,text,195
lxqt-lxqt-wayland-session,text,64
lxqt-obconf-qt,text,149
lxqt-pavucontrol-qt,text,161
lxqt-pcmanfm-qt,text,114
lxqt-qps,text,265
lxqt-qterminal,text,125
lxqt-qtermwidget,text,64
lxqt-qtxdg-tools,text,158
lxqt-screengrab,pictures,1
lxqt-screengrab,text,356
lxqt-xdg-desktop-portal-lxqt,text,79
lyda-chkcrontab,text,64
lz4-lz4,text,96
lz4-lz4-java,binary,13
lz4-lz4-java,missing,2
lz4-lz4-java,text,107
m-pilia-vim-mediawiki,text,169
m2ym-popwin-el,text,54
m3m0ryh0l3-extracturl,text,66
m4b-bingrep,text,116
maaslalani-invoice,documents,3
maaslalani-invoice,fonts,118
maaslalani-invoice,pictures,1
maaslalani-invoice,text,75
macdice-ascii-invaders,pictures,5
macdice-ascii-invaders,text,27
machinezone-IXWebSocket,text,32
mackers-passook,text,7
mackron-dr_libs,text,9
mackron-miniaudio,text,14
mackyle-blocksruntime,text,105
mackyle-topgit,text,89
macournoyer-thin,text,168
madmartin-gentoo-vdr-scripts,text,305
madmartin-noad,binary,40
madmartin-noad,text,261
madmartin-vdr-clock,binary,7
madmartin-vdr-clock,text,33
madmaxms-iconpack-obsidian,cursors,200
madmaxms-iconpack-obsidian,pictures,1423
madmaxms-iconpack-obsidian,text,23764
madmaxms-theme-obsidian-2,missing,60
madmaxms-theme-obsidian-2,pictures,1047
madmaxms-theme-obsidian-2,text,860
madmaze-pytesseract,text,62
madrisan-nagios-plugins-linux,text,117
maekitalo-cxxtools,text,62
mafredri-zsh-async,text,61
magefile-mage,text,166
magic-wormhole-magic-wormhole-transit-relay,text,88
magicant-yash,text,69
magit-closql,text,44
magit-emacsql,text,34
magit-forge,text,23
magit-ghub,text,14
magit-git-modes,text,75
magit-magit,text,18
magit-magit-popup,text,83
magit-transient,text,17
magit-with-editor,text,31
magnars-dash.el,text,120
magnars-expand-region.el,text,124
magnars-multiple-cursors.el,text,80
magnars-s.el,text,60
magnush-mhwaveedit,binary,21
magnush-mhwaveedit,pictures,2
magnush-mhwaveedit,text,157
maharmstone-btrfs-dump,text,1
mahatma-kaganovich-xkbd,text,11
mahlonsmith-shelldap,text,62
maik-xml-simple,text,72
main-branch-process_executer,text,141
main-branch-track_open_instances,text,85
majorkingleo-xstow,binary,7
majorkingleo-xstow,missing,4
majorkingleo-xstow,text,278
majutsushi-urxvt-font-size,text,31
makew0rld-amfora,text,106
makew0rld-gemget,text,94
makeworld-the-better-one-amfora,text,106
makkarpov-msi-keyboard,missing,1
makkarpov-msi-keyboard,text,19
malb-m4ri,text,83
malb-m4rie,text,118
mamantoha-http_proxy,text,85
man-pages-zh-manpages-zh,missing,11
man-pages-zh-manpages-zh,text,219
mananapr-cfiles,pictures,1
mananapr-cfiles,text,61
manastech-webmock.cr,text,96
manio-vdr-plugin-dvbapi,binary,3
manio-vdr-plugin-dvbapi,text,130
manugarg-pacparser,text,22
manuzhang-mkdocs-htmlproofer-plugin,text,74
mapeditor-tiled,pictures,3
mapeditor-tiled,text,56
marcandre-backports,missing,1
marcandre-backports,text,102
marcelh83-kde-cdemu-manager,pictures,1
marcelh83-kde-cdemu-manager,text,50
marcusbritanicus-libarchive-qt,binary,2
marcusbritanicus-libarchive-qt,text,209
marhkb-pods,text,272
marineam-chname,text,6
markfasheh-duperemove,text,120
markusfisch-PieDock,binary,78
markusfisch-PieDock,text,78
markuskimius-SDL2_Pango,binary,13
markuskimius-SDL2_Pango,pictures,8
markuskimius-SDL2_Pango,text,274
markusressel-fan2go,text,15
marlonrichert-zsh-autocomplete,text,21
marschall-memoryfilesystem,text,68
martanne-vis,text,33
martianh-fedi.el,text,54
martianh-mastodon.el,text,57
martianh-tp.el,text,52
martijnvanbrummelen-nwipe,text,44
martinblech-mimerender,text,78
martinmoene-expected-lite,text,71
martinpitt-fatrace,text,94
martinpitt-umockdev,text,67
martinradev-gdb-pt-dump,missing,1
martinradev-gdb-pt-dump,text,131
martinrotter-rssguard,text,14
martinus-unordered_dense,text,25
maru-sama-rtsp-linux,text,78
marvinkreis-rofi-file-browser-extended,missing,1
marvinkreis-rofi-file-browser-extended,text,125
marxin-cvise,text,74
marzer-tomlplusplus,text,105
marzzzello-mpv_thumbnail_script,text,76
masa16-narray,text,92
masneyb-gftp,missing,1
masneyb-gftp,text,143
massemanet-distel,binary,8
massemanet-distel,text,84
masterzen-nginx-upload-progress-module,text,59
mastodon-mastodon.git,text,19
math-comp-math-comp,text,4
mathjax-MathJax,fonts,23
mathjax-MathJax,text,1370
mathjax-MathJax-docs,pictures,3
mathjax-MathJax-docs,text,205
mathworks-Emacs-MATLAB-Mode,binary,8
mathworks-Emacs-MATLAB-Mode,text,109
matiasdelellis-libmpris2client,pictures,1
matiasdelellis-libmpris2client,text,81
matplotlib-cycler,text,79
matrix-org-matrix-python-common,text,56
matrix-org-python-signedjson,text,98
matrix-org-python-unpaddedbase64,text,54
matrix-org-sliding-sync,text,81
mattbrictson-airbrussh,text,58
mattdm-icebreaker,binary,4
mattdm-icebreaker,pictures,8
mattdm-icebreaker,text,119
matteocorti-check_lm_sensors,text,127
matteocorti-check_rbl,binary,7
matteocorti-check_rbl,text,109
matteocorti-roll,documents,1
matteocorti-roll,text,68
matterhorn-chat-matterhorn,missing,2
matterhorn-chat-matterhorn,text,65
matthewdeanmartin-colorclass,pictures,16
matthewdeanmartin-colorclass,text,211
matthewdeanmartin-terminaltables3,binary,1
matthewdeanmartin-terminaltables3,missing,1
matthewdeanmartin-terminaltables3,pictures,20
matthewdeanmartin-terminaltables3,text,260
matthewmcgarvey-selenium.cr,text,265
matthewmcgarvey-webless,text,40
mattheworiordan-imagesize,binary,6
mattheworiordan-imagesize,pictures,5
mattheworiordan-imagesize,text,20
mattn-gist-vim,text,65
mattn-webapi-vim,text,64
mattrobenolt-jinja2-cli,text,24
mattthias-slurm,text,80
matze-pkgconfig,text,81
mautrix-discord,text,78
mautrix-meta,text,29
mautrix-python,text,89
mautrix-signal,text,25
mautrix-slack,text,2
mautrix-whatsapp,text,21
mavlink-c_library_v2,text,652
mawis-courier-srs,text,43
mawww-kakoune,text,1
maxcountryman-flask-login,text,174
maximbaz-wluma,text,48
maxmind-MaxMind-DB-Reader-php,text,1
maxmind-geoip-api-c,binary,1
maxmind-geoip-api-c,text,103
maxmind-geoipupdate,text,16
maxmind-libmaxminddb,text,12
maxsatula-ocp,text,207
mazes_80-gtkdiskfree,pictures,1
mazes_80-gtkdiskfree,text,205
mazes_80-krank,binary,120
mazes_80-krank,fonts,1
mazes_80-krank,pictures,124
mazes_80-krank,text,171
mazunki-wl-scripts,text,22
mazunki-xkcd,text,52
mbacarella-curses,binary,5
mbacarella-curses,text,92
mbbill-undotree,pictures,1
mbbill-undotree,text,67
mbdavid-LiteDB,binary,1
mbdavid-LiteDB,text,130
mbleigh-seed-fu,text,80
mborgerding-kissfft,text,102
mbr-Flask-Debug,text,78
mbr-flask-nav,text,70
mbr-visitor,text,25
mbr-volatile,text,45
mbrlabs-Lorien,fonts,6
mbrlabs-Lorien,pictures,3
mbrlabs-Lorien,text,447
mcallegari-qlcplus,text,44
mcfletch-pyopengl,text,33
mcgillij-amdfan,text,113
mchehab-zbar,binary,2
mchehab-zbar,text,281
mcproxy-mcproxy,binary,2
mcproxy-mcproxy,pictures,2
mcproxy-mcproxy,text,149
mcrapet-plowshare,text,106
mct-tcptraceroute,text,239
mdbtools-mdbtools,text,83
mdp-rotp,text,121
mdsteele-syzygy,pictures,3
mdsteele-syzygy,text,548
mdtraj-mdtraj,text,11
mean00-avidemux2,missing,2
mean00-avidemux2,text,10
measurement-factory-dnstop,text,61
mechakotik-rog-daemon,missing,2
mechakotik-rog-daemon,text,133
mechatroner-rainbow_csv,binary,4
mechatroner-rainbow_csv,text,189
mediacloud-sentence-splitter,text,59
medialab-xan,text,24
medusalix-xow,pictures,3
medusalix-xow,text,69
meejah-txtorcon,text,170
meerk40t-svgelements,binary,21
meerk40t-svgelements,text,41
meganz-MEGAsync,missing,4
meganz-MEGAsync,text,147
megastep-makeself,text,26
melonDS-emu-melonDS,text,14
melpa-package-build,text,11
memononen-libtess2,binary,2
memononen-libtess2,text,116
memtest86plus-memtest86plus,text,5
mer-hybris-libgbinder,text,53
merbanan-rtl_433,text,20
mermaid-js-mermaid.git,text,24
merryhime-mcl,text,159
merryhime-oaknut,text,123
mesonbuild-meson,text,17
mesonbuild-meson-python,text,12
metabrainz-libmusicbrainz,text,245
metabrainz-picard,text,28
metabrainz-python-discid,text,15
metal-stack-nftables-exporter,archives,2
metal-stack-nftables-exporter,text,109
metamath-metamath-exe,text,122
metamath-set.mm,text,17
methane-wsaccel,text,82
mewwts-addict,text,67
mfillpot-mathomatic,binary,2
mfillpot-mathomatic,pictures,9
mfillpot-mathomatic,text,176
mfogel-django-timezone-field,text,113
mfontanini-presenterm,text,80
mgaitan-sphinxcontrib-mermaid,text,43
mgba-emu-mgba,text,28
mgedmin-findimports,text,87
mgieseki-dvisvgm,text,116
mgorny-python-exec,text,116
mgumz-alock,text,180
mhayashi1120-Emacs-erefactor,text,60
mhayashi1120-Emacs-wgrep,text,89
mhei-libugpio,text,81
mhekkel-libmcfp,text,13
mhib-pairing_heap,text,58
mhinz-neovim-remote,text,70
mhogomchungu-zulucrypt,text,234
mhthies-pulsectl-asyncio,text,53
mhulden-foma,text,166
mhx-dwarfs,missing,2
mhx-dwarfs,text,18
michael-lazar-akita,pictures,3
michael-lazar-akita,text,68
michaelforney-samurai,text,46
michaelrsweet-htmldoc,text,45
michaelrsweet-mxml,archives,4
michaelrsweet-mxml,text,136
michaelwillis-dragonfly-reverb,missing,7
michaelwillis-dragonfly-reverb,text,174
michiexile-hodie,archives,2
michiexile-hodie,binary,2
michiexile-hodie,text,72
mickael9-ioq3,text,95
micolous-sdl-fakeqwerty,text,76
microcai-ibus-handwrite,text,133
microsoft-DirectX-Headers,text,55
microsoft-DirectXShaderCompiler,missing,2
microsoft-DirectXShaderCompiler,text,27
microsoft-TypeScript.git,text,33
microsoft-cascadia-code,documents,1
microsoft-cascadia-code,fonts,12
microsoft-cascadia-code,pictures,13
microsoft-cascadia-code,text,62565
microsoft-cpprestsdk,binary,4
microsoft-cpprestsdk,missing,5
microsoft-cpprestsdk,text,131
microsoft-edit,text,17
microsoft-go-sqlcmd,text,99
microsoft-mimalloc,text,101
microsoft-onnxruntime,text,67
microsoft-terminal.git,text,87
mid-kid-waydroid-x11,text,36
miek-inspectrum,text,144
miekg-rdup,text,120
mierak-rmpc,text,54
mifi-lossless-cut,text,12
migonzalvar-dj-email-url,text,96
miguelgrinberg-Flask-Migrate,text,92
miguelgrinberg-flask-paranoid,pictures,1
miguelgrinberg-flask-paranoid,text,60
miguelgrinberg-python-engineio,text,5
miguelgrinberg-simple-websocket,text,83
miguelmarco-libbraiding,binary,23
miguelmarco-libbraiding,text,94
miguelmarco-libhomfly,text,174
mihtjel-nanovna-saver,binary,1
mihtjel-nanovna-saver,pictures,7
mihtjel-nanovna-saver,text,472
mikaelgrev-miglayout,archives,1
mikaelgrev-miglayout,fonts,1
mikaelgrev-miglayout,text,216
mikalstill-pngtools,pictures,7
mikalstill-pngtools,text,130
mike-fabian-ibus-table-chinese,missing,1
mike-fabian-ibus-table-chinese,text,129
mike-fabian-ibus-typing-booster,text,46
mike01-pypacker,binary,503
mike01-pypacker,text,465
mikedh-trimesh,archives,1
mikedh-trimesh,binary,1
mikedh-trimesh,text,82
mikefarah-yq,text,15
mikel-mail,text,98
mikelolasagasti-revelation,pictures,1
mikelolasagasti-revelation,text,132
mikf-gallery-dl,text,19
mileszs-ack.vim,text,69
milkypostman-powerline,text,63
milkytracker-MilkyTracker,text,120
millejoh-emacs-ipython-notebook,text,130
miloyip-rapidjson,text,74
mimemagicrb-mimemagic,text,88
mina86-urxvt-tabbedex,text,39
minad-cape,text,10
minad-consult,text,13
minad-consult-flycheck,text,34
minad-corfu,text,16
minad-creole,text,100
minad-jinx,text,12
minad-marginalia,text,23
minad-org-modern,text,20
minad-osm,text,12
minad-tempel,text,11
minad-vertico,text,37
minetest-irrlicht,pictures,1
minetest-irrlicht,text,853
minetest-minetest,text,59
miniKanren-miniKanren,text,26
miniflux-v2,text,23
minimagick-minimagick,text,68
mininet-mininet,text,98
minio-mc,text,186
miquels-liblockfile,text,95
miquels-webdav-server-rs,text,181
miracle-wm-org-miracle-wm,pictures,72
miracle-wm-org-miracle-wm,text,229
mirage-alcotest,text,146
mirage-bigarray-compat,text,17
mirage-digestif,binary,4
mirage-digestif,text,114
mirage-either,text,22
mirage-eqaf,text,114
mirage-ezjsonm,text,88
mirage-lwt-dllist,text,41
mirage-mirage-clock,text,162
mirage-mmap,text,54
mirage-ocaml-base64,binary,2
mirage-ocaml-base64,text,97
mirage-ocaml-crunch,text,102
mirage-ocaml-cstruct,text,94
mirage-ocaml-hex,binary,4
mirage-ocaml-hex,text,99
mirage-ocaml-uri,text,118
mirumee-google-i18n-address,text,495
mishoo-UglifyJS,text,124
mislav-will_paginate,text,173
mission-center-devs-mission-center,missing,2
mission-center-devs-mission-center,text,25
mitchellh-gox,text,111
mitmproxy-mitmproxy,failed:pictures,1
mitmproxy-mitmproxy,fonts,4
mitmproxy-mitmproxy,missing,1
mitmproxy-mitmproxy,pictures,15
mitmproxy-mitmproxy,text,49
mity-md4c,text,16
mixxxdj-libkeyfinder,text,91
mixxxdj-mixxx,binary,3
mixxxdj-mixxx,catalogs,38
mixxxdj-mixxx,documents,1
mixxxdj-mixxx,text,146
miyuchina-mistletoe,text,43
miyucy-brotli,missing,4
miyucy-brotli,text,116
mjakeman-extension-manager,pictures,8
mjakeman-extension-manager,text,115
mjansson-mdns,text,67
mjg59-mei-amt-check,text,14
mjs-imapclient,text,73
mkdocs-mkdocs,fonts,12
mkdocs-mkdocs,pictures,4
mkdocs-mkdocs,text,160
mkdocs-mkdocs-bootstrap,archives,2
mkdocs-mkdocs-bootstrap,failed:fonts,2
mkdocs-mkdocs-bootstrap,fonts,9
mkdocs-mkdocs-bootstrap,pictures,3
mkdocs-mkdocs-bootstrap,text,112
mkdocs-mkdocs-bootswatch,failed:fonts,27
mkdocs-mkdocs-bootswatch,fonts,106
mkdocs-mkdocs-bootswatch,pictures,48
mkdocs-mkdocs-bootswatch,text,1005
mkdocstrings-griffe,text,12
mkirchner-tcping,text,40
mlichvar-newt,text,69
mlmmj-mlmmj,text,81
mltframework-mlt,text,17
mltframework-shotcut,text,20
mm2-Little-CMS,binary,1
mm2-Little-CMS,text,49
mmatous-eselect-autostart,text,2
mmatous-eselect-ld,text,3
mmitch-gbsplay,text,44
mmottl-gsl-ocaml,text,447
mmottl-pcre-ocaml,text,82
mmottl-sqlite3-ocaml,text,85
mmriis-simpleidn,text,70
mnauw-cppgir,text,76
mobian1-callaudiod,text,70
mobile-shell-mosh,text,289
mobius3-tweeny,text,133
moby-moby,text,17
mockito-mockito,text,22
moderngl-glcontext,pictures,2
moderngl-glcontext,text,75
moderngl-moderngl,binary,2
moderngl-moderngl,fonts,1
moderngl-moderngl,pictures,22
moderngl-moderngl,text,205
moderngl-moderngl-window,text,580
moebiuscurve-ibus-table-others,pictures,1
moebiuscurve-ibus-table-others,text,103
moggers87-apricots,binary,15
moggers87-apricots,text,30
mohamed-badaoui-asus-touchpad-numpad-driver,pictures,4
mohamed-badaoui-asus-touchpad-numpad-driver,text,61
mojohaus-animal-sniffer,text,34
molke-productions-qloud,text,240
mollie-mollie-api-python,binary,1
mollie-mollie-api-python,text,171
monero-project-monero,binary,2
monero-project-monero,text,95
monero-project-supercop,text,136
moneta-rb-moneta,text,314
mongodb-js-compass,text,58
mongodb-mongo,text,42
mongodb-mongo-c-driver,text,69
mongodb-mongo-python-driver,text,24
mongodb-mongo-tools,text,154
mongodb-mongo.git,text,70
mongrel2-mongrel2,missing,1
mongrel2-mongrel2,text,113
mono-mono-basic,binary,85
mono-mono-basic,text,362
monora-rgl,pictures,3
monora-rgl,text,69
monora-stream,text,63
mooltipass-moolticute,missing,2
mooltipass-moolticute,text,450
moonlight-stream-moonlight-qt,binary,8
moonlight-stream-moonlight-qt,missing,1
moonlight-stream-moonlight-qt,text,13
mooz-js2-mode,text,87
mopidy-mopidy,text,25
moriyoshi-cyrus-sasl-xoauth2,text,50
morrownr-8821cu-20210916,binary,1
morrownr-8821cu-20210916,text,93
mortenivar-aspell-da,binary,4
mortenivar-aspell-da,text,43
moson-mo-cryptor,pictures,4
moson-mo-cryptor,text,77
mothur-mothur,binary,10
mothur-mothur,text,15188
motioneye-project-motioneye,catalogs,9
motioneye-project-motioneye,text,392
moumar-ruby-mp3info,text,84
mounaiban-captdriver,text,115
moverest-wl-kbptr,text,70
mozilla-Fira,documents,370
mozilla-Fira,failed:fonts,383
mozilla-Fira,fonts,1551
mozilla-Fira,text,131821
mozilla-cubeb,missing,3
mozilla-cubeb,text,7
mozilla-firefox-firefox.git,text,69
mozilla-geckodriver,archives,1
mozilla-geckodriver,text,72
mozilla-pdf.js,documents,2
mozilla-pdf.js,text,56
mozilla-pdf.js.git,text,23
mozilla-rhino,text,15
mozilla-sccache,text,42
mozman-svgwrite,text,146
mpagano-portpeek,text,52
mpaperno-spampd,text,64
mpc-qt-mpc-qt,text,61
mpcomplete-fireflies,text,68
mpdavis-python-jose,text,135
mperham-connection_pool,text,57
mps-youtube-yewtube,text,75
mptre-pick,text,150
mpv-player-mpv,text,15
mquinson-po4a,text,32
mr-karan-doggo,text,16
mrdudz-vbindiff,binary,5
mrdudz-vbindiff,missing,1
mrdudz-vbindiff,pictures,2
mrdudz-vbindiff,text,124
mreineck-pocketfft,text,55
mrocklin-multipledispatch,text,87
mrpdaemon-gnome-integration-spotify,text,24
mrueg-go-updater,text,8
ms-ati-docile,text,61
msgpack-msgpack-c,binary,9
msgpack-msgpack-c,missing,2
msgpack-msgpack-c,text,1041
msgpack-msgpack-ruby,text,59
msoos-cryptominisat,text,10
msteveb-jimtcl,text,25
mstoeckl-swaylock-plugin,text,53
mstpd-mstpd,text,3
msune-libcdada,text,80
mtorromeo-r8168,text,205
mtoyoda-sl,pictures,1
mtoyoda-sl,text,38
mtrojnar-osslsigncode,text,4
mtsmfm-language_server-protocol-ruby,missing,1
mtsmfm-language_server-protocol-ruby,text,736
mtsuszycki-whowatch,text,149
mtytel-helm,archives,9
mtytel-helm,binary,40
mtytel-helm,documents,2
mtytel-helm,missing,130
mtytel-helm,pictures,157
mtytel-helm,text,4042
muennich-physlock,text,115
muesli-duf,text,87
mullvad-mullvad-browser,text,22
multani-sonata,text,91
mumble-voip-mumble,text,4
munin-monitoring-contrib,pictures,3
munin-monitoring-contrib,text,68
munin-monitoring-munin,binary,752
munin-monitoring-munin,text,66
munt-munt,text,36
mupen64plus-mupen64plus-audio-sdl,text,89
mupen64plus-mupen64plus-core,text,125
mupen64plus-mupen64plus-input-sdl,text,63
mupen64plus-mupen64plus-rsp-hle,text,99
mupen64plus-mupen64plus-ui-console,text,71
mupen64plus-mupen64plus-ui-python,pictures,693
mupen64plus-mupen64plus-ui-python,text,159
mupen64plus-mupen64plus-video-glide64mk2,text,144
mupen64plus-mupen64plus-video-rice,binary,1
mupen64plus-mupen64plus-video-rice,text,95
musescore-MuseScore,archives,1
musescore-MuseScore,text,181
mvdan-sh,text,19
mvel-mvel,archives,11
mvel-mvel,text,19
mvertes-txt2man,binary,19
mvertes-txt2man,text,110
mvp-uhubctl,text,43
mwette-guile-libyaml,text,28
mwh-dragon,text,50
mwild1-luadbi,text,125
mwilliamson-jq.py,archives,2
mwilliamson-jq.py,text,22
myENA-consul-backinator,text,122
myclabs-DeepCopy,text,86
mydumper-mydumper,missing,2
mydumper-mydumper,text,19
mypaint-libmypaint,text,50
mypaint-mypaint,text,767
mypaint-mypaint-brushes,pictures,478
mypaint-mypaint-brushes,text,420
myriadrf-LimeSuite,text,77
myrjola-diminish.el,text,25
myrkr-dictionary-el,binary,11
myrkr-dictionary-el,text,191
n8n-io-n8n.git,text,28
naelstrof-maim,text,64
naelstrof-slop,pictures,2
naelstrof-slop,text,65
naev-naev,missing,2
naev-naev,text,20
nagios-plugins-nagios-plugins,text,61
nahi-httpclient,text,99
naihe2010-apvlv,text,101
naimetti-rfc3339-validator,text,40
naitoh-rbpdf,pictures,10
naitoh-rbpdf,text,212
nametake-golangci-lint-langserver,text,83
namhyung-uftrace,text,5
nana-4-materia-theme,text,528
nanoc-nanoc,text,16
nanomsg-nanomsg,text,92
nanomsg-nng,text,73
nanomsg-nnpy,text,57
nanopb-nanopb,text,45
naqvis-crystal-fnv,text,27
naqvis-crystal-html5,text,189
naqvis-crystal-xpath2,text,37
naqvis-crystar,archives,2
naqvis-crystar,binary,2
naqvis-crystar,text,126
nasa-multipath-tcp-tools,archives,3
nasa-multipath-tcp-tools,binary,8
nasa-multipath-tcp-tools,text,128
nashamri-spacemacs-theme,text,55
natsukagami-mpd-mpris,text,75
naver-nanumfont,text,10
nbedos-termtosvg,text,344
nbfalcon-macrostep-geiser,text,21
ncabatoff-process-exporter,text,1223
ncannasse-xml-light,text,146
ncmpcpp-ncmpcpp,text,105
ncoevoet-ChanTracker,text,60
ncopa-pingu,text,123
ncopa-su-exec,text,19
ncroxon-gnu-efi,text,170
neagix-idesk,text,170
neffo-bing-wallpaper-gnome-extension,binary,1
neffo-bing-wallpaper-gnome-extension,catalogs,12
neffo-bing-wallpaper-gnome-extension,pictures,11
neffo-bing-wallpaper-gnome-extension,text,88
neilalexander-jnacl,text,106
nektos-act,text,75
nelhage-reptyr,missing,1
nelhage-reptyr,text,72
nemtrif-utfcpp,missing,1
nemtrif-utfcpp,text,40
nemuTUI-nemu,text,89
neobrain-nihstro,text,97
neocmakelsp-neocmakelsp,text,20
neocturne-fastd,text,209
neocturne-libuecc,text,86
neomutt-neomutt,text,20
neovide-neovide,text,48
neovim-neovim,text,48
neovim-pynvim,text,63
neovim-tree-sitter-vimdoc,text,150
neovim-unibilium,binary,1
neovim-unibilium,text,94
nestorsalceda-mamba,text,78
net-ssh-net-scp,text,69
net-ssh-net-sftp,text,68
net-ssh-net-ssh,text,93
net-ssh-net-ssh-gateway,text,79
netblue30-firejail,text,27
netdata-netdata,text,16
netdiscover-scanner-netdiscover,text,64
nethappen-blocksync-fast,pictures,2
nethappen-blocksync-fast,text,118
netplex-json-smart-v1,text,260
netplex-json-smart-v2,text,317
neural75-gqrx-scanner,pictures,2
neural75-gqrx-scanner,text,44
neurobin-shc,binary,6
neurobin-shc,text,119
neutrinolabs-pipewire-module-xrdp,text,41
newren-git-filter-repo,text,84
news-flash-news_flash_gtk,text,1
newsraft-newsraft,text,5
nextcloud-desktop,text,75
nextcloud-notify_push,text,104
nextest-rs-nextest,text,27
nfc-tools-libnfc,text,98
nfc-tools-mfoc,text,71
nfnty-vim-nftables,text,24
nfs-ganesha-ntirpc,missing,1
nfs-ganesha-ntirpc,text,150
nghttp2-nghttp2,text,22
nginx-njs,text,24
ngtcp2-nghttp3,missing,1
ngtcp2-nghttp3,text,10
ngtcp2-ngtcp2,text,37
nholthaus-units,text,9
nhorman-dropwatch,text,89
nhorman-rng-tools,text,81
niccokunzmann-x-wr-timezone,text,74
nicferrier-eimp,text,1
nicferrier-emacs-noflet,text,40
nicfit-eyeD3,text,201
nichoski-kergen,text,53
nick87720z-tint2,text,112
nickdrozd-reazon,text,82
nickg-nvc,text,45
nickg-xcowsay,binary,2
nickg-xcowsay,text,143
nicklan-pnmixer,text,76
nicm-fdm,text,87
nicolargo-glances,text,80
nicolargo-pymdstat,text,84
nihui-waifu2x-ncnn-vulkan,missing,15
nihui-waifu2x-ncnn-vulkan,text,79
nijel-utidylib,text,19
nik-rev-countryfetch,text,55
nikic-PHP-Parser,text,85
niksite-url-normalize,text,155
nils-ohlmeier-sipsak,text,165
nim-lang-nim-mode,text,77
nim-lang-opengl,text,68
nim-lang-x11,text,128
nimble-code-Spin,archives,26
nimble-code-Spin,text,203
ninenines-cowboy,text,21
ninenines-cowlib,text,2
ninenines-ranch,text,83
ninja-build-ninja,text,123
nix-community-acpi_call,text,65
njh-ruby-mqtt,text,97
nkoriyama-aribb24,missing,4
nkoriyama-aribb24,text,106
nlohmann-json,text,44
nm-l2tp-NetworkManager-l2tp,text,86
nmapsi4-nmapsi4,text,220
nmeum-android-tools,missing,36
nmeum-android-tools,text,72
nmeum-tpm,text,52
noahmorrison-chevron,text,62
noborus-ov,text,19
noctuid-tdrop,text,67
nodejs-http-parser,text,78
nodejs-llhttp,text,20
nojhan-liquidprompt,text,49
nomacs-nomacs,text,16
nomad-software-vend,text,1657
nomeata-screen-message,pictures,5
nomeata-screen-message,text,84
nomius-ktsuss,pictures,1
nomius-ktsuss,text,40
non-uxntal-mode,text,40
nonnymoose-xsr,text,54
nonpop-xkblayout-state,text,39
noonien-d-pidgin-xmpp-receipts,text,23
noprobelm-tempy,pictures,2
noprobelm-tempy,text,75
normen-whatscli,text,58
notaryproject-notary,text,1382
nothings-stb,text,57
notofonts-noto-cjk,archives,1
notofonts-noto-cjk,fonts,445
notofonts-noto-cjk,text,68
notofonts-notofonts.github.io,pictures,8
notofonts-notofonts.github.io,text,28
notqmail-notqmail,text,69
novnc-noVNC,text,73
novnc-websockify,text,124
nowrep-obs-vkcapture,text,44
npat-efault-picocom,documents,5
npat-efault-picocom,text,88
npitre-cramfs-tools,text,58
nschlia-ffmpegfs,text,14
nschloe-pytest-codeblocks,text,93
nsxiv-nsxiv,text,59
ntamas-plfit,text,132
ntop-nDPI,binary,3
ntop-nDPI,text,32
ntop-ntopng,text,13
nucleic-kiwi,text,138
nukeop-nuclear,text,38
numactl-numactl,text,63
numediart-MBROLA,archives,3
numediart-MBROLA,binary,10
numediart-MBROLA,pictures,4
numediart-MBROLA,text,165
numediart-mbrola-voices,binary,544
numediart-mbrola-voices,text,1459
numerodix-ansicolor,text,65
numixproject-numix-gtk-theme,text,70
numixproject-numix-icon-theme,text,156
numixproject-numix-icon-theme-circle,pictures,3
numixproject-numix-icon-theme-circle,text,4741
numpy-numpydoc,text,52
nurse-strptime,text,75
nushell-nushell,text,116
nuspell-nuspell,missing,3
nuspell-nuspell,text,259
nvbn-thefuck,text,99
nvie-vim-flake8,text,59
nwg-piotr-azote,text,64
nwg-piotr-gopsuinfo,text,53
nwg-piotr-nwg-bar,binary,5
nwg-piotr-nwg-bar,text,72
nwg-piotr-nwg-clipman,text,63
nwg-piotr-nwg-displays,text,27
nwg-piotr-nwg-dock,text,70
nwg-piotr-nwg-dock-hyprland,text,82
nwg-piotr-nwg-drawer,text,82
nwg-piotr-nwg-hello,text,71
nwg-piotr-nwg-icon-picker,text,35
nwg-piotr-nwg-launchers,text,147
nwg-piotr-nwg-look,text,75
nwg-piotr-nwg-menu,binary,13
nwg-piotr-nwg-menu,text,85
nwg-piotr-nwg-panel,text,64
nwg-piotr-nwg-shell,text,69
nwg-piotr-nwg-shell-config,text,63
nwg-piotr-nwg-shell-wallpapers,pictures,27
nwg-piotr-nwg-shell-wallpapers,text,26
nxengine-nxengine-evo,binary,2
nxengine-nxengine-evo,text,70
nzbgetcom-nzbget.git,text,41
nzjrs-osm-gps-map,text,126
o2sh-onefetch,pictures,2
o2sh-onefetch,text,9
o9000-tint2,text,159
oakszyjrnrdy-betterlockscreen_rapid,pictures,3
oakszyjrnrdy-betterlockscreen_rapid,text,18
oantolin-embark,text,54
oantolin-orderless,text,33
oauth-xx-oauth-ruby,text,93
oauth-xx-oauth-tty,text,420
oauth-xx-oauth2,text,603
oauth-xx-snaky_hash,pictures,2
oauth-xx-snaky_hash,text,648
oauth-xx-version_gem,text,211
obriencj-meanwhile,text,169
obsidianmd-obsidian-releases,text,9
obsproject-obs-studio,text,13
ocaml-Zarith,binary,2
ocaml-Zarith,text,91
ocaml-batteries-team-batteries-included,binary,4
ocaml-batteries-team-batteries-included,text,273
ocaml-camlp-streams,text,80
ocaml-community-biniou,text,102
ocaml-community-cppo,text,139
ocaml-community-easy-format,text,95
ocaml-community-lambda-term,text,103
ocaml-community-sedlex,binary,1
ocaml-community-sedlex,text,53
ocaml-community-utop,text,114
ocaml-community-yojson,text,110
ocaml-community-zed,text,127
ocaml-dbm,text,35
ocaml-doc-octavius,text,117
ocaml-dune,text,24
ocaml-dune-csexp,text,94
ocaml-dune-fiber,text,115
ocaml-dune-pp,text,107
ocaml-graphics,pictures,1
ocaml-graphics,text,89
ocaml-merlin,text,95
ocaml-num,text,86
ocaml-ocaml,text,67
ocaml-ocaml-re,text,55
ocaml-ocamlbuild,text,104
ocaml-odoc,pictures,1
ocaml-odoc,text,23
ocaml-omake-omake,text,121
ocaml-opam,text,39
ocaml-opam-file-format,text,101
ocaml-opam-ocaml-mccs,text,351
ocaml-opam-opam-0install-cudf,missing,2
ocaml-opam-opam-0install-cudf,text,172
ocaml-ppx-cinaps,text,102
ocaml-ppx-ocaml-syntax-shims,text,25
ocaml-ppx-ocamlformat,text,310
ocaml-ppx-ppx_deriving,text,125
ocaml-ppx-ppx_deriving_yojson,text,68
ocaml-ppx-ppx_import,text,92
ocaml-ppx-ppxlib,text,132
ocaml-stdlib-shims,text,59
ocaml-tuareg,text,68
ocaml-uchar,text,32
ocamllabs-ocaml-integers,text,99
ocamllibs-stdcompat,text,172
oconnor663-blake3-py,text,48
ocornut-imgui,text,25
ocsigen-lwt,text,136
ocsigen-lwt_log,text,80
ocsigen-lwt_ssl,binary,5
ocsigen-lwt_ssl,text,67
ocsigen-reactiveData,text,80
ocsigen-tyxml,text,27
octo-librouteros,text,89
octokit-octokit.rb,text,132
octopress-colorator,text,60
ocurrent-ocaml-version,text,59
odamex-odamex,text,2
odin-lang-Odin,text,26
odomanov-biblatex-gost,text,576
odoo-odoo.git,text,24
oetiker-rrdtool-1.x,text,36
ofalk-libdnet,binary,1
ofalk-libdnet,text,163
ofalk-scanssh,text,112
ofek-hatch-vcs,text,113
ofek-userpath,text,128
official-stockfish-Stockfish,text,11
ofiwg-libfabric,text,12
ogdenwebb-emacs-kaolin-themes,text,8
ohler55-ox,text,20
ohmu-pgmemcache,text,108
ohwgiles-laminar,text,63
oinume-iocapture,text,52
ojarva-python-sshpubkeys,text,98
ok2cqr-cqrlog,archives,18
ok2cqr-cqrlog,documents,2
ok2cqr-cqrlog,pictures,43
ok2cqr-cqrlog,text,151
okbob-pspg,text,34
oleg-derevenetz-bwping,text,51
olifre-afc,text,33
oliver006-redis_exporter,text,28
olivluca-vdr-actuator-plugin,binary,54
olivluca-vdr-actuator-plugin,pictures,1
olivluca-vdr-actuator-plugin,text,171
oliwer-volwheel,pictures,24
oliwer-volwheel,text,19
ollama-ollama,text,141
omar-polo-gmid,text,41
omarkohl-pytest-datafiles,text,56
omniauth-omniauth,text,83
oneapi-src-level-zero,text,66
oneapi-src-oneDNN,text,35
oneapi-src-oneTBB,text,15
onekey-sec-jefferson,text,81
onekey-sec-sasquatch,text,97
onetrueawk-awk,text,76
ongres-scram,text,44
ongres-stringprep,text,73
onnx-onnx,text,25
onur-cargo-license,text,86
ooni-probe-cli,text,69
ooxi-violetland,binary,1
ooxi-violetland,missing,2
ooxi-violetland,pictures,4
ooxi-violetland,text,103
open-iscsi-open-iscsi,text,108
open-iscsi-open-isns,text,98
open-iscsi-targetcli-fb,text,119
open-source-parsers-jsoncpp,text,22
open-telemetry-opentelemetry-cpp,text,37
open-telemetry-opentelemetry-java,text,18
open-telemetry-opentelemetry-python,text,61
open-webui-open-webui.git,text,59
open62541-open62541,text,41
openMSX-openMSX,text,40
openSUSE-catatonit,text,69
openSUSE-hwinfo,text,110
openSUSE-libsolv,text,53
openSUSE-snapper,text,76
openSUSE-xinetd,text,76
openalgz-ut,text,51
openargus-clients,text,35
openbabel-openbabel,binary,1
openbabel-openbabel,text,333
openbios-fcode-utils,binary,416
openbios-fcode-utils,missing,1
openbios-fcode-utils,text,2993
opencog-guile-dbi,text,11
opencollab-arpack-ng,text,131
opencontainers-runc,text,152
opencontainers-umoci,text,228
opencv-opencv,text,35
openglad-openglad,binary,1
openglad-openglad,pictures,3
openglad-openglad,text,31
openhab-openhab-distro,text,13
openjdk-jdk11u,text,20
openjdk-jdk17u,text,27
openjdk-jdk21u,text,34
openjdk-jdk25u,text,16
openjdk-jdk8u,text,380
openjdk-jmc,text,202
openjdk-jmh,text,187
openjdk-jol,text,274
openlawlibrary-pygls,text,40
openldap-openldap,text,10
openlink-iODBC,binary,4
openlink-iODBC,text,1256
openpmix-openpmix,text,68
openpmix-prrte,text,38
openrazer-openrazer,text,1
openrdap-rdap,text,14
openresty-echo-nginx-module,text,48
openresty-encrypted-session-nginx-module,text,57
openresty-headers-more-nginx-module,text,59
openresty-lua-cjson,text,76
openresty-lua-nginx-module,text,34
openresty-lua-resty-core,text,24
openresty-lua-resty-lrucache,text,99
openresty-lua-resty-memcached,text,54
openresty-lua-resty-mysql,archives,1
openresty-lua-resty-mysql,text,89
openresty-lua-resty-string,text,117
openresty-lua-upstream-nginx-module,text,47
openresty-memc-nginx-module,text,45
openresty-nginx-eval-module,text,56
openresty-set-misc-nginx-module,text,87
openresty-srcache-nginx-module,text,91
openresty-test-nginx,text,58
openresty-xss-nginx-module,text,54
openscad-emacs-scad-mode,text,42
openscad-openscad,text,14
openscenegraph-OpenSceneGraph,binary,2
openscenegraph-OpenSceneGraph,text,220
opensearch-project-opensearch-py,text,94
opensourcerouting-c-capnproto,text,101
openssl-openssl,text,23
openssl-openssl.git,text,44
openstack-liberasurecode,text,161
openstreetmap-merkaartor,text,95
openstreetmap-osm2pgsql,text,93
opensvc-multipath-tools,text,81
opentofu-opentofu,text,23
opentrack-opentrack,binary,4
opentrack-opentrack,text,18
openucx-ucx,text,37
openv-vcontrold,missing,2
openv-vcontrold,text,126
openwall-john,text,27
openzfs-zfs,text,51
oprypin-pytest-golden,text,126
opsgenie-opsgenie-lamp,binary,3
opsgenie-opsgenie-lamp,text,899
optyfr-JRomManager,archives,2
optyfr-JRomManager,missing,1
optyfr-JRomManager,text,30
oracle-bpftune,pictures,2
oracle-bpftune,text,77
oracle-dtrace-utils,text,26
oracle-linux-uek,text,13
oracle-visualvm,text,333
orbea-trio,binary,2
orbea-trio,text,90
orf-gping,text,85
org-roam-org-roam,text,40
orhun-git-cliff,text,58
orhun-kmon,text,116
orobardet-gitlab-ci-linter,text,159
orphan-oss-ognl,text,36
osa1-tiny,text,169
osamuaoki-imediff,text,204
osm-c-tools-osmctools,text,66
osmocom-gr-fosphor,text,240
osmocom-gr-iqbal,missing,4
osmocom-gr-iqbal,text,217
osmocom-libosmo-dsp,text,115
osmocom-rtl-sdr,text,70
ossec-ossec-hids,text,68
ostreedev-ostree,text,70
ota4j-team-open-test-reporting,text,14
ota4j-team-opentest4j,archives,1
ota4j-team-opentest4j,text,9
otakuto-crazydiskinfo,text,34
othree-csscomplete.vim,text,55
otpcalc-otpcalc,text,138
otsaloma-gaupol,text,25
otsaloma-nfoview,missing,2
otsaloma-nfoview,pictures,1
otsaloma-nfoview,text,248
ouch-org-ouch,text,28
ovh-ovh-ttyrec,text,43
owasp-modsecurity-ModSecurity,text,114
owasp-modsecurity-ModSecurity-nginx,pictures,1
owasp-modsecurity-ModSecurity-nginx,text,125
owenthereal-upterm,text,90
owl-lisp-owl,text,113
owncloud-libre-graph-api-cpp-qt-client,text,460
owntone-owntone-server,text,49
owntracks-recorder,text,21
oz123-mh,text,61
ozmartian-vidcutter,archives,1
ozmartian-vidcutter,text,62
p-ranav-argparse,binary,1
p-ranav-argparse,text,98
p-ranav-indicators,text,106
p11-glue-p11-kit,missing,1
p11-glue-p11-kit,text,20
p1c2u-jsonschema-path,text,12
p1c2u-jsonschema-spec,text,12
p1c2u-pathable,text,67
p2rkw-xf86-input-mtrack,text,111
p7zip-project-p7zip,text,1433
pabluk-pygments-promql,text,8
pachoramos-io-scheduler-udev-rules,text,15
pachoramos-pch-session,text,59
pachterlab-kallisto,text,65
paleg-sqtop,text,145
palfrey-tagpy,binary,1
palfrey-tagpy,text,56
pali-0xFFFF,text,59
pali-igmpproxy,text,111
pali-libopenaptx,text,29
pali-udftools,text,110
palinek-nm-tray,text,56
pallets-click,text,30
pallets-eco-cachelib,text,16
pallets-quart,pictures,3
pallets-quart,text,47
panorama-ed-memo_wise,pictures,1
panorama-ed-memo_wise,text,103
paramiko-paramiko,text,36
parisolab-mathmod,text,20
pashky-restclient.el,text,62
passff-passff-host,text,59
pastebinit-pastebinit,text,134
pat-combustion,text,89
patrakov-dcaenc,text,99
patroclos-PAmix,text,143
patrys-httmock,text,66
patsplat-plist,text,102
paul-hammant-qdox,text,68
paul-j-lucas-cdecl,text,14
paulmcauley-klassy,pictures,17
paulmcauley-klassy,text,846
pavouk-lgi,text,77
pawelsalawa-sqlitestudio,text,220
pazz-alot,binary,1
pazz-alot,text,84
pazz-urwidtrees,binary,3
pazz-urwidtrees,pictures,4
pazz-urwidtrees,text,62
pbiering-ipv6calc,binary,2
pbiering-ipv6calc,text,123
pboling-rspec-block_is_expected,text,189
pboling-rspec-pending_for,text,137
pboling-rspec-stubbed_env,text,80
pdewacht-brlaser,text,89
pdfjam-pdfjam,text,2
pdfminer-pdfminer.six,documents,2
pdfminer-pdfminer.six,text,43
pdfpc-pdfpc,text,93
pdftk-java-pdftk,binary,3
pdftk-java-pdftk,documents,2
pdftk-java-pdftk,text,240
pdm-project-pdm-backend,text,132
pear-Console_CommandLine,text,90
pearofducks-ansible-vim,text,66
peco-peco,text,17
pedro00dk-nvidia-exec,text,61
peertube-viewer-peertube-viewer-rs,text,87
pekwm-pekwm,pictures,6
pekwm-pekwm,text,212
pellegre-libcrafter,text,13
pelzlpj-orpie,binary,3
pelzlpj-orpie,documents,1
pelzlpj-orpie,text,287
pencil2d-pencil,text,14
pengutronix-genimage,text,182
pentix-qjournalctl,text,114
perazz-fortran-regex,archives,24
perazz-fortran-regex,text,101
perazz-fortran-shlex,binary,8
perazz-fortran-shlex,text,71
percona-mongodb_exporter,text,18
performous-performous,binary,2
performous-performous,text,6
perl6-nqp,text,9
persepolisdm-persepolis,binary,12
persepolisdm-persepolis,catalogs,16
persepolisdm-persepolis,text,183
petasis-tkdnd,text,63
pete4abw-lrzip-next,binary,2
pete4abw-lrzip-next,missing,3
pete4abw-lrzip-next,text,125
petergoldstein-dalli,text,23
petervanderdoes-gitflow-avh,text,107
petski-nss-docker-ng,text,62
pezmaster31-bamtools,text,321
pf-kernel-uksmd,text,55
pfmoore-editables,text,97
pgRouting-pgrouting,text,113
pgadmin-org-pgagent,text,344
pganalyze-libpg_query,text,356
pgf-tikz-pgf,text,73
pgjones-hypercorn,text,196
pgmodeler-pgmodeler,text,594
phaag-nfdump,text,71
phar-io-manifest,text,76
phar-io-version,text,93
phase1geo-Minder,text,10
phatina-simple-mtpfs,text,176
phfaist-pylatexenc,text,7
phil-opp-cargo-post,text,82
philipl-pidgin-indicator,pictures,1
philipl-pidgin-indicator,text,80
philj56-tofi,text,157
phillipberndt-autorandr,text,60
phillipberndt-pqiv,text,79
phillord-assess,text,98
phillord-m-buffer-el,text,105
phiresky-ripgrep-all,text,99
phmarek-fsvs,binary,1
phmarek-fsvs,text,152
phokz-mod-auth-external,pictures,1
phokz-mod-auth-external,text,75
pholser-junit-quickcheck,text,76
phoronix-test-suite-phoronix-test-suite,archives,2
phoronix-test-suite-phoronix-test-suite,documents,2
phoronix-test-suite-phoronix-test-suite,text,1847
php-fedora-autoloader,text,97
php-fig-log,text,90
phw-peek,text,103
pi-hole-pi-hole.git,text,87
pianobooster-PianoBooster,text,133
piccolomo-plotext,text,16
pidu-git-timemachine,pictures,1
pidu-git-timemachine,text,54
pika-pika,text,24
pikhq-musl-nscd,text,81
pine64-blisp,binary,1
pine64-blisp,missing,1
pine64-blisp,pictures,1
pine64-blisp,text,126
piotrmurach-equatable,text,71
piotrmurach-necromancer,text,122
piotrmurach-pastel,text,88
piotrmurach-tty-color,text,65
piotrmurach-tty-command,text,126
piotrmurach-tty-cursor,text,65
piotrmurach-tty-editor,text,78
piotrmurach-tty-file,text,82
piotrmurach-tty-platform,text,63
piotrmurach-tty-prompt,text,157
piotrmurach-tty-reader,text,95
piotrmurach-tty-screen,text,74
piotrmurach-tty-which,text,74
pirxthepilot-wtfis,pictures,5
pirxthepilot-wtfis,text,278
pithos-pithos,binary,1
pithos-pithos,missing,2
pithos-pithos,text,74
pitkali-pos-tip,text,37
pixel-hexedit,text,77
pixelb-ps_mem,text,63
pjsip-pjproject,text,14
pkgcraft-pkgcraft,missing,2
pkgcraft-pkgcraft,text,118
pkgcraft-pkgcraft-python,missing,2
pkgcraft-pkgcraft-python,text,108
pkkid-python-plexapi,text,47
plantuml-plantuml,text,35
platformio-platformio-core,missing,2
platformio-platformio-core,text,6
plexus-a.el,text,62
plizonczyk-noiseprotocol,text,143
plk-biber,archives,2
plk-biber,text,196
plotly-dash,text,92
plotly-plotly.py,text,193
plougher-squashfs-tools,text,42
plp13-qman,text,259
pmacct-pmacct,text,82
pmem-ndctl,text,28
pmem-pmdk,text,230
pn2200-g3data,text,112
pnpnpn-retry-decorator,text,92
po5-mpv_sponsorblock,text,64
po5-thumbfast,text,60
pobrn-mktorrent,text,131
pocl-pocl,text,129
pocoproject-poco,text,560
podhmo-python-node-semver,text,119
podofo-podofo,missing,2
podofo-podofo,text,41
poetaman-arttime,archives,10
poetaman-arttime,text,86
polarsys-b612,binary,191
polarsys-b612,documents,2
polarsys-b612,fonts,60
polarsys-b612,pictures,2
polarsys-b612,text,9606
polkit-org-polkit,text,13
polybar-polybar,missing,1
polybar-polybar,text,98
polychromatic-polychromatic,text,6
polyml-polyml,text,49
polymode-polymode,text,120
pommi-CGP,text,78
ponty-EasyProcess,text,131
ponty-PyVirtualDisplay,pictures,8
ponty-PyVirtualDisplay,text,144
ponty-entrypoint2,text,175
ponty-pyscreenshot,text,284
pooler-electrum-ltc,missing,1
pooler-electrum-ltc,text,151
poolpOrg-filter-rspamd,text,57
pop-os-icon-theme,binary,2
pop-os-icon-theme,cursors,311
pop-os-icon-theme,pictures,1486
pop-os-icon-theme,text,1966
pop-os-launcher,text,180
pop-os-shell,text,138
pop-os-system76-power,text,107
popcorn-official-popcorn-desktop,binary,4
popcorn-official-popcorn-desktop,pictures,200
popcorn-official-popcorn-desktop,text,598
poroussel-simpleagenda,binary,41
poroussel-simpleagenda,pictures,2
poroussel-simpleagenda,text,82
portagefilelist-client,text,197
ports1-aee,text,50
postfixadmin-postfixadmin,text,13
postgres-plr-plr,text,168
postgres-postgres.git,text,12
postgrespro-rum,pictures,2
postgrespro-rum,text,219
postmarketOS-megapixels,binary,3
postmarketOS-megapixels,text,102
postmarketOS-mobile-config-firefox,text,57
postmarketOS-openrc-settingsd,text,88
postmodern-chruby,text,82
postmodern-ruby-install,text,36
potatosalad-erlang-jose,text,141
pothosware-SoapyBladeRF,text,76
pothosware-SoapyHackRF,text,97
pothosware-SoapyPlutoSDR,text,72
pothosware-SoapyRTLSDR,text,82
pothosware-SoapyRemote,text,105
pothosware-SoapySDR,binary,1
pothosware-SoapySDR,missing,2
pothosware-SoapySDR,text,191
pothosware-SoapySDRPlay,text,82
pothosware-SoapyUHD,text,78
powerline-powerline,text,94
ppareit-graphviz-dot-mode,archives,1
ppareit-graphviz-dot-mode,text,68
ppvan-libcsv,documents,2
ppvan-libcsv,text,120
ppvan-pg_query_vala,binary,5
ppvan-pg_query_vala,missing,1
ppvan-pg_query_vala,text,37
ppvan-psequel,binary,2
ppvan-psequel,text,580
ppy-osu,text,18
pqwy-psq,text,109
pradyunsg-sphinx-basic-ng,text,98
praiskup-argparse-manpage,text,110
prawnpdf-pdf-core,text,146
prawnpdf-prawn,text,367
prawnpdf-ttfunk,fonts,1
prawnpdf-ttfunk,text,339
pre-commit-identify,text,31
pre-commit-pre-commit,archives,2
pre-commit-pre-commit,text,70
prefix-dev-pixi,archives,1
prefix-dev-pixi,text,96
prehor-amavisd-milter,binary,2
prehor-amavisd-milter,text,82
premailer-css_parser,text,127
premake-premake-core,text,19
preservim-nerdcommenter,text,52
preservim-nerdtree,text,80
preservim-tagbar,text,74
prikhi-lightdm-mini-greeter,text,117
processone-cache_tab,text,94
processone-conf,text,116
processone-eimp,binary,1
processone-eimp,text,92
processone-ejabberd,text,24
processone-epam,text,90
processone-erlang-sqlite3,binary,2
processone-erlang-sqlite3,text,75
processone-esip,text,120
processone-ezlib,text,77
processone-fast_tls,text,80
processone-fast_xml,text,54
processone-fast_yaml,text,98
processone-mqtree,text,99
processone-p1_acme,binary,1
processone-p1_acme,text,57
processone-p1_mysql,text,63
processone-p1_oauth2,binary,1
processone-p1_oauth2,text,75
processone-p1_pgsql,text,92
processone-p1_utils,pictures,3
processone-p1_utils,text,122
processone-pkix,binary,1
processone-pkix,text,95
processone-stringprep,text,98
processone-stun,text,74
processone-xmpp,text,4
processone-yconf,text,83
processone-yval,binary,1
processone-yval,text,75
profanity-im-profanity,text,231
projectM-visualizer-frontend-libvisual-plug-in,missing,6
projectM-visualizer-frontend-libvisual-plug-in,text,136
projectM-visualizer-projectm,missing,1
projectM-visualizer-projectm,text,14
projg2-autoupnp,text,99
projg2-certifi-system-store,text,92
projg2-cpuid2cpuflags,text,126
projg2-denonavr-cli,text,67
projg2-diffmask,text,63
projg2-docutils-glep,text,66
projg2-edid-fixdim,text,5
projg2-eselect-lib-bin-symlink,text,9
projg2-eselect-repository,text,64
projg2-getuto,text,28
projg2-glep63-check,binary,42
projg2-glep63-check,text,64
projg2-gpep517,archives,1
projg2-gpep517,text,69
projg2-gpyutils,text,40
projg2-gverify,text,34
projg2-installkernel-gentoo,text,86
projg2-kuroneko,text,90
projg2-libh2o,text,126
projg2-libh2oxx,text,70
projg2-libtinynotify,text,115
projg2-mgorny-dev-scripts,text,13
projg2-mirage2iso,binary,15
projg2-mirage2iso,failed:archives,2
projg2-mirage2iso,text,81
projg2-nattka,text,114
projg2-pe-format2,text,82
projg2-pixels2pgf,text,12
projg2-portage-exporter,text,28
projg2-pshs,text,88
projg2-pyh2o,text,38
projg2-pymountboot,text,39
projg2-python-exec,text,116
projg2-shadowman,text,29
projg2-squashdelta,text,103
projg2-squashmerge,binary,12
projg2-squashmerge,text,53
projg2-tinynotify-send,text,113
projg2-uam,text,69
projg2-unsymlink-lib,text,69
projg2-votrify,missing,2
projg2-votrify,text,27
prometheus-alertmanager,text,32
prometheus-blackbox_exporter,text,37
prometheus-client_python,text,43
prometheus-community-bind_exporter,text,38
prometheus-community-postgres_exporter,text,20
prometheus-community-smartctl_exporter,text,72
prometheus-consul_exporter,text,49
prometheus-memcached_exporter,text,20
prometheus-mysqld_exporter,text,21
prometheus-node_exporter,text,183
prometheus-prom2json,text,35
prometheus-prometheus,text,175
prometheus-prometheus.git,text,205
prometheus-promu,text,4
prometheus-pushgateway,text,6
prometheus-snmp_exporter,text,17
prompt-toolkit-pyvim,text,106
pronovic-banner,text,131
proot-me-PRoot,missing,2
proot-me-PRoot,text,107
proper-testing-proper,text,110
protesilaos-denote,text,10
protesilaos-ef-themes,text,113
protesilaos-modus-themes,text,9
protesilaos-tempus-themes-vim,text,293
protobuf-c-protobuf-c,text,157
protocolbuffers-protobuf,text,26
protocolbuffers-protobuf-go,text,63
protocolbuffers-protobuf.git,text,26
proxytunnel-proxytunnel,binary,4
proxytunnel-proxytunnel,text,63
prusa3d-PrusaSlicer,binary,7
prusa3d-PrusaSlicer,catalogs,13
prusa3d-PrusaSlicer,pictures,7
prusa3d-PrusaSlicer,text,46
prusa3d-libbgcode,binary,1
prusa3d-libbgcode,text,137
pry-pry,text,99
prymitive-karma,text,115
prysk-prysk,missing,16
prysk-prysk,text,205
psemiletov-tea-qt,catalogs,3
psemiletov-tea-qt,text,154
psmokotnin-osm,archives,1
psmokotnin-osm,text,341
psycopg-psycopg,text,33
ptchinster-dcron,text,88
ptesarik-libkdumpfile,text,760
ptpd-ptpd,text,217
pts-sam2p,binary,1
pts-sam2p,text,91
pulp-platform-bender,text,47
puma-puma,text,16
punesemu-puNES,archives,25
punesemu-puNES,text,1401
pupnp-pupnp,text,17
puppetlabs-facter,text,101
puppetlabs-gettext-setup-gem,text,148
puppetlabs-puppet-resource_api,text,244
puppetlabs-r10k,text,91
puppetlabs-ruby-hocon,text,147
purcell-emacs-dune-format,text,14
purcell-emacs-reformatter,text,10
purcell-envrc,text,6
purcell-exec-path-from-shell,text,12
purcell-flycheck-package,text,9
purcell-inheritenv,text,19
purcell-package-lint,text,17
pvanek-qlipper,text,67
pwaller-pyfiglet,binary,2
pwaller-pyfiglet,text,118
pwaller-pyprof2calltree,text,87
pwman3-pwman3,text,87
pwmt-girara,text,63
pwmt-zathura,text,42
pwmt-zathura-pdf-mupdf,text,96
pwmt-zathura-pdf-poppler,text,94
pwndbg-pwndbg,text,119
pwr-Solaar-Solaar,text,15
pwsafe-pwsafe,binary,4
pwsafe-pwsafe,pictures,31
pwsafe-pwsafe,text,49
py-pdf-pypdf,text,22
pyamg-pyamg,text,75
pybind-pybind11,text,29
pyca-pynacl,text,15
pychess-pychess,text,14
pycollada-pycollada,text,145
pycompression-python-isal,missing,2
pycompression-python-isal,text,67
pycompression-python-zlib-ng,missing,1
pycompression-python-zlib-ng,text,71
pydata-numexpr,text,110
pydata-pydata-sphinx-theme,pictures,13
pydata-pydata-sphinx-theme,text,26
pydoit-doit-py,text,181
pyenchant-pyenchant,text,95
pyeve-cerberus,text,108
pyeve-events,text,86
pygame-pygame,text,102
pygobject-pycairo,text,72
pygsl-pygsl,binary,1
pygsl-pygsl,text,109
pyinvoke-invoke,text,27
pylint-dev-astroid,text,17
pylint-dev-pylint,text,61
pymumu-smartdns,text,72
pypa-build,text,15
pypa-distlib,text,27
pypa-hatch,text,27
pypa-pip,text,27
pypa-pipenv,text,16
pypa-pipx,text,6
pypa-twine,text,33
pypiserver-pypiserver,text,59
pyproj4-pyproj,text,13
pyqtgraph-pyqtgraph,text,135
pysam-developers-pysam,text,32
pyscaffold-configupdater,text,91
pyspread-pyspread,pictures,1
pyspread-pyspread,text,64
pystardust-ani-cli,text,16
pystardust-waldl,text,26
pytest-dev-apipkg,text,95
pytest-dev-iniconfig,text,104
pytest-dev-pyfakefs,text,16
pytest-dev-pytest-bdd,text,106
pytest-dev-pytest-django,text,19
pytest-dev-pytest-services,text,103
pytest-dev-pytest-twisted,text,74
pythological-etuples,text,118
pythological-kanren,text,177
pythological-python-cons,text,129
pythological-unification,text,124
python-attrs-cattrs,text,3
python-babel-flask-babel,catalogs,1
python-babel-flask-babel,text,111
python-constraint-python-constraint,text,29
python-cpython.git,text,14
python-excel-xlrd,archives,18
python-excel-xlrd,binary,14
python-excel-xlrd,text,94
python-happybase-happybase,binary,1
python-happybase-happybase,pictures,1
python-happybase-happybase,text,90
python-hyper-brotlicffi,missing,3
python-hyper-brotlicffi,text,93
python-hyper-hpack,text,519
python-injector-injector,text,59
python-jsonschema-check-jsonschema,text,57
python-ldap-python-ldap,text,33
python-lsp-docstring-to-markdown,text,92
python-lsp-pylsp-mypy,text,85
python-lsp-python-lsp-black,text,75
python-mode-devs-python-mode,text,59
python-mypy,text,103
python-mypy_extensions,text,70
python-pillow-Pillow,text,104
python-poetry-cleo,text,115
python-poetry-crashtest,text,104
python-quantities-python-quantities,text,70
python-restx-flask-restx,text,136
python-rope-ropemode,text,70
python-telegram-bot-python-telegram-bot,text,36
python-trio-outcome,text,70
python-trio-sniffio,text,77
python-trio-trio,text,22
python-trio-trio-websocket,text,108
python-trio-unasync,binary,4
python-trio-unasync,missing,1
python-trio-unasync,text,152
python-versioneer-python-versioneer,text,78
python-visualization-branca,text,31
python-visualization-folium,text,13
python-websockets-websockets,text,15
python-xlib-python-xlib,text,81
python-xmp-toolkit-python-xmp-toolkit,documents,1
python-xmp-toolkit-python-xmp-toolkit,pictures,2
python-xmp-toolkit-python-xmp-toolkit,text,76
pythongssapi-python-gssapi,text,186
pythonnet-pythonnet,text,37
pytorch-FBGEMM,text,72
pytorch-cpuinfo,text,10
pytorch-data,text,71
pytorch-expecttest,text,76
pytorch-kineto,text,56
pytorch-pytorch,missing,1
pytorch-pytorch,text,213
pytorch-tensorpipe,missing,2
pytorch-tensorpipe,text,386
pytorch-vision,text,20
pytransitions-transitions,text,128
pyudev-pyudev,text,97
pyutils-line_profiler,text,167
pywavefront-PyWavefront,text,65
pyx-project-pyx,text,105
qarmin-czkawka,binary,5
qarmin-czkawka,pictures,3
qarmin-czkawka,text,305
qbasicer-qzdl,text,166
qbittorrent-qBittorrent,text,25
qhull-qhull,text,161
qnikst-kbdd,binary,2
qnikst-kbdd,text,69
qoobaa-magic,archives,2
qoobaa-magic,pictures,1
qoobaa-magic,text,112
qorelanguage-qore,text,19
qos-ch-cal10n,binary,2
qos-ch-cal10n,pictures,4
qos-ch-cal10n,text,383
qos-ch-reload4j,pictures,3
qos-ch-reload4j,text,376
qos-ch-slf4j,archives,7
qos-ch-slf4j,text,47
qpdf-qpdf,binary,1
qpdf-qpdf,failed:documents,1
qpdf-qpdf,text,111
qterm-qterm,text,169
qtilities-qtilitools,text,21
qtilities-sddm-conf,archives,3
qtilities-sddm-conf,text,194
quadra-game-quadra,binary,3
quadra-game-quadra,text,406
quadrantsec-sagan,text,377
quantopian-libpy,text,95
quickemu-project-quickemu,text,9
quickjs-ng-quickjs,text,20
quickshell-mirror-quickshell,text,74
quietvoid-dovi_tool,binary,9
quietvoid-dovi_tool,text,64
quodlibet-mutagen,text,82
quodlibet-quodlibet,text,60
quotient-im-Quaternion,missing,2
quotient-im-Quaternion,text,95
quotient-im-libQuotient,text,114
quozl-netrek-client-cow,text,65
qutebrowser-qutebrowser,text,25
qwertyquerty-pypresence,binary,20
qwertyquerty-pypresence,pictures,3
qwertyquerty-pypresence,text,234
r4sas-PBinCLI,pictures,1
r4sas-PBinCLI,text,89
ra3xdh-qucs_s,missing,2
ra3xdh-qucs_s,text,40
rabbitmq-rabbitmq-server,text,20
raboof-nethogs,text,98
raboof-notion,text,112
rack-rack,text,21
rack-rack-cache,text,114
rack-rack-session,text,126
rack-rack-test,text,38
rack-rackup,archives,2
rack-rackup,text,150
radcli-radcli,text,13
radhermit-bugbite,text,29
radian-software-apheleia,text,54
radioacoustick-Coil64,binary,17
radioacoustick-Coil64,catalogs,618
radioacoustick-Coil64,documents,1
radioacoustick-Coil64,pictures,286
radioacoustick-Coil64,text,1392
raduprv-Eternal-Lands,text,43
radvd-project-radvd,binary,1
radvd-project-radvd,text,86
rafael2k-darkice,text,386
rafaelmartins-cgisysinfo,text,125
rafaelmartins-g-octave,text,126
rafaelmartins-squareball,binary,2
rafaelmartins-squareball,text,193
rails-actionpack-xml_parser,text,72
rails-activemodel-serializers-xml,text,112
rails-coffee-rails,text,95
rails-execjs,text,72
rails-globalid,text,100
rails-marcel,binary,1
rails-marcel,text,30
rails-propshaft,pictures,2
rails-propshaft,text,143
rails-rails,text,26
rails-sass-rails,pictures,5
rails-sass-rails,text,348
rails-spring,text,96
rails-sprockets,binary,2
rails-sprockets,text,112
rails-sprockets-rails,text,94
rails-thor,text,83
rails-web-console,text,82
rainstormstudio-nerd-icons.el,text,18
rake-compiler-rake-compiler,text,57
rake-compiler-rake-compiler-dock,text,102
rakshasa-rtorrent,text,30
rakyll-hey,text,140
ram-on-imgurbash2,text,58
rancher-k3d,binary,2
rancher-k3d,missing,6
rancher-k3d,pictures,1
rancher-k3d,text,1701
randomizedtesting-randomizedtesting,archives,1
randomizedtesting-randomizedtesting,text,74
randy408-libspng,text,71
ranfdev-geopard,pictures,5
ranfdev-geopard,text,109
ranger-ranger,text,85
raphamorim-rio,text,11
raphw-asm-jdk-bridge,text,109
raphw-byte-buddy,text,25
rapid7-network_interface,text,69
rapid7-ruby_smb,text,113
rapidfuzz-Levenshtein,missing,3
rapidfuzz-Levenshtein,text,81
rapidfuzz-rapidfuzz-cpp,text,195
raspberrypi-pico-sdk,text,46
raspberrypi-picotool,binary,7
raspberrypi-picotool,text,24
rastersoft-desktop-icons-ng,text,31
rastersoft-devedeng,archives,1
rastersoft-devedeng,binary,7
rastersoft-devedeng,pictures,37
rastersoft-devedeng,text,260
ratoaq2-cleanit,text,69
ratoaq2-knowit,text,84
ratoaq2-pgsrip,text,86
ratoaq2-trakit,text,75
rauc-rauc,text,68
ravachol-kew,text,9
raysan5-raylib,pictures,3
raysan5-raylib,text,22
razzmatazz-csharp-language-server,text,18
rbarrois-mpdlcd,text,128
rbreu-beeref,pictures,1
rbreu-beeref,text,237
rbsec-sslscan,text,91
rbspy-rbspy,text,28
rc0-tdl,text,119
rcedgar-muscle,archives,1
rcedgar-muscle,text,234
rclone-rclone,text,21
rcsb-mmtf-cpp,archives,1
rcsb-mmtf-cpp,binary,27
rcsb-mmtf-cpp,missing,4
rcsb-mmtf-cpp,text,134
rdesktop-rdesktop,text,180
rdiankov-collada-dom,archives,5
rdiankov-collada-dom,binary,17
rdiankov-collada-dom,pictures,2
rdiankov-collada-dom,text,1778
rdicosmo-parmap,text,120
rdmpage-treeviewx,binary,13
rdmpage-treeviewx,text,118
reactphp-promise,text,295
readthedocs-recommonmark,text,84
readthedocs-sphinx-autoapi,text,43
readthedocs-sphinx-hoverxref,text,64
readthedocs-sphinx-notfound-page,pictures,9
readthedocs-sphinx-notfound-page,text,114
realnc-SDL_audiolib,failed:fonts,1
realnc-SDL_audiolib,fonts,2
realnc-SDL_audiolib,text,360
realnc-qtads,failed:fonts,1
realnc-qtads,fonts,2
realnc-qtads,text,330
realworldocaml-mdx,text,149
rear-rear,pictures,1
rear-rear,text,110
reasonml-reason,text,35
rebar-rebar,text,170
recastnavigation-recastnavigation,text,53
recp-cglm,text,137
redeclipse-base,missing,19
redeclipse-base,text,66
redguardtoo-elpa-mirror,text,99
redguardtoo-js-comint,text,77
redhat-developer-vscode-xml,text,72
redhat-performance-tuned,text,99
redict-hiredict,text,340
redict-redict,text,282
redis-hiredis,text,57
redis-hiredis-py,missing,2
redis-hiredis-py,text,70
redis-redis,text,21
redis-redis-py,text,19
redis-redis.git,text,18
redlab-i-pps-tools,text,67
redlib-org-redlib,text,115
reef-technologies-logfury,text,137
regebro-svg.path,pictures,7
regebro-svg.path,text,106
regebro-tzlocal,text,94
regit-coccigrep,text,59
rejeep-ansi.el,text,62
rejeep-commander.el,text,72
rejeep-el-mock.el,text,55
rejeep-ert-async.el,text,21
rejeep-ert-runner.el,text,56
rejeep-f.el,text,64
rektdeckard-departure-mono,archives,7
rektdeckard-departure-mono,binary,16
rektdeckard-departure-mono,fonts,39
rektdeckard-departure-mono,pictures,18
rektdeckard-departure-mono,text,273
relan-exfat,text,136
relaxng-jing-trang,archives,2
relaxng-jing-trang,missing,1
relaxng-jing-trang,text,161
relianoid-nftlb,binary,16
relianoid-nftlb,text,2759
remkop-picocli,archives,4
remkop-picocli,pictures,2
remkop-picocli,text,588
remvee-exifr,text,1
renzmann-treesit-auto,text,61
reorg-pg_repack,text,140
reorx-httpstat,text,54
repoze-repoze.lru,text,77
requests-cache-requests-cache,text,14
requests-requests-kerberos,text,103
requests-requests-ntlm,text,143
requests-requests-oauthlib,text,139
requests-toolbelt,binary,1
requests-toolbelt,text,100
rescrv-libmacaroons,text,256
restic-restic,text,26
resurrecting-open-source-projects-cbm,text,134
resurrecting-open-source-projects-dcfldd,text,70
resurrecting-open-source-projects-dnsmap,text,107
resurrecting-open-source-projects-nbtscan,binary,15
resurrecting-open-source-projects-nbtscan,text,175
resurrecting-open-source-projects-openrdate,text,79
resurrecting-open-source-projects-packit,binary,1
resurrecting-open-source-projects-packit,pictures,1
resurrecting-open-source-projects-packit,text,296
resurrecting-open-source-projects-scrot,text,43
resurrecting-open-source-projects-sniffit,text,92
resurrecting-open-source-projects-txt2html,binary,8
resurrecting-open-source-projects-txt2html,text,404
retrontology-sup2srt,binary,15
retrontology-sup2srt,text,116
reujab-silver,binary,1
reujab-silver,pictures,2
reujab-silver,text,151
reviewboard-rbtools,text,1
rfc1036-whois,text,36
rfjakob-earlyoom,text,66
rfjakob-gocryptfs,text,18
rgrinberg-stringext,binary,6
rgrinberg-stringext,text,84
rgrove-crass,text,60
rgrove-sanitize,text,122
rgwood-systemctl-tui,text,12
rharish101-ReGreet,text,8
rhboot-dumpet,text,70
rhboot-efibootmgr,missing,4
rhboot-efibootmgr,text,102
rhboot-pesign,text,60
rhinstaller-pocketlint,text,90
rhysd-vim-clang-format,text,88
rich0-cfg-update,archives,1
rich0-cfg-update,text,26
richardlehane-siegfried,archives,377
richardlehane-siegfried,binary,143
richardlehane-siegfried,failed:pictures,2
richardlehane-siegfried,text,569
richgel999-miniz,text,82
rickhowe-diffchar.vim,binary,2
rickhowe-diffchar.vim,pictures,18
rickhowe-diffchar.vim,text,165
rickysarraf-laptop-mode-tools,catalogs,1
rickysarraf-laptop-mode-tools,text,66
rime-ibus-rime,missing,11
rime-ibus-rime,text,66
rime-librime,text,6
rime-rime-luna-pinyin,text,28
rimgo-rimgo,pictures,3
rimgo-rimgo,text,110
risujin-cellwriter,binary,1
risujin-cellwriter,text,86
river-river,text,195
rizinorg-cutter,missing,2
rizinorg-cutter,text,72
rizinorg-rz-ghidra,binary,3
rizinorg-rz-ghidra,missing,3
rizinorg-rz-ghidra,text,153
rizsotto-Bear,text,52
rk4an-phpsysinfo,text,18
rkd77-elinks,text,21
rlancaste-stellarsolver,binary,6
rlancaste-stellarsolver,pictures,4
rlancaste-stellarsolver,text,198
rmagick-rmagick,text,21
rmcrackan-Libation,text,20
rmnvgr-metadata-cleaner,pictures,12
rmnvgr-metadata-cleaner,text,230
rndusr-stig,text,79
rnpgp-rnp,text,4
rnpgp-sexpp,text,155
robashaw-libecpint,binary,438
robashaw-libecpint,text,933
robert7-nixnote2,pictures,27
robert7-nixnote2,text,94
robertdavidgraham-masscan,text,363
roberthawdon-dfshow,text,115
robertsanseries-ciano,missing,10
robertsanseries-ciano,pictures,1
robertsanseries-ciano,text,156
robm-dzen,text,54
robotraconteur-robotraconteur,text,24
robotraconteur-robotraconteur_companion,text,65
roc-streaming-openfec,binary,2
roc-streaming-openfec,text,134
roc-streaming-roc-toolkit,text,168
rockdaboot-libpsl,missing,1
rockdaboot-libpsl,text,14
rockowitz-ddcui,text,88
rockowitz-ddcutil,text,9
rocky-emacs-load-relative,text,92
rocky-kshdb,text,289
roddhjav-pass-update,text,75
roehling-postsrsd,text,12
rofafor-vdr-plugin-femon,archives,3
rofafor-vdr-plugin-femon,binary,106
rofafor-vdr-plugin-femon,text,316
rofafor-vdr-plugin-iptv,text,308
rofafor-vdr-plugin-rssreader,binary,26
rofafor-vdr-plugin-rssreader,text,184
rofafor-vdr-plugin-satip,text,115
rofafor-vdr-plugin-skinsoppalusikka,binary,127
rofafor-vdr-plugin-skinsoppalusikka,text,151
rofirrim-eiciel,text,89
rofl0r-microsocks,text,54
rogerbinns-apsw,text,23
rogers0-libcorkipset,text,173
rolandriegel-nload,text,208
rolandwalker-anaphora,text,63
rollbear-trompeloeil,text,80
rollinhand-dbf-core,binary,4
rollinhand-dbf-core,text,46
rollinhand-libdbf,binary,15
rollinhand-libdbf,pictures,1
rollinhand-libdbf,text,63
rombust-Methane,text,16
romis2012-aiohttp-socks,text,89
romis2012-httpx-socks,text,131
romis2012-python-socks,text,108
romis2012-tiny-proxy,text,59
ronmamo-reflections,archives,2
ronmamo-reflections,text,257
rootless-containers-rootlesskit,text,45
rootless-containers-slirp4netns,text,76
ropery-ffcast,missing,2
ropery-ffcast,text,59
rossmacarthur-sheldon,text,307
roswell-roswell,text,38
rouge-ruby-rouge,text,28
roundcube-roundcubemail,text,1668
royhills-arp-scan,binary,19
royhills-arp-scan,text,191
royhills-ike-scan,documents,2
royhills-ike-scan,text,115
rpav-c2ffi,text,106
rpm-software-management-distribution-gpg-keys,text,21696
rpm-software-management-dnf5,text,19
rpm-software-management-drpm,binary,7
rpm-software-management-drpm,text,150
rpm-software-management-librepo,text,51
rpm-software-management-mock,text,31
rpm-software-management-rpm-sequoia,text,44
rpodgorny-unionfs-fuse,text,72
rpodgorny-uptimed,text,82
rqlite-pyrqlite,text,63
rqlite-rqlite,text,17
rqlite-sqlalchemy-rqlite,text,37
rr--screeninfo,text,86
rr--urwid_readline,text,72
rr-debugger-rr,text,14
rr-rr,text,75
rrthomas-chainstream,text,23
rrthomas-enchant,text,55
rrthomas-inform-mode,archives,18
rrthomas-inform-mode,pictures,3
rrthomas-inform-mode,text,107
rrthomas-libpaper,missing,1
rrthomas-libpaper,text,67
rrthomas-mmv,missing,3
rrthomas-mmv,text,69
rrthomas-pdfjam,text,15
rrthomas-psutils,documents,4
rrthomas-psutils,text,170
rrthomas-recode,missing,2
rrthomas-recode,text,175
rrthomas-rpl,missing,2
rrthomas-rpl,text,55
rs-curlie,binary,2
rs-curlie,text,76
rsc-goversion,binary,2
rsc-goversion,text,31
rseichter-automx2,text,1
rseichter-fangfrisch,documents,10
rseichter-fangfrisch,text,155
rsms-inter,fonts,39
rsms-inter,text,749
rspamd-rspamd,text,41
rspec-rspec,text,128
rspec-rspec-expectations,text,128
rspec-rspec-mocks,text,153
rspec-rspec-rails,text,82
rss2email-rss2email,text,109
rsyslog-libfastjson,binary,17
rsyslog-libfastjson,text,63
rsyslog-liblogging,text,98
rsyslog-rsyslog,text,48
rthalley-dnspython,text,16
rtissera-libchdr,binary,16
rtissera-libchdr,failed:archives,1
rtissera-libchdr,pictures,12
rtissera-libchdr,text,794
rtlewis88-rtl88-Themes,archives,26
rtlewis88-rtl88-Themes,pictures,28
rtlewis88-rtl88-Themes,text,8
rtlsdrblog-rtl-sdr-blog,binary,2
rtlsdrblog-rtl-sdr-blog,text,64
rtomayko-git-sh,text,64
rtrlib-rtrlib,pictures,1
rtrlib-rtrlib,text,243
rubik-mando,text,110
rubjo-victor-mono,archives,18
rubjo-victor-mono,binary,4
rubjo-victor-mono,failed:fonts,18
rubjo-victor-mono,fonts,86
rubjo-victor-mono,pictures,154
rubjo-victor-mono,text,109
rubrikinc-wachy,pictures,8
rubrikinc-wachy,text,127
ruby-abbrev,text,66
ruby-amqp-bunny,text,9
ruby-base64,text,42
ruby-benchmark,text,61
ruby-bigdecimal,text,21
ruby-cgi,text,14
ruby-concurrency-concurrent-ruby,text,55
ruby-concurrency-ref,archives,6
ruby-concurrency-ref,text,174
ruby-csv,text,71
ruby-date,text,32
ruby-debug,text,53
ruby-digest,text,21
ruby-drb,text,113
ruby-erb,text,1
ruby-fileutils,text,49
ruby-forwardable,text,53
ruby-getoptlong,text,88
ruby-gettext-locale,text,52
ruby-git-ruby-git,text,23
ruby-i18n-i18n,text,94
ruby-io-console,text,11
ruby-io-wait,text,37
ruby-ipaddr,text,68
ruby-irb,text,15
ruby-json,text,17
ruby-ldap-ruby-net-ldap,text,88
ruby-logger,text,50
ruby-matrix,text,41
ruby-mutex_m,text,49
ruby-net-ftp,text,33
ruby-net-http,text,29
ruby-net-imap,text,21
ruby-net-pop,text,87
ruby-net-protocol,text,31
ruby-net-smtp,text,71
ruby-net-telnet,text,64
ruby-nkf,text,54
ruby-oauth-version_gem,text,211
ruby-observer,text,72
ruby-oembed-ruby-oembed,text,102
ruby-ostruct,text,29
ruby-power_assert,text,68
ruby-pp,text,38
ruby-prettyprint,text,69
ruby-prime,text,34
ruby-prism,text,27
ruby-prof-ruby-prof,text,14
ruby-psych,text,14
ruby-racc,text,71
ruby-rake,text,18
ruby-rbot-rbot,archives,1
ruby-rbot-rbot,text,182
ruby-rbs,text,126
ruby-rdoc,text,29
ruby-reline,text,28
ruby-repl_type_completor,text,75
ruby-resolv,text,13
ruby-resolv-replace,text,39
ruby-rexml,text,4
ruby-rinda,text,77
ruby-rss,text,70
ruby-securerandom,text,33
ruby-set,text,45
ruby-singleton,text,36
ruby-stringio,text,7
ruby-strscan,text,17
ruby-sync,missing,1
ruby-sync,text,78
ruby-syslog,text,13
ruby-time,text,14
ruby-timeout,text,3
ruby-tsort,text,39
ruby-typeprof,text,16
ruby-uri,text,60
ruby-webrick,text,105
ruby-xmlrpc,text,80
ruby-zlib,text,43
rubychan-coderay,text,76
rubygems-rubygems,text,25
rubyzip-rubyzip,text,2
ruffle-rs-ruffle,binary,1
ruffle-rs-ruffle,pictures,8
ruffle-rs-ruffle,text,19
rui314-mold,text,12
rundeck-rundeck-cli,missing,1
rundeck-rundeck-cli,text,77
russelltg-wl-screenrec,text,59
russinnes-fsync-mdc1200-decode,binary,3
russinnes-fsync-mdc1200-decode,text,36
rust-lang-mdBook,text,88
rust-lang-measureme,archives,1
rust-lang-measureme,text,175
rust-lang-rust-bindgen,text,22
rust-lang-rust-mode,text,77
rust-lang-rust.vim,text,56
rust-lang-rustup,text,16
rustls-rustls-ffi,text,24
rustsec-rustsec,text,14
rvaiya-keyd,archives,11
rvaiya-keyd,text,93
rvirding-lfe,text,161
rvirding-luerl,documents,12
rvirding-luerl,pictures,2
rvirding-luerl,text,190
rwestlund-freesweep,text,146
rwpenney-cryptmount,binary,10
rwpenney-cryptmount,text,295
rwv-exifr,failed:pictures,2
rwv-exifr,pictures,2
rwv-exifr,text,113
rxi-microtar,text,12
ryan-roemer-sphinx-bootstrap-theme,failed:fonts,4
ryan-roemer-sphinx-bootstrap-theme,fonts,12
ryan-roemer-sphinx-bootstrap-theme,text,218
ryanb-letter_opener,text,70
ryanmcgrath-twython,text,97
ryanoasis-nerd-fonts,archives,2
ryanoasis-nerd-fonts,text,13
ryochan7-sdl2-gamepad-mapper,text,127
rzvncj-xCHM,binary,20
rzvncj-xCHM,text,118
s-yata-darts-clone,binary,5
s-yata-darts-clone,text,96
s-yata-marisa-trie,text,288
s3fs-fuse-s3fs-fuse,text,61
sabnzbd-sabctools,text,12
sabnzbd-sabnzbd,text,28
sabotage-linux-gettext-tiny,text,45
sabre-io-Baikal,text,72
sadko4u-lsp-plugins,text,75
sagemath-lcalc,text,112
sagiegurari-cargo-make,fonts,9
sagiegurari-cargo-make,pictures,1
sagiegurari-cargo-make,text,288
sahib-glyr,pictures,1
sahib-glyr,text,574
sahlberg-libiscsi,text,144
sahlberg-libnfs,text,20
sailfishos-libglibutil,text,123
sainsaar-gkrellm2-cpupower,text,55
saknopper-libnss-mysql,text,11
saltstack-pytest-helpers-namespace,pictures,2
saltstack-pytest-helpers-namespace,text,147
saltstack-pytest-salt-factories,text,153
saltstack-pytest-shell-utilities,text,247
saltstack-pytest-skip-markers,text,251
saltstack-pytest-system-statistics,pictures,2
saltstack-pytest-system-statistics,text,93
samhocevar-rinetd,text,141
samhocevar-zzuf,binary,2
samhocevar-zzuf,text,133
sammycage-plutosvg,missing,3
sammycage-plutosvg,text,45
sammycage-plutovg,text,56
sampsyo-bluelet,text,80
samrushing-metamath-mode,text,9
samschott-desktop-notifier,text,94
samschott-maestral,text,100
samschott-maestral-qt,text,117
samtools-bcftools,text,132
samtools-htslib,text,36
samtools-samtools,text,218
samuelcolvin-dirty-equals,text,211
samuelcolvin-watchfiles,text,108
sandstorm-io-capnproto,text,34
sane-project-backends,text,104
sarah-walker-pcem-pcem,text,133
sardemff7-purple-events,text,135
sardemff7-purple-libnotify-plus,text,83
sargon-trayer-srg,text,69
sarnold-cccc,text,119
sarnold-gitchangelog,text,87
sarnold-pdfrw,missing,1
sarnold-pdfrw,text,220
sarnold-repolite,text,152
sarnold-svg2rlg,binary,1
sarnold-svg2rlg,pictures,4
sarnold-svg2rlg,text,58
sarnold-urt,binary,8
sarnold-urt,pictures,1
sarnold-urt,text,121
sarugaku-plette,text,126
sarugaku-resolvelib,text,184
sarugaku-shellingham,text,88
sasagawa888-nprolog,text,24
sashs-Ropper,text,68
sashs-filebytes,binary,2
sashs-filebytes,text,65
sass-libsass,text,154
sass-libsass-python,missing,1
sass-libsass-python,text,62
sass-ruby-sass,text,162
sass-sassc,text,70
savonet-camomile,binary,117
savonet-camomile,text,1463
savonet-ocaml-ssl,text,123
sawyerjgardner-demap.el,text,115
sayanarijit-jf,text,148
sayanarijit-xplr,text,84
sbosio-rla-es,binary,3
sbosio-rla-es,missing,2
sbosio-rla-es,text,367
sbrunner-sphinx-prompt,text,13
sbt-sbt,text,44
scandum-tintin,text,210
scanmem-scanmem,text,86
schachmat-wego,text,44
sched-ext-scx,text,19
sched-ext-scx-loader,text,36
schettino72-configclass,text,29
schik-cdplayer,binary,16
schik-cdplayer,failed:pictures,13
schik-cdplayer,pictures,66
schik-cdplayer,text,79
schismtracker-schismtracker,text,21
schmiddi-on-mobile-flare,text,66
schmiddi-on-mobile-railway,text,40
schollii-pypubsub,text,156
schollz-croc,text,18
schrodinger-pymol-open-source,text,68
schweikert-postgrey,pictures,1
schweikert-postgrey,text,62
sciapp-gr,pictures,71
sciapp-gr,text,255
scikit-learn-scikit-learn,text,63
scim-im-scim,binary,1
scim-im-scim,pictures,19
scim-im-scim,text,172
scitokens-scitokens-cpp,binary,1
scitokens-scitokens-cpp,text,173
sciunto-org-python-bibtexparser,text,83
scop-bash-completion,text,19
scottchiefbaker-dool,binary,1
scottchiefbaker-dool,text,31
scottdraves-electricsheep,binary,209
scottdraves-electricsheep,pictures,3
scottdraves-electricsheep,text,1279
scottdraves-flam3,text,213
scotte-nicstat,text,29
scour-project-scour,binary,2
scour-project-scour,text,76
scp-fs2open-fs2open.github.com,text,16
scrapy-cssselect,text,153
scrapy-scrapy.git,text,27
screenkey-screenkey,text,76
scsitape-stenc,text,154
sctp-lksctp-tools,binary,9
sctp-lksctp-tools,text,152
sctplab-usrsctp,text,133
sddm-sddm,text,69
sdispater-clikit,text,186
sdispater-pastel,pictures,1
sdispater-pastel,text,53
sdushantha-fontpreview,pictures,2
sdushantha-fontpreview,text,50
seagle0128-all-the-icons-ibuffer,text,52
seagle0128-all-the-icons-ivy-rich,text,49
seagle0128-doom-modeline,text,11
seanbrant-requests-wsgi-adapter,text,69
seanmiddleditch-libtelnet,text,59
seanpringle-goomwwm,text,109
seanpringle-simpleswitcher,text,57
sebageek-servefile,text,104
sebaro-Yarock,binary,10
sebaro-Yarock,fonts,1
sebaro-Yarock,pictures,19
sebaro-Yarock,text,902
sebasmonia-sharper,pictures,6
sebasmonia-sharper,text,53
sebastianbergmann-code-unit-reverse-lookup,binary,19
sebastianbergmann-code-unit-reverse-lookup,text,62
sebastianbergmann-diff,text,2
sebastianbergmann-php-text-template,binary,3
sebastianbergmann-php-text-template,text,9
sebastianbergmann-php-timer,binary,6
sebastianbergmann-php-timer,text,5
sebastianbergmann-type,text,1
sebastianbergmann-version,binary,15
sebastianbergmann-version,pictures,2
sebastianbergmann-version,text,253
sebastienros-jint,text,28
sebastinas-cwcwidth,text,81
sebastinas-yafc,text,83
sebholt-qastools,text,449
seccomp-libseccomp,text,37
secdev-scapy,text,26
segin-matwm2,binary,28
segin-matwm2,documents,4
segin-matwm2,pictures,5
segin-matwm2,text,899
segmentio-chamber,text,142
sekrit-twc-zimg,text,12
selectel-pyte,text,121
semigroups-Semigroups,text,9
sendgrid-sendgrid-python,text,75
seqan-seqan3,text,33
sequoia-pgp-sequoia-chameleon-gnupg,text,108
sequoia-pgp-sequoia-sop,text,67
sequoia-pgp-sequoia-sq,text,27
sequoia-pgp-sequoia-sqv,text,39
serge-sans-paille-frozen,text,93
serge-sans-paille-pythran,text,623
serge1-elfio,binary,1
serge1-elfio,text,131
sergeyklay-bnf-mode,text,121
sergiou87-open-supaplex,text,38
session-foundation-session-desktop,pictures,1
session-foundation-session-desktop,text,187
set-soft-tvision,binary,90
set-soft-tvision,text,81
sethmlarson-truststore,text,98
sezanzeb-input-remapper,text,289
sfarajli-vimouse,text,16
sferik-buftok,text,42
sferik-multi_json,text,42
sferik-multi_xml,text,14
sferik-twitter-ruby,text,13
sflow-sflowtool,text,97
shadow-maint-shadow,text,63
shadowsocks-shadowsocks-libev,text,72
shadowsocks-shadowsocks-rust,text,19
shapely-shapely,text,43
sharebrained-portapack-hackrf,missing,4
sharebrained-portapack-hackrf,text,93
sharkdp-fd,pictures,1
sharkdp-fd,text,66
sharkdp-hyperfine,pictures,3
sharkdp-hyperfine,text,100
sharkdp-pastel,text,91
sharkdp-vivid,text,52
sharkwouter-minigalaxy,text,6
sharplispers-clx,text,63
shellspec-shellspec,text,159
shelter-reschroot,text,462
shemminga-rotix,text,14
sherlock-project-sherlock,text,50
sherlock-project-sherlock.git,text,50
shevek-libspf2,text,131
shibatch-sleef,archives,1
shibatch-sleef,missing,2
shibatch-sleef,pictures,4
shibatch-sleef,text,377
shiftkey-desktop,pictures,10
shiftkey-desktop,text,124
shimmerproject-Greybird,archives,2
shimmerproject-Greybird,pictures,693
shimmerproject-Greybird,text,1260
shimmerproject-elementary-xfce,text,1818
shirok-Gauche,text,27
shirok-Gauche-gtk2,binary,1
shirok-Gauche-gtk2,text,202
shirok-Gauche-mecab,binary,7
shirok-Gauche-mecab,text,43
shiromino-shiromino,binary,2
shiromino-shiromino,pictures,13
shiromino-shiromino,text,255
shlomif-rinutils,text,98
shrinkwrap-shrinkwrap,text,754
shssoichiro-oxipng,pictures,24
shssoichiro-oxipng,text,22
shundhammer-qdirstat,text,11
shutter-project-shutter,text,73
sickill-rainbow,text,58
siemens-kas,text,11
sigma-mocker.el,text,71
sigmavirus24-x11-ssh-askpass,binary,1
sigmavirus24-x11-ssh-askpass,text,19
sigmike-autocutsel,text,109
signalapp-libsignal,binary,3
signalapp-libsignal,text,78
signalapp-libsignal-protocol-c,binary,1
signalapp-libsignal-protocol-c,text,141
sigoden-aichat,text,93
sigrokproject-pulseview,text,94
sigstore-cosign,text,24
sigstore-sigstore-python,text,42
silnrsi-graphite,fonts,1
silnrsi-graphite,pictures,1
silnrsi-graphite,text,125
silnrsi-teckit,archives,3
silnrsi-teckit,binary,29
silnrsi-teckit,documents,6
silnrsi-teckit,text,576
simd-everywhere-simde,text,16
simdjson-simdjson,archives,4
simdjson-simdjson,text,48
simdutf-simdutf,text,85
simh-simh,archives,1
simh-simh,text,161
simple-evcorr-sec,text,133
simplecov-ruby-simplecov,text,13
simplistix-sybil,text,22
simulton-QSchematic,text,73
simulton-gpds,binary,3
simulton-gpds,pictures,58
simulton-gpds,text,564
sinatra-sinatra,text,65
singularity-singularity,text,169
sionescu-libfixposix,text,114
sirjaren-redoflacs,text,56
sirjuddington-SLADE,text,32
sirthias-parboiled,text,16
sitaramc-gitolite,text,74
sitkevij-hex,text,152
sivantoledo-taucs,binary,5
sivantoledo-taucs,documents,2
sivantoledo-taucs,text,120
sivel-speedtest-cli,text,57
sjl-gundo.vim,text,70
sjl-splice.vim,text,106
skeeto-elfeed,text,18
skeeto-emacs-aio,text,60
skeeto-endlessh,text,61
skeeto-hastyhex,text,23
skeeto-race64,text,16
skeeto-u-config,text,124
skeeto-w64devkit,text,9
skim-rs-skim,text,54
skk-dev-ddskk,binary,3
skk-dev-ddskk,text,120
skk-dev-skktools,binary,34
skk-dev-skktools,text,156
skogler-mapbox_earcut_python,text,69
skorokithakis-catt,text,60
skvadrik-re2c,text,200
skystrife-cpptoml,missing,2
skystrife-cpptoml,text,50
sleepyfran-itunespy,text,90
sleinen-samplicator,text,86
sleuthkit-scalpel,binary,33
sleuthkit-scalpel,catalogs,2
sleuthkit-scalpel,text,306
sleuthkit-sleuthkit,text,62
slicer69-sysvinit,text,88
slime-slime,text,14
slimm609-checksec.sh,text,67
slimtoolkit-slim,missing,14
slimtoolkit-slim,text,167
sloria-environs,text,1
slusarz-dovecot-fts-flatcurve,binary,3
slusarz-dovecot-fts-flatcurve,text,74
smaniottonicola-kde-do-not-disturb,text,8
smaniottonicola-kde-night-color,text,9
smaniottonicola-mpv-kscreen-doctor,text,37
smart-pattern-valentina,pictures,8
smart-pattern-valentina,text,59
smarty-php-smarty,text,44
smbolton-hexter,binary,2
smbolton-hexter,pictures,3
smbolton-hexter,text,261
smplayer-dev-smplayer,text,530
smtpd-qpsmtpd,text,55
smuellerDD-jitterentropy-library,text,19
smuellerDD-jitterentropy-rngd,text,2
smxi-inxi,text,90
snapcore-snapd,text,33
snapcore-snapd-glib,text,397
snes9xgit-snes9x,text,40
snowballstem-snowball,text,19
so-fancy-diff-so-fancy,text,11
socketry-async,text,15
socketry-async-container,text,29
socketry-async-io,text,180
socketry-async-pool,text,99
socketry-async-process,text,88
socketry-async-rspec,text,126
socketry-console,text,160
socketry-fiber-local,text,45
socketry-http-accept,text,161
socketry-io-endpoint,text,142
socketry-io-event,text,2
socketry-localhost,pictures,2
socketry-localhost,text,143
socketry-metrics,text,179
socketry-multipart-post,text,164
socketry-nio4r,text,100
socketry-rspec-files,text,63
socketry-rspec-memory,text,56
socketry-sus,binary,1
socketry-sus,pictures,1
socketry-sus,text,131
socketry-sus-fixtures-async,text,77
socketry-sus-fixtures-console,text,105
socketry-sus-fixtures-time,binary,2
socketry-sus-fixtures-time,text,58
socketry-timers,text,197
socketry-traces,text,159
socnetv-app,archives,2
socnetv-app,text,15
sogou-workflow,text,64
soimort-translate-shell,missing,1
soimort-translate-shell,text,71
soimort-you-get,text,97
solarus-games-solarus,binary,1
solarus-games-solarus,pictures,14
solarus-games-solarus,text,124
solarus-games-solarus-quest-editor,binary,1
solarus-games-solarus-quest-editor,pictures,206
solarus-games-solarus-quest-editor,text,384
solarus-games-zsdx,pictures,1167
solarus-games-zsdx,text,92
solarus-games-zsxd,binary,4
solarus-games-zsxd,pictures,110
solarus-games-zsxd,text,104
solbu-igal2,pictures,1
solbu-igal2,text,84
solnic-coercible,text,174
solokeys-solo1,missing,22
solokeys-solo1,pictures,1
solokeys-solo1,text,86
solsticegamestudios-steam,text,428
solsticegamestudios-vdf,text,71
solvespace-solvespace,missing,2
solvespace-solvespace,text,10
sonic2kk-steamtinkerlaunch,text,123
sonnyp-Commit,missing,7
sonnyp-Commit,pictures,10
sonnyp-Commit,text,178
sonnyp-Tangram,missing,3
sonnyp-Tangram,pictures,5
sonnyp-Tangram,text,180
sonnyp-junction,binary,2
sonnyp-junction,missing,2
sonnyp-junction,pictures,6
sonnyp-junction,text,92
sorah-envchain,text,60
sorayuki-obs-multi-rtmp,text,282
soreau-wayland-logout,pictures,1
soreau-wayland-logout,text,57
sot-tech-lottieconverter,archives,4
sot-tech-lottieconverter,missing,6
sot-tech-lottieconverter,text,96
souffle-lang-souffle,text,186
source-foundry-Hack,binary,5
source-foundry-Hack,fonts,48
source-foundry-Hack,pictures,8
source-foundry-Hack,text,62
sourcegit-scm-sourcegit,text,112
sourcegraph-src-cli,text,29
sourceryinstitute-OpenCoarrays,text,121
sox_ng-sox_ng,text,15
soywod-iris.vim,missing,2
soywod-iris.vim,text,143
spamhaus-rbldnsd,text,99
sparklemotion-http-cookie,text,19
sparklemotion-nokogiri,text,59
sparklemotion-sqlite3-ruby,text,27
sparsehash-sparsehash,text,178
speed47-spectre-meltdown-checker,text,17
spencerwi-cliflux,pictures,1
spencerwi-cliflux,text,120
spesmilo-electrum,text,18
spglib-spglib,text,168
sphair-ClanLib,binary,1
sphair-ClanLib,text,217
sphinx-contrib-doxylink,text,90
sphinx-contrib-emojicodes,text,76
sphinx-contrib-httpdomain,catalogs,2
sphinx-contrib-httpdomain,text,25
sphinx-contrib-plantuml,text,63
sphinx-doc-sphinx,text,18
sphinx-extensions2-sphinx-pytest,missing,1
sphinx-extensions2-sphinx-pytest,text,47
spiculator-jail,text,44
spiffe-spire,text,23
spirali-rmahjong,catalogs,2
spirali-rmahjong,fonts,1
spirali-rmahjong,pictures,1
spirali-rmahjong,text,117
spk121-guile-gi,text,402
spkr-beep-beep,text,61
spook-sshping,binary,6
spook-sshping,text,68
spotify-dockerfile-mode,text,47
spotipy-dev-spotipy,missing,3
spotipy-dev-spotipy,text,254
spyder-ide-pyls-spyder,text,64
spyder-ide-qtsass,text,110
spyder-ide-spyder,text,26
spyder-ide-spyder-kernels,text,66
spyder-ide-spyder-line-profiler,pictures,1
spyder-ide-spyder-line-profiler,text,74
spyder-ide-spyder-unittest,catalogs,10
spyder-ide-spyder-unittest,text,108
spyder-ide-three-merge,text,34
spyoungtech-pyclip,text,94
sqlcipher-sqlcipher,text,14
sqlite-sqlite.git,text,7
sqlitebrowser-sqlitebrowser,binary,2
sqlitebrowser-sqlitebrowser,text,53
sqlmapproject-sqlmap,text,28
square-javapoet,text,53
squid-cache-squid,text,16
squidfunk-mkdocs-material,text,30
squidowl-halloy,text,23
ssdeep-project-ssdeep,text,28
sshock-AFFLIBv3,binary,1
sshock-AFFLIBv3,text,77
sshuttle-sshuttle,text,12
sstallion-vimwiki-cli,text,96
st3w-neo,pictures,6
st3w-neo,text,91
stachenov-quazip,text,133
stackrox-kube-linter,text,15
stakira-OpenUtau,text,51
staltz-manyverse,pictures,1
staltz-manyverse,text,203
stalwartlabs-mail-server,text,41
stalwartlabs-stalwart,text,41
stamatak-standard-RAxML,archives,3
stamatak-standard-RAxML,binary,39
stamatak-standard-RAxML,documents,2
stamatak-standard-RAxML,text,89
standardml-twelf,pictures,4
standardml-twelf,text,291
standardnotes-app,archives,317
standardnotes-app,text,47
starfish-app-starfish,pictures,52
starfish-app-starfish,text,332
stargo-micropolis,fonts,21
stargo-micropolis,text,274
starship-starship,text,18
starwing-luautf8,text,45
stateful-runme,text,12
stathissideris-ditaa,archives,93
stathissideris-ditaa,pictures,18
stathissideris-ditaa,text,532
statico-cadubi,binary,1
statico-cadubi,pictures,3
statico-cadubi,text,26
stchris-untangle,text,105
stedolan-crowbar,text,100
stedolan-ocaml-afl-persistent,text,45
steelman-xystray,binary,6
steelman-xystray,text,7
stefanberger-libtpms,text,17
stefanberger-swtpm,text,21
stefanbirkner-fishbowl,archives,1
stefanbirkner-fishbowl,text,75
stefanbirkner-system-rules,archives,1
stefanbirkner-system-rules,text,166
stefanha-git-publish,text,56
stefankoegl-python-json-patch,text,66
stella-emu-stella,text,78
stephane-libmodbus,text,10
stephenberry-glaze,text,34
stephenmontgomerysmith-xkbset,text,58
stepnem-stripes-el,text,29
steveicarus-iverilog,text,109
stevengj-nlopt,text,111
stevenhoneyman-l3afpad,text,315
stevenshiau-clonezilla,text,16
stevenshiau-drbl,text,61
stewartsmith-libeatmydata,text,138
stgpetrovic-stacuist.com.git,binary,2
stgpetrovic-stacuist.com.git,failed:fonts,2
stgpetrovic-stacuist.com.git,failed:pictures,6
stgpetrovic-stacuist.com.git,fonts,8
stgpetrovic-stacuist.com.git,pictures,520
stgpetrovic-stacuist.com.git,text,247
stigbjorlykke-rpm-spec-mode,binary,19
stigbjorlykke-rpm-spec-mode,text,2
stkw0-zcock,binary,2
stkw0-zcock,text,28
stleary-JSON-java,text,93
sto-ngx_http_auth_pam_module,text,39
stoeckmann-xwallpaper,text,122
storaged-project-libblockdev,text,16
storaged-project-libbytesize,text,132
storaged-project-udisks,text,36
storj-uplink-c,text,74
stp-OutputCheck,text,103
stp-minisat,text,85
stp-stp,missing,1
stp-stp,text,113
strace-strace,text,22
strawberrymusicplayer-strawberry,text,11
streamlink-streamlink,text,25
streetpea-chiaki-ng,text,3
streetwriters-notesnook,pictures,1
streetwriters-notesnook,text,29
stressapptest-stressapptest,text,93
stringstuwien-PALP,text,74
stripe-stripe-cli,text,38
stripe-stripe-mock,text,50
strophe-libstrophe,text,125
structureio-OpenNI2,binary,7
structureio-OpenNI2,pictures,1
structureio-OpenNI2,text,105
strukturag-libde265,text,18
strukturag-libheif,text,29
stsquad-emacs_chrome,pictures,1
stsquad-emacs_chrome,text,62
stuarthayhurst-alphabetical-grid-extension,text,50
stuko-ovito,text,17
stumpwm-stumpwm,text,81
sukria-Backup-Manager,binary,35
sukria-Backup-Manager,text,140
sullo-nikto,text,11
sunrise-commander-sunrise-commander,text,73
supercollider-supercollider,missing,1
supercollider-supercollider,text,40
supermerill-SuperSlicer,text,163
supertuxkart-stk-code,text,31
surfraw-Surfraw,text,148
sus-rb-sus-fixtures-openssl,binary,3
sus-rb-sus-fixtures-openssl,text,39
susam-devil,text,95
svaante-dape,text,9
svartalf-unbound-telemetry,pictures,1
svartalf-unbound-telemetry,text,127
svend-cuetools,text,130
svenfuchs-test_declarative,text,51
svenstaro-rofi-calc,text,61
svn-all-fast-export-svn2git,archives,1
svn-all-fast-export-svn2git,binary,2
svn-all-fast-export-svn2git,missing,4
svn-all-fast-export-svn2git,text,111
svofski-glasstty,fonts,1
svofski-glasstty,pictures,96
svofski-glasstty,text,4
swaldman-mchange-commons-java,text,10
swaywm-sway,text,11
swaywm-swaybg,text,59
swaywm-swayidle,text,57
swaywm-swaylock,text,54
swesterfeld-gst123,text,59
swh-LRDF,text,142
swh-ladspa,text,93
swh-lv2,text,238
swh-timemachine,pictures,6
swh-timemachine,text,67
swift-emacs-swift-mode,text,4
swiftlang-swift.git,text,118
sxyazi-yazi,text,99
sybrenstuvel-python-rsa,text,97
symengine-symengine,text,112
symengine-symengine.py,text,100
symfony-filesystem,pictures,1
symfony-filesystem,text,85
symfony-finder,text,108
symfony-process,text,112
sympy-sympy,text,66
syncthing-syncthing,text,114
synfig-synfig,text,23
syoyo-tinygltf,text,5
syrupy-project-syrupy,text,10
syrusakbary-snapshottest,text,134
sys4-libtlsrpt,text,141
sys4-tlsrpt-reporter,missing,9
sys4-tlsrpt-reporter,text,64
syscomet-sieve-connect,text,62
syslog-ng-syslog-ng,missing,1
syslog-ng-syslog-ng,text,113
sysrepo-sysrepo,text,28
sysstat-sysstat,text,11
systemd-casync,text,67
systemd-systemd,text,10
systemd-systemd-bootchart,text,168
systemd-systemd-stable,binary,1
systemd-systemd-stable,text,91
systemd-zram-generator,text,89
szaghi-StringiFor,missing,3
szaghi-StringiFor,text,22
t-8ch-pinentry-bemenu,pictures,1
t-8ch-pinentry-bemenu,text,69
t-wissmann-rezlooks-gtk-engine,archives,2
t-wissmann-rezlooks-gtk-engine,binary,2
t-wissmann-rezlooks-gtk-engine,text,83
t6x-reaver-wps-fork-t6x,text,95
tabos-libcapi,text,100
tadfisher-pass-otp,text,74
taem-cd-discid,text,55
taganaka-SpeedTest,text,122
taglib-taglib,text,12
tagoh-liblangtag,text,122
tailscale-tailscale,text,15
taisei-project-taisei,text,17
takluyver-pyxdg,binary,1
takluyver-pyxdg,pictures,1
takluyver-pyxdg,text,102
takluyver-requests_download,text,14
talamus-solarize-12x29-psf,archives,2
talamus-solarize-12x29-psf,binary,3
talamus-solarize-12x29-psf,pictures,2
talamus-solarize-12x29-psf,text,10
talend-vault_exporter,pictures,1
talend-vault_exporter,text,17
tanelpoder-0xtools,binary,14
tanelpoder-0xtools,missing,1
tanelpoder-0xtools,pictures,1
tanelpoder-0xtools,text,403
taocpp-PEGTL,text,37
tarsius-cond-let,text,19
tarsius-hl-todo,text,39
tarsius-llama,text,46
tartley-colorama,text,115
taskflow-taskflow,text,50
tastytea-gitea2rss,text,96
tategakibunko-jingoo,text,67
tats-w3m,text,84
tatsuhiro-t-wslay,text,126
tauri-apps-tauri.git,text,19
taverntesting-tavern,text,93
taviso-ctypes.sh,text,97
tbroyer-gradle-incap-helper,text,2
tbursztyka-connman-ui,pictures,20
tbursztyka-connman-ui,text,136
tcalmant-jsonrpclib,text,42
tchx84-Portfolio,pictures,12
tchx84-Portfolio,text,63
tcltk-itcl,text,156
tcltk-itk,text,152
tcltk-thread,text,169
tdf-libcmis,text,81
tdlib-td,text,19
technion-libscrypt,text,69
technomancy-leiningen,text,129
tecnickcom-TCPDF,text,125
tecosaur-engrave-faces,text,64
tectonic-typesetting-tectonic,text,133
tedigh-ufiformat,archives,19
tedigh-ufiformat,binary,1
tedigh-ufiformat,text,31
teeworlds-teeworlds,text,100
tegaki-tegaki,archives,3
tegaki-tegaki,pictures,1
tegaki-tegaki,text,146
tehmaze-ansi,text,95
telegramdesktop-libtgvoip,missing,1
telegramdesktop-libtgvoip,text,90
telegramdesktop-tdesktop,missing,1
telegramdesktop-tdesktop,text,13
teleshoes-tpacpi-bat,text,55
tenacityteam-libid3tag,text,61
tenacityteam-portsmf,text,160
tenacityteam-tenacity,text,10
tenox7-ttyplot,text,67
termynal-termynal.py,pictures,1
termynal-termynal.py,text,124
terraform-linters-tflint,text,33
terryma-vim-multiple-cursors,pictures,1
terryma-vim-multiple-cursors,text,78
terryyin-lizard,text,55
tesseract-ocr-tessdata,binary,815
tesseract-ocr-tessdata,missing,2
tesseract-ocr-tessdata,text,95
tesseract-ocr-tessdata_best,binary,217
tesseract-ocr-tessdata_best,missing,2
tesseract-ocr-tessdata_best,text,13
tesseract-ocr-tessdata_fast,binary,212
tesseract-ocr-tessdata_fast,missing,2
tesseract-ocr-tessdata_fast,text,23
tesseract-ocr-tesseract,text,22
tessus-apachetop,text,108
test-unit-test-unit,text,13
testing-cabal-subunit,text,231
testng-team-testng,text,6
testssl-testssl.sh,text,42
tevador-RandomX,text,121
tevador-polyseed,binary,3
tevador-polyseed,text,141
texane-stlink,binary,4
texane-stlink,text,242
texstudio-org-texstudio,text,34
textX-textX,text,62
textile-python-textile,text,81
teyjus-teyjus,text,848
tgalal-consonance,text,153
tgalal-dissononce,missing,14
tgalal-dissononce,text,140
tgalal-python-axolotl,text,169
tgalal-python-axolotl-curve25519,text,140
th-ch-youtube-music,text,14
the-cavalry-light-locker,text,487
theZiz-aha,text,59
theabolton-whysynth,binary,14
theabolton-whysynth,pictures,1
theabolton-whysynth,text,124
thejessesmith-sysvinit,text,48
thekompanee-fuubar,text,140
thelounge-thelounge,text,17
themoken-canto-curses,text,80
themoken-canto-next,text,74
thepowersgang-mrustc,text,142
thesamesam-recover-broken-vdb,text,50
theseer-Autoload,text,86
theseer-DirectoryScanner,text,116
theseer-tokenizer,binary,1
theseer-tokenizer,text,76
thesharp-daemonize,text,55
thesofproject-sof-bin,binary,530
thesofproject-sof-bin,text,98
thestk-rtaudio,text,98
thewtex-tmux-mem-cpu-load,pictures,2
thewtex-tmux-mem-cpu-load,text,66
thierry-martinez-stdcompat,text,172
thierryvolpiatto-wfnames,text,47
thinca-vim-themis,text,143
thkukuk-libnsl,text,193
thkukuk-libnss_nis,text,143
thkukuk-lsb-release_os-release,binary,2
thkukuk-lsb-release_os-release,text,26
thkukuk-rpcsvc-proto,text,116
thkukuk-yp-tools,binary,16
thkukuk-yp-tools,text,320
thom311-libnl,text,164
thomas-krenn-check_ipmi_sensor_v3,pictures,4
thomas-krenn-check_ipmi_sensor_v3,text,55
thomasross-mirage,text,85
thomasrussellmurphy-istyle-verilog-formatter,binary,2
thomasrussellmurphy-istyle-verilog-formatter,text,82
thomasschafer-scooter,text,21
thoughtbot-shoulda,missing,1
thoughtbot-shoulda,text,310
thoughtbot-shoulda-matchers,text,167
thp-pyotherside,text,240
thp-wavbreaker,text,161
threedaymonk-htmlentities,text,124
throneproj-Throne,text,21
thuehlinger-daemons,text,83
thxomas-bdaddr,text,12
tianocore-edk2,text,9
tibirna-qgit,pictures,3
tibirna-qgit,text,91
tiffany352-rink-rs,text,237
tildearrow-furnace,binary,3
tildearrow-furnace,text,9
tilezen-mapbox-vector-tile,text,168
timescale-timescaledb,text,54
timeyyy-system_hotkey,text,73
timofurrer-colorful,text,124
timonwong-uwsgi_exporter,archives,3
timonwong-uwsgi_exporter,binary,2
timonwong-uwsgi_exporter,text,1826
timvink-mkdocs-git-authors-plugin,text,121
timvink-mkdocs-git-revision-date-localized-plugin,text,41
timvisee-ffsend,text,94
tinyproxy-tinyproxy,text,60
tio-tio,text,101
tiotags-hin9,missing,1
tiotags-hin9,text,763
tiran-defusedxml,text,176
tisba-faraday-follow-redirects,text,16
tiwai-awesfx,text,237
tiwai-vkeybd,pictures,3
tiwai-vkeybd,text,97
tj-git-extras,missing,1
tj-git-extras,text,100
tj-terminal-table,text,120
tjko-jpegoptim,pictures,3
tjko-jpegoptim,text,111
tkashkin-GameHub,archives,1
tkashkin-GameHub,binary,1
tkashkin-GameHub,pictures,14
tkashkin-GameHub,text,106
tkengo-highway,text,110
tkf-emacs-request,text,80
tlby-netmask,text,199
tldr-pages-tldr-python-client,text,30
tlwg-fonts-tlwg,text,116
tlwg-libdatrie,text,142
tlwg-libthai,text,131
tmate-io-tmate,text,78
tmatilai-gitolite.vim,text,36
tmbinc-bgrep,text,24
tmbo-questionary,text,41
tmux-plugins-vim-tmux,text,69
tmux-python-libtmux,text,17
tmux-python-tmuxp,text,32
tmux-tmux,text,29
tmux-tmux.git,text,16
toastdriven-pylev,text,81
tobiasrautenkranz-geminipart,text,143
tobiasrautenkranz-kio-gemini,text,98
todbot-blink1,archives,9
todbot-blink1,binary,14
todbot-blink1,missing,1
todbot-blink1,pictures,71
todbot-blink1,text,295
todofixthis-class-registry,text,8
todotxt-todo.txt-cli,text,139
tokiclover-e-gtk-theme,pictures,10
tokiclover-e-gtk-theme,text,63
tokiclover-hprofile,text,61
tokiwa-software-fuzion,text,26
tomac-yersinia,binary,8
tomac-yersinia,text,148
tomasbasham-ratelimit,text,90
tomaspinho-rtl8821ce,text,83
tomasr-molokai,text,30
tomchavakis-nuget-license,text,122
tomchristie-mkautodoc,text,48
tomclegg-mp3cat,binary,2
tomclegg-mp3cat,text,53
tome2-tome2,text,124
tomerfiliba-org-rpyc,text,97
toml-f-jonquil,text,70
toml-f-toml-f,text,53
tomscii-tap-plugins,text,1
tomszilagyi-ir.lv2,text,1
tomtom-tcomment_vim,text,60
tomtom-tlib_vim,text,109
tonsky-FiraCode,pictures,15
tonsky-FiraCode,text,61
tonyrog-cl,missing,2
tonyrog-cl,text,126
topfunky-gruff,pictures,112
topfunky-gruff,text,129
toreanderson-clatd,text,82
toretore-barby,text,97
torkel104-libstrangle,pictures,1
torkel104-libstrangle,text,179
toshia-diva,text,97
toumorokoshi-deepmerge,text,145
tpapp-julia-repl,text,69
tpm2-software-tpm2-abrmd,text,41
tpm2-software-tpm2-openssl,text,76
tpm2-software-tpm2-pkcs11,text,8
tpm2-software-tpm2-tools,text,24
tpm2-software-tpm2-totp,text,106
tpm2-software-tpm2-tss,text,731
tpope-vim-commentary,text,63
tpope-vim-fugitive,text,50
tpope-vim-pathogen,text,49
tpope-vim-rails,text,52
tpope-vim-repeat,text,47
tpope-vim-sensible,text,49
tracebox-tracebox,missing,11
tracebox-tracebox,text,146
trailofbits-rfc3161-client,text,27
transifex-cli,text,140
translate-translate,text,18
transmission-remote-gtk-transmission-remote-gtk,binary,1
transmission-remote-gtk-transmission-remote-gtk,pictures,1
transmission-remote-gtk-transmission-remote-gtk,text,107
transmission-transmission,pictures,80
transmission-transmission,text,128
trapexit-mergerfs,text,15
trapexit-mergerfs-tools,text,73
traviscross-mtr,text,87
travisjeffery-timecop,text,82
tree-sitter-grammars-tree-sitter-lua,text,189
tree-sitter-grammars-tree-sitter-markdown,pictures,1
tree-sitter-grammars-tree-sitter-markdown,text,148
tree-sitter-grammars-tree-sitter-query,text,220
tree-sitter-grammars-tree-sitter-vim,text,145
tree-sitter-py-tree-sitter,missing,3
tree-sitter-py-tree-sitter,text,21
tree-sitter-tree-sitter,text,16
tree-sitter-tree-sitter-bash,binary,4
tree-sitter-tree-sitter-bash,text,222
tree-sitter-tree-sitter-c,text,204
tree-sitter-tree-sitter-c-sharp,text,131
tree-sitter-tree-sitter-cpp,text,131
tree-sitter-tree-sitter-css,text,248
tree-sitter-tree-sitter-embedded-template,text,299
tree-sitter-tree-sitter-go,text,214
tree-sitter-tree-sitter-haskell,binary,1
tree-sitter-tree-sitter-haskell,text,517
tree-sitter-tree-sitter-html,text,212
tree-sitter-tree-sitter-java,archives,1
tree-sitter-tree-sitter-java,text,229
tree-sitter-tree-sitter-javascript,text,213
tree-sitter-tree-sitter-jsdoc,text,252
tree-sitter-tree-sitter-json,text,244
tree-sitter-tree-sitter-julia,text,183
tree-sitter-tree-sitter-ocaml,missing,17
tree-sitter-tree-sitter-ocaml,text,251
tree-sitter-tree-sitter-php,text,151
tree-sitter-tree-sitter-python,text,230
tree-sitter-tree-sitter-ql,text,242
tree-sitter-tree-sitter-regex,text,275
tree-sitter-tree-sitter-ruby,text,228
tree-sitter-tree-sitter-rust,text,212
tree-sitter-tree-sitter-scala,text,25
tree-sitter-tree-sitter-tsq,text,97
tree-sitter-tree-sitter-typescript,text,285
trehn-termdown,text,77
tremc-tremc,text,57
trendmicro-tlsh,text,495
trezor-trezord-go,binary,5
trezor-trezord-go,missing,2
trezor-trezord-go,text,196
tricksterproxy-trickster,text,93
trifectatechfoundation-sudo-rs,text,50
trigg-Discover,catalogs,12
trigg-Discover,text,141
trilinos-Trilinos,text,146
tristanpenman-valijson,missing,2
tristanpenman-valijson,text,98
trizen-obmenu-generator,text,52
trizen-youtube-viewer,pictures,2
trizen-youtube-viewer,text,81
trofi-seekwatcher,text,68
trofi-ski,text,139
troglobit-editline,text,41
troglobit-inadyn,text,77
troglobit-libite,text,84
troglobit-libuev,text,92
troglobit-mrouted,text,74
troglobit-redir,binary,8
troglobit-redir,text,56
troglobit-smcroute,text,32
troglobit-sntpd,text,59
troglobit-sysklogd,text,89
troglobit-uftpd,text,22
trojan-gfw-trojan,text,149
troydhanson-uthash,text,136
trusteddomainproject-OpenDMARC,text,150
tsl0922-ttyd,text,81
tsoding-boomer,pictures,1
tsoding-boomer,text,60
tsowell-wiremix,text,17
tstack-lnav,text,36
tsujan-FeatherNotes,text,255
tsujan-FeatherPad,binary,1
tsujan-FeatherPad,text,71
tsujan-Kvantum,documents,3
tsujan-Kvantum,text,199
tsuna-boost.m4,text,52
tsutsu3-linkify-it-py,text,66
tsyrogit-zxcvbn-c,binary,18
tsyrogit-zxcvbn-c,text,70
tukaani-project-xz,text,9
tulir-Telethon,text,73
tulir-gomuks,text,27
tumashu-posframe,text,41
tumic0-GPXSee,text,71
tumic0-QtPBFImagePlugin,pictures,16
tumic0-QtPBFImagePlugin,text,97
tuna-f1sh-cyme,text,25
tursodatabase-turso,text,26
tux4kids-t4kcommon,binary,2
tux4kids-t4kcommon,text,158
tux4kids-tuxtype,binary,14
tux4kids-tuxtype,missing,2
tux4kids-tuxtype,pictures,4
tux4kids-tuxtype,text,146
tvheadend-tvheadend,text,9
tvraman-emacspeak,binary,1
tvraman-emacspeak,text,160
twaugh-patchutils,text,122
tweag-topiary,text,29
tweekmonster-tmux2html,text,79
tweepy-tweepy,text,104
twekkel-htpdate,text,64
twigphp-Twig,text,14
twisted-constantly,text,72
twisted-cython-test-exception-raiser,text,77
twisted-towncrier,text,174
twisted-tubes,text,80
twitter-twemproxy,archives,2
twitter-twemproxy,text,167
twogood-unshield,binary,8
twogood-unshield,text,102
twpayne-chezmoi,text,34
tx00100xt-SeriousSamClassic-VK,pictures,1
tx00100xt-SeriousSamClassic-VK,text,640
tx00100xt-serioussam-mods,archives,16
tx00100xt-serioussam-mods,binary,24
tx00100xt-serioussam-mods,failed:archives,6
tx00100xt-serioussam-mods,text,2
txamqp-txamqp,text,147
typeddjango-pytest-mypy-plugins,text,53
typetools-checker-framework,text,17
typhoeus-ethon,text,82
typingArtist-vdr-plugin-remote,binary,49
typingArtist-vdr-plugin-remote,text,110
typst-typst,pictures,2
typst-typst,text,17
typstyle-rs-typstyle,text,68
tzinfo-tzinfo,binary,4
tzinfo-tzinfo,text,152
u1f35c-onak,text,24
uNetworking-uSockets,missing,3
uNetworking-uSockets,text,101
uNetworking-uWebSockets,text,8
ua-nick-fleep-py,pictures,2
ua-nick-fleep-py,text,82
ubernostrum-django-registration,catalogs,3
ubernostrum-django-registration,text,219
ublk-org-ublksrv,text,13
ubuntu-gnome-shell-extension-appindicator,text,6
ubuntu-mate-mate-tweak,text,100
uclouvain-openjpeg,text,181
udalov-kotlin-vim,text,58
ueber-devel-ueberzug,text,107
ueno-eekboard,text,331
ueno-ibus-skk,text,79
ueno-libskk,text,15
ueno-pinentry-el,text,24
ueno-ruby-gpgme,archives,12
ueno-ruby-gpgme,text,42
uim-sigscheme,binary,1
uim-sigscheme,text,79
uim-uim,binary,2
uim-uim,text,124
uiua-lang-uiua,text,20
ukoethe-vigra,binary,28
ukoethe-vigra,pictures,3
ukoethe-vigra,text,445
ulfalizer-Kconfiglib,text,111
ulikunitz-xz,text,333
ultimate-pa-smtinterpol,pictures,1
ultimate-pa-smtinterpol,text,15
ultralytics-functions-matlab,archives,2
ultralytics-functions-matlab,binary,70
ultralytics-functions-matlab,documents,6
ultralytics-functions-matlab,missing,64
ultralytics-functions-matlab,pictures,38
ultralytics-functions-matlab,text,724
ultravideo-kvazaar,binary,5
ultravideo-kvazaar,text,79
umanwizard-libeot,text,171
umlaeute-v4l2loopback,text,57
umurmur-umurmur,text,5
un33k-python-slugify,text,165
unbescape-unbescape,text,197
unbit-uwsgi,text,100
unbrice-shake,text,122
uncrustify-uncrustify,text,92
undercover-el-undercover.el,text,60
uniVocity-univocity-parsers,text,95
unicode-org-icu,text,197
unicode-org-last-resort-font,pictures,8
unicode-org-last-resort-font,text,788
unicorn-engine-unicorn,text,191
unittest-cpp-unittest-cpp,missing,1
unittest-cpp-unittest-cpp,text,69
universal-ctags-ctags,text,83
universal-ctags-python-ctags3,binary,10
universal-ctags-python-ctags3,text,88
unixcharles-acme-client,text,73
unknownbrackets-maxcso,archives,1
unknownbrackets-maxcso,binary,4
unknownbrackets-maxcso,text,444
unode-firefox_decrypt,binary,2
unode-firefox_decrypt,text,66
uoaerg-wavemon,text,72
uowuo-abaddon,missing,2
uowuo-abaddon,text,97
upserve-docker-api,text,126
upx-upx,text,34
urbanjost-M_CLI2,archives,28
urbanjost-M_CLI2,documents,471
urbanjost-M_CLI2,pictures,698
urbanjost-M_CLI2,text,3011
uriparser-uriparser,text,163
usebruno-bruno,text,247
user-none-KDocker,pictures,7
user-none-KDocker,text,104
usi-verification-and-security-opensmt,text,184
usrbinnc-netcat-cpi-kernel-module,text,80
utelle-wxsqlite3,binary,2
utelle-wxsqlite3,text,251
uutils-coreutils,text,41
uutils-findutils,text,14
uvemas-ViTables,binary,2
uvemas-ViTables,pictures,3
uvemas-ViTables,text,579
uw-labs-lichen,archives,1
uw-labs-lichen,missing,2
uw-labs-lichen,text,87
uxlfoundation-oneTBB,text,30
uyha-tree-sitter-cmake,text,227
v1cont-yad,text,68
vaeth-eix,text,300
vaeth-push,text,27
vaeth-quoter,text,46
vaeth-zram-init,text,143
vaidik-commentjson,text,139
vala-lang-vala-language-server,text,90
vala-lang-vala.vim,text,52
valos-Komikku,text,12
valr-cbatticon,text,85
vandry-Perl-Locale-gettext,binary,7
vandry-Perl-Locale-gettext,text,54
vanhauser-thc-thc-hydra,text,91
vanhauser-thc-thc-ipv6,text,361
vapier-liblzw,archives,3
vapier-liblzw,binary,3
vapier-liblzw,failed:archives,3
vapier-liblzw,text,112
vapier-ncompress,text,98
vapier-nosig,text,20
varlink-libvarlink,binary,48
varlink-libvarlink,missing,24
varlink-libvarlink,text,755
varlink-python,text,59
varvet-pundit,text,117
vasi-pixz,text,77
vasi-squashfuse,text,123
vcftools-vcftools,text,76
vcr-vcr,pictures,1
vcr-vcr,text,165
vcrhonek-hwdata,binary,7
vcrhonek-hwdata,text,74
vdr-projects-vdr-plugin-devstatus,binary,70
vdr-projects-vdr-plugin-devstatus,text,141
vdr-projects-vdr-plugin-duplicates,text,146
vdr-projects-vdr-plugin-dvd,binary,30
vdr-projects-vdr-plugin-dvd,text,80
vdr-projects-vdr-plugin-dvdswitch,binary,44
vdr-projects-vdr-plugin-dvdswitch,text,131
vdr-projects-vdr-plugin-epgsearch,binary,1
vdr-projects-vdr-plugin-epgsearch,text,161
vdr-projects-vdr-plugin-epgsync,binary,9
vdr-projects-vdr-plugin-epgsync,text,54
vdr-projects-vdr-plugin-ffnetdev,binary,5
vdr-projects-vdr-plugin-ffnetdev,text,221
vdr-projects-vdr-plugin-filebrowser,binary,3
vdr-projects-vdr-plugin-filebrowser,text,73
vdr-projects-vdr-plugin-graphlcd,binary,43
vdr-projects-vdr-plugin-graphlcd,text,59
vdr-projects-vdr-plugin-imonlcd,binary,2
vdr-projects-vdr-plugin-imonlcd,text,174
vdr-projects-vdr-plugin-lcdproc,binary,44
vdr-projects-vdr-plugin-lcdproc,text,205
vdr-projects-vdr-plugin-menuorg,binary,2
vdr-projects-vdr-plugin-menuorg,text,313
vdr-projects-vdr-plugin-osdteletext,text,116
vdr-projects-vdr-plugin-pin,binary,10
vdr-projects-vdr-plugin-pin,text,45
vdr-projects-vdr-plugin-pvr350,text,110
vdr-projects-vdr-plugin-radio,binary,12
vdr-projects-vdr-plugin-radio,text,193
vdr-projects-vdr-plugin-rcu,text,33
vdr-projects-vdr-plugin-remoteosd,binary,10
vdr-projects-vdr-plugin-remoteosd,text,45
vdr-projects-vdr-plugin-sleeptimer,archives,1
vdr-projects-vdr-plugin-sleeptimer,binary,47
vdr-projects-vdr-plugin-sleeptimer,catalogs,21
vdr-projects-vdr-plugin-sleeptimer,text,169
vdr-projects-vdr-plugin-sndctl,binary,1
vdr-projects-vdr-plugin-sndctl,text,41
vdr-projects-vdr-plugin-streamdev,binary,60
vdr-projects-vdr-plugin-streamdev,text,260
vdr-projects-vdr-plugin-svdrposd,text,22
vdr-projects-vdr-plugin-ttxtsubs,binary,45
vdr-projects-vdr-plugin-ttxtsubs,text,175
vdr-projects-vdr-plugin-vdrmanager,archives,91
vdr-projects-vdr-plugin-vdrmanager,binary,1261
vdr-projects-vdr-plugin-vdrmanager,fonts,7
vdr-projects-vdr-plugin-vdrmanager,pictures,2344
vdr-projects-vdr-plugin-vdrmanager,text,1826
vdr-projects-vdr-plugin-zappilot,binary,14
vdr-projects-vdr-plugin-zappilot,text,42
vdr-projects-vdradmin-am,binary,31
vdr-projects-vdradmin-am,text,37
vedang-pdf-tools,text,7
venam-2bwm,text,59
ventoy-Ventoy,text,36
veracrypt-VeraCrypt,archives,20
veracrypt-VeraCrypt,binary,7
veracrypt-VeraCrypt,text,128
verdammelt-tnef,binary,7
verdammelt-tnef,pictures,3
verdammelt-tnef,text,144
verilator-verilator,text,97
vermaseren-form,text,32
vermiculus-graphql.el,text,65
veusz-veusz,text,74
vgropp-bwm-ng,binary,1
vgropp-bwm-ng,text,173
vi-websocat,binary,2
vi-websocat,text,112
vibhorkum-pg_background,text,40
vicious-widgets-vicious,text,136
videolabs-libmicrodns,text,45
viewizard-astromenace,pictures,3
viewizard-astromenace,text,405
vifm-vifm,text,206
viking-gps-viking,pictures,1
viking-gps-viking,text,153
vim-airline-vim-airline,text,23
vim-crystal-vim-crystal,text,89
vim-scripts-Screen-vim---gnu-screentmux,text,24
vim-scripts-VimClojure,archives,2
vim-scripts-VimClojure,binary,2
vim-scripts-VimClojure,text,183
vim-scripts-a.vim,text,37
vim-scripts-frawor,text,203
vim-scripts-indentpython.vim,text,4
vim-scripts-pf.vim,text,5
vim-scripts-tasklist.vim,text,2
vim-scripts-vimbuddy.vim,text,4
vim-syntastic-syntastic,text,104
vim-vim,text,30
vimproved-blahajdots,text,32
vinceliuice-Fluent-icon-theme,text,2820
vinceliuice-Tela-icon-theme,text,1752
vinceliuice-Vimix-cursors,cursors,221
vinceliuice-Vimix-cursors,pictures,3
vinceliuice-Vimix-cursors,text,436
vinceliuice-qogir-icon-theme,cursors,556
vinceliuice-qogir-icon-theme,failed:cursors,7
vinceliuice-qogir-icon-theme,text,4128
vincent-hugot-qtest,text,87
vinzenz-vsqlite--,text,100
viraptor-phply,text,77
virtio-fs-virtiofsd,text,107
virtuald-pyhcl,text,129
virtualsquare-vde-2,archives,1
virtualsquare-vde-2,binary,2
virtualsquare-vde-2,text,210
virustotal-yara,text,1
virustotal-yara-python,missing,11
virustotal-yara-python,text,37
vision5-ngx_devel_kit,text,90
visualboyadvance-m-visualboyadvance-m,text,32
vitaly-zdanevich-commons-wikimedia-find-by-hash,binary,1
vitaly-zdanevich-commons-wikimedia-find-by-hash,text,9
vitaly-zdanevich-geeknote,text,40
vivien-i3blocks,text,127
vivien-i3blocks-contrib,pictures,11
vivien-i3blocks-contrib,text,88
vlabella-GLE,binary,4
vlabella-GLE,text,42
vlaci-pyperscan,text,55
vlasovskikh-funcparserlib,text,109
vmagamedov-grpclib,text,141
vmagnin-gtk-fortran,binary,2
vmagnin-gtk-fortran,text,94
vmatare-thinkfan,text,119
vmc-project-geant4_vmc,binary,10
vmc-project-geant4_vmc,text,449
vmc-project-vgm,text,1298
vmc-project-vmc,text,208
vmg-redcarpet,text,98
vmware-archive-salt-vim,text,52
vmware-open-vm-tools,text,126
vn-input-ibus-unikey,pictures,1
vn-input-ibus-unikey,text,197
volatilityfoundation-volatility3,text,159
volrath-treepy.el,pictures,1
volrath-treepy.el,text,80
voretaq7-radmind,missing,1
voretaq7-radmind,pictures,1
voretaq7-radmind,text,105
votca-votca,pictures,3
votca-votca,text,66
vowstar-eselect-bluespec,text,8
vowstar-zfs-auto-utils,text,6
voxpupuli-hiera-eyaml,text,115
voxpupuli-puppet-mode,text,72
voyageur-openglide,binary,3
voyageur-openglide,text,171
voyageur-wmsysmon,binary,2
voyageur-wmsysmon,text,34
vozlt-nginx-module-vts,text,6
vpelletier-python-ioctl-opt,text,25
vpelletier-python-libusb1,text,61
vprover-vampire,text,656
vrld-hump,text,74
vrothberg-vgrep,text,494
vsajip-python-gnupg,text,59
vsajip-sarge,text,101
vslavik-diff-pdf,text,61
vslavik-poedit,text,101
vspinu-company-math,pictures,2
vspinu-company-math,text,44
vspinu-math-symbol-lists,text,38
vspinu-sesman,text,50
vstakhov-libucl,text,83
vstinner-hachoir,binary,11
vstinner-hachoir,text,58
vstinner-python-ptrace,text,87
vxgmichel-aiostream,text,98
w0lff-shikane,text,141
wachikun-yaskkserv2,text,276
wader-fq,text,15
waf-CSharpRepl,text,21
wagoodman-dive,archives,4
wagoodman-dive,text,387
wahern-cqueues,documents,1
wahern-cqueues,text,106
wahern-luaossl,documents,2
wahern-luaossl,text,73
wakatime-wakatime-cli,text,34
walles-moor,text,20
walles-riff,pictures,4
walles-riff,text,90
wallyqs-org-ruby,archives,1
wallyqs-org-ruby,text,100
wandenberg-nginx-push-stream-module,text,141
wanderlust-apel,text,213
wanderlust-flim,text,77
wanderlust-semi,text,78
wanderlust-wanderlust,text,110
wanduow-libprotoident,text,162
wanduow-wandio,archives,1
wanduow-wandio,text,95
wanpinglee-MOSAIK,binary,43
wanpinglee-MOSAIK,text,38
wardencommunity-warden,text,93
wargio-naxsi,text,19
warmcat-libwebsockets,text,14
warner-python-spake2,text,89
wasm3-wasm3,text,18
watchexec-watchexec,text,2
wavexx-acpilight,text,65
wavexx-connman-notify,text,11
waydroid-waydroid,text,56
waywardgeek-sonic,missing,3
waywardgeek-sonic,text,106
wb2osz-direwolf,documents,3
wb2osz-direwolf,pictures,2
wb2osz-direwolf,text,77
wbolster-jsonlines,text,86
wbond-asn1crypto,text,33
wdas-partio,binary,3
wdas-partio,text,86
wdas-ptex,text,79
wdlkmpx-gmrun,text,114
webcamoid-webcamoid,text,150
webgpu-native-webgpu-headers,text,94
webmproject-libvpx,text,17
weggli-rs-weggli,binary,1
weggli-rs-weggli,text,166
weizhongli-cdhit,pictures,1
weizhongli-cdhit,text,126
wentasah-meson-mode,text,56
weppos-publicsuffix-ruby,text,12
werman-noise-suppression-for-voice,archives,8
werman-noise-suppression-for-voice,binary,120
werman-noise-suppression-for-voice,documents,2
werman-noise-suppression-for-voice,pictures,187
werman-noise-suppression-for-voice,text,3502
westerndigitalcorporation-libzbd,pictures,2
westerndigitalcorporation-libzbd,text,107
westes-flex,text,38
wez-atomicparsley,binary,24
wez-atomicparsley,text,44
wez-wezterm,text,13
wfeldt-libx86emu,text,114
wfxr-code-minimap,text,60
wg-wrk,archives,14
wg-wrk,pictures,1
wg-wrk,text,706
wg030-jlcode,documents,10
wg030-jlcode,fonts,12
wg030-jlcode,text,44
wgois-OIS,binary,5
wgois-OIS,text,618
whdd-whdd,text,86
whipper-team-whipper,text,104
whitequark-ast,text,70
whitequark-ocaml-expat,binary,1
whitequark-ocaml-expat,text,58
whitequark-parser,text,46
whomwah-rqrcode,text,95
whomwah-rqrcode_core,text,142
whonix-kloak,text,94
whoozle-android-file-transfer-linux,pictures,1
whoozle-android-file-transfer-linux,text,84
whtsky-pixelmatch-py,text,31
whwright-click-command-tree,text,53
whyvl-wireproxy,pictures,1
whyvl-wireproxy,text,24
wickedsmoke-faun,text,131
widelands-widelands,text,292
wiki2beamer-wiki2beamer,documents,2
wiki2beamer-wiki2beamer,text,101
wilhelmer-htmlmin,text,103
will-crystal-pg,text,87
williamh-dotconf,binary,2
williamh-dotconf,text,323
williamh-get-ego-vendor,text,21
williamh-pybugz,text,130
wilx-apg,text,131
wincent-command-t,text,17
wincent-ferret,text,125
window-maker-wmaker,binary,2
window-maker-wmaker,text,115
wingo-fibers,text,100
winterheart-broadcom-bt-firmware,binary,115
winterheart-broadcom-bt-firmware,text,45
wirbel-at-vdr-portal-librepfunc,text,74
wirbel-at-vdr-portal-vdr-plugin-femon,archives,1
wirbel-at-vdr-portal-vdr-plugin-femon,binary,64
wirbel-at-vdr-portal-vdr-plugin-femon,text,254
wireservice-agate-dbf,text,54
wireservice-leather,text,113
wiseman-py-webrtcvad,binary,1
wiseman-py-webrtcvad,text,105
wjakob-nanobind,text,33
wjoye-tkcon,pictures,2
wjoye-tkcon,text,75
wjoye-tktable,binary,37
wjoye-tktable,pictures,613
wjoye-tktable,text,1881
wkentaro-gdown,text,16
wlrfx-scenefx,text,46
wmww-gtk-layer-shell,text,149
wmww-gtk4-layer-shell,text,94
wntrblm-nox,text,26
wofr06-lesspipe,text,24
wojdyr-fityk,text,153
wojdyr-xylib,text,124
wojtekka-6tunnel,text,102
wojtekka-libgadu,text,169
wojtekka-libydpdict,binary,1
wojtekka-libydpdict,text,78
wojtekka-ydpdict,pictures,1
wojtekka-ydpdict,text,123
wolfcw-libfaketime,text,73
wooga-eredis,binary,1
wooga-eredis,text,76
wpettersson-xapers,text,149
wraeth-kcheck,text,68
wrandelshofer-FastDoubleParser,text,517
wroberts-rogauracore,text,63
wrpearson-fasta36,documents,3
wrpearson-fasta36,text,183
wsakernel-picocom,documents,5
wsakernel-picocom,text,94
wslutilities-wslu,text,105
wtfutil-wtf,text,21
wting-autojump,text,89
wwmm-easyeffects,text,146
wwylele-teakra,binary,15
wwylele-teakra,text,162
wxFormBuilder-wxFormBuilder,missing,1
wxFormBuilder-wxFormBuilder,text,132
wxMaxima-developers-wxmaxima,text,25
wxWidgets-wxWidgets,text,27
wyuenho-all-the-icons-dired,text,50
x-motemen-ghq,text,17
x42-avldrums.lv2,binary,12
x42-avldrums.lv2,missing,14
x42-avldrums.lv2,text,77
x42-harvid,text,113
x42-libltc,text,87
xaos-project-XaoS,text,15
xavierleroy-camlidl,pictures,3
xavierleroy-camlidl,text,168
xavierleroy-camlzip,text,84
xavierleroy-cryptokit,text,139
xbmc-libdvdnav,text,145
xd009642-tarpaulin,text,21
xdebug-xdebug,binary,4
xdebug-xdebug,text,62
xdp-project-xdp-tools,text,31
xeco23-WasIstLos,pictures,30
xeco23-WasIstLos,text,158
xelerance-xl2tpd,text,125
xerial-snappy-java,binary,6
xerial-snappy-java,text,67
xerial-xerial-java,pictures,3
xerial-xerial-java,text,336
xflr6-graphviz,text,101
xflux-gui-fluxgui,text,77
xgqt-emacs-ansilove,binary,1
xgqt-emacs-ansilove,pictures,1
xgqt-emacs-ansilove,text,53
xgqt-emacs-el-fetch,text,61
xgqt-emacs-websearch,pictures,1
xgqt-emacs-websearch,text,62
xiaoyeli-superlu,text,1355
xinntao-Real-ESRGAN-ncnn-vulkan,missing,4
xinntao-Real-ESRGAN-ncnn-vulkan,pictures,2
xinntao-Real-ESRGAN-ncnn-vulkan,text,65
xiota-xboxdrv,text,700
xiph-flac,archives,2
xiph-flac,binary,1
xiph-flac,text,299
xiph-libao,text,169
xiph-rav1e,text,115
xkbcommon-libxkbcommon,text,45
xlwings-jsondiff,text,87
xmake-io-xmake,text,35
xmlark-msv,archives,2
xmlark-msv,binary,3
xmlark-msv,pictures,9
xmlark-msv,text,356
xmlsec-python-xmlsec,text,96
xmlunit-xmlunit,text,178
xmms2-xmms2-devel,text,31
xmoto-xmoto,text,305
xmrig-xmrig,text,184
xolox-vim-misc,binary,1
xolox-vim-misc,text,168
xolox-vim-reload,text,124
xolox-vim-session,pictures,2
xolox-vim-session,text,101
xonotic-d0_blind_id,text,95
xorg62-tty-clock,binary,2
xorg62-tty-clock,text,71
xou816-spot,text,425
xournalpp-xournalpp,text,27
xremap-xremap,text,25
xrmx-bootchart,text,62
xroche-httrack,binary,30
xroche-httrack,missing,1
xroche-httrack,text,224
xsuchy-templated-dictionary,text,65
xtensor-stack-xsimd,text,38
xtrx-sdr-liblms7002m,text,37
xtrx-sdr-libusb3380,text,31
xtrx-sdr-libxtrx,text,137
xtrx-sdr-libxtrxdsp,text,41
xtrx-sdr-libxtrxll,text,159
xvik-generics-resolver,archives,1
xvik-generics-resolver,text,70
xwmx-rbst,text,91
xxxserxxx-gotop,archives,1
xxxserxxx-gotop,text,1610
xyb3rt-id3ted,text,151
xyb3rt-sxiv,text,81
xyb3rt-urxvt-perls,text,71
xyproto-tinyxxd,pictures,2
xyproto-tinyxxd,text,9
xyproto-zsnes,text,26
xytovl-asus-numpad,text,42
xyz2tex-dot2tex,text,128
y-256-libdivsufsort,text,128
ya-mouse-fatresize,text,66
yaauie-cliver,text,88
yadm-dev-yadm,text,157
yairm210-Unciv,text,85
yallop-ocaml-ctypes,text,348
yaml-libyaml,text,84
yaml-pyyaml,binary,5
yaml-pyyaml,text,812
yannjor-krabby,text,8627
yarl-vicuna,text,23
yarnpkg-yarn,binary,3
yarnpkg-yarn,text,106
yashtodi94-pytest-custom_exit_code,text,47
yayahjb-cqrlib,text,83
yevhen-Nake,binary,6
yevhen-Nake,text,194
yggdrasil-network-yggdrasil-go,text,20
ygrek-mldonkey,binary,1
ygrek-mldonkey,text,172
ygrek-ocaml-extlib,text,184
ygrek-ocurl,text,91
yhirose-cpp-httplib,text,12
yitsushi-totp-cli,text,193
yktoo-ymuse,pictures,23
yktoo-ymuse,text,111
ymattw-ydiff,pictures,24
ymattw-ydiff,text,78
ymnk-jsch-agent-proxy,text,201
ymnk-jzlib,archives,1
ymnk-jzlib,text,138
yne-dzr,text,87
yne-vcd,text,54
yob-pdf-reader,documents,3
yob-pdf-reader,text,25
yoctoproject-bmaptool,binary,6
yoctoproject-bmaptool,text,54
yogsothoth-wmmp,text,138
yoriyuki-Camomile,binary,1
yoriyuki-Camomile,pictures,1
yoriyuki-Camomile,text,976
yorukot-superfile,pictures,9
yorukot-superfile,text,15
yoshiki-yaml-mode,text,63
ypcrts-fqdn,text,85
yrutschle-conf2struct,text,105
yrutschle-sslh,binary,7
yrutschle-sslh,text,111
yshui-picom,text,32
yt-dlg-yt-dlg,missing,8
yt-dlg-yt-dlg,text,70
yt-dlp-yt-dlp,text,12
yuezk-GlobalProtect-openconnect,text,68
yurikhan-firefox-i3-workspaces,pictures,2
yurikhan-firefox-i3-workspaces,text,15
yuru7-Firge,fonts,150
yuru7-Firge,pictures,1
yuru7-Firge,text,139
yuru7-HackGen,fonts,10
yuru7-HackGen,pictures,1
yuru7-HackGen,text,64
yuru7-PlemolJP,fonts,29
yuru7-PlemolJP,text,68
yuru7-moralerspace,fonts,157
yuru7-moralerspace,text,64
yuru7-udev-gothic,fonts,13
yuru7-udev-gothic,text,72
yuutayamada-commenter,text,9
yuutayamada-flycheck-nimsuggest,text,13
yvbbrjdr-i3lock-fancy-rapid,missing,2
yvbbrjdr-i3lock-fancy-rapid,pictures,1
yvbbrjdr-i3lock-fancy-rapid,text,26
yvt-openspades,missing,1
yvt-openspades,text,70
z3ntu-RazerGenie,text,99
z3ntu-libopenrazer,text,168
z411-vrms-gentoo,text,14
zabbly-incus-ui-canonical,text,34
zah-nim.vim,text,59
zamaudio-zam-plugins,missing,3
zamaudio-zam-plugins,text,135
zaneb-autopage,text,47
zaphoyd-websocketpp,missing,1
zaphoyd-websocketpp,text,96
zapping-vbi-zvbi,binary,7
zapping-vbi-zvbi,text,130
zaps166-QMPlay2,text,9
zaquestion-lab,text,144
zbm-dev-zfsbootmenu,text,61
zchunk-zchunk,binary,19
zchunk-zchunk,text,125
zdavatz-spreadsheet,text,164
zdia-gorilla,archives,1
zdia-gorilla,binary,15
zdia-gorilla,pictures,11
zdia-gorilla,text,109
zealdocs-zeal,text,21
zed-industries-zed,text,48
zed-industries-zed.git,text,48
zeevt-csnappy,archives,2
zeevt-csnappy,text,63
zellij-org-zellij,text,365
zen-browser-desktop,text,14
zeroc-ice-ice,text,110
zeromq-cppzmq,text,72
zeromq-czmq,archives,1
zeromq-czmq,text,277
zeromq-jeromq,text,692
zeromq-libzmq,text,43
zeromq-pyzmq,text,68
zeromq-zmqpp,text,77
zerotier-ZeroTierOne,text,242
zetacomponents-Base,text,131
zetacomponents-ConsoleTools,text,158
zeux-pugixml,text,7
zevenet-nftlb,binary,9
zevenet-nftlb,text,2871
zevv-duc,text,60
zfsonlinux-zfs-auto-snapshot,text,70
zhaozg-lua-openssl,text,29
ziglibs-known-folders,text,59
zigtools-zls,text,18
zim-desktop-wiki-zim-desktop-wiki,text,27
zkry-yaml.el,text,66
zlib-ng-minizip-ng,text,12
zlib-ng-zlib-ng,text,31
zlin-wgetpaste,binary,2
zlin-wgetpaste,text,59
zmanda-amanda,binary,1
zmanda-amanda,pictures,3
zmanda-amanda,text,1502
zmap-zmap,binary,1
zmap-zmap,text,72
zmedico-diffball,text,324
zmedico-tardelta,text,11
zmedico-tarsync,text,65
zmievsa-pytest-fixture-classes,text,47
znixian-OpenOVR,missing,1
znixian-OpenOVR,text,101
zoni-postforward,text,25
zrax-string_theory,missing,3
zrax-string_theory,text,238
zsa-wally-cli,text,42
zsh-users-zsh-autosuggestions,text,81
zsh-users-zsh-completions,text,14
zsh-users-zsh-history-substring-search,text,57
zsh-users-zsh-syntax-highlighting,text,75
zxing-cpp-zxing-cpp,missing,1
zxing-cpp-zxing-cpp,text,9
zxing-zxing,text,5
zyantific-zycore-c,text,80
zyantific-zydis,text,44
zyedidia-micro,text,33
zzamboni-grabcartoons,text,100
