key,outcome,changes,repositories
.glif,text,411272,9
.svg,text,136743,261
.h,text,105520,2744
.c,text,87491,2404
.py,text,68991,1927
.cpp,text,68042,1199
.go,text,66333,395
.3,text,60521,74
.yaml,text,47338,990
.md,text,41517,4859
.png,pictures,40549,620
.hpp,text,38507,379
.yml,text,35454,4164
.woff2,fonts,33988,33
.woff,fonts,33751,35
.txt,text,32899,2700
.html,text,24554,571
.po,text,24009,358
.hlc,cursors,23760,1
.json,text,22828,883
.glyph,text,21978,3
.gpg,text,21683,2
.ml,text,20579,258
.rb,text,18470,466
.java,text,18426,263
.xml,text,13333,755
.el,text,12888,350
.js,text,11758,325
.png,text,11729,12
.ts,text,11362,239
.sh,text,10935,1835
.rs,text,10766,322
.rst,text,10293,785
.cc,text,9933,350
.plist,text,9624,75
.in,text,9437,1640
makefile,text,8899,1710
.toml,text,6954,1020
.mli,text,6915,235
.fs-uae-controller,text,6081,2
.qml,text,5735,33
.hl,text,5704,2
.out,text,5623,69
changelog,text,5607,954
.f,text,5285,12
.xpm,text,5234,48
.ac,text,5143,888
.gitignore,text,5143,2555
.am,text,5129,774
.ttf,fonts,5046,78
.php,text,4970,80
.otf,fonts,4939,25
.lock,text,4270,645
properties,text,4203,3
.vim,text,4124,111
.lua,text,3773,159
.css,text,3514,329
.1,text,3448,622
dune,text,3264,221
.cmake,text,3160,474
.build,text,3043,357
readme,text,2936,899
.opam,text,2760,224
.ini,text,2758,457
.mod,text,2488,365
license,text,2436,1073
.cs,text,2420,72
.jsp,text,2379,4
.inc,text,2252,92
.jpg,pictures,2231,84
.adb,text,2052,28
.sum,text,2047,337
.s,text,2029,92
.cur,cursors,1880,3
.m4,text,1873,314
.conf,text,1867,330
.gemspec,text,1838,318
.zip,archives,1816,49
.pm,text,1739,60
.gf,text,1736,1
.map,text,1646,48
.hx,text,1586,1
.gif,pictures,1577,94
.cfg,text,1554,425
.cr,text,1551,29
.cxx,text,1550,46
.pl,text,1491,176
.pdf,documents,1481,104
news,text,1480,412
configure,text,1470,283
.ads,text,1446,26
.m,text,1383,53
.erl,text,1322,44
.eot,failed:fonts,1303,22
.tex,text,1282,91
.rg,text,1272,1
.mk,text,1267,165
.class,binary,1225,6
.traineddata,binary,1222,3
.log,text,1189,44
.cu,text,1185,26
.t,text,1175,94
.scss,text,1169,38
.ui,text,1142,163
.vcxproj,text,1132,139
.spec,text,1127,252
changes,text,1107,198
.patch,text,1098,131
.vala,text,1066,29
.org,text,1057,137
.scm,text,1043,58
.pony,text,1041,1
dockerfile,text,995,340
.md5,text,982,6
.3,binary,957,7
.api,text,948,4
version,text,929,249
.mm,text,924,41
.tsx,text,923,36
.test,text,906,44
.f90,text,885,22
dune-project,text,864,205
.pho,text,848,1
.fp,text,842,1
.vfb,binary,840,3
.detok,text,824,1
authors,text,802,374
.rbs,text,775,9
.po,binary,773,46
.wav,binary,771,22
gemfile,text,770,261
.adoc,text,768,82
.pyi,text,755,86
.qm,catalogs,750,12
.rrd,binary,750,1
.theme,text,740,28
.g,text,724,58
.rules,text,710,45
control,text,691,238
install,text,667,314
.hxx,text,644,16
.properties,text,624,109
.sfd,text,618,10
.tcl,text,600,26
.hh,text,594,40
.helm,text,592,1
.sql,text,589,42
.gz,archives,578,85
.groovy,text,567,26
.inl,text,564,29
.markdown,text,563,74
rakefile,text,553,215
copying,text,552,419
.fth,text,550,1
.bat,text,540,186
.dll,binary,537,33
.gpr,text,530,21
.dart,text,524,6
.config,text,523,85
.med,binary,518,2
.fea,text,516,12
.jar,archives,511,62
.nix,text,511,125
.pcap,binary,511,4
.icc,binary,507,2
.pot,text,507,166
.filters,text,506,68
.kvconfig,text,498,3
.html,binary,497,17
.output,text,497,14
.vcproj,text,493,44
.rc,text,488,93
.8,text,487,112
history,text,465,64
.gemfile,text,457,26
.doctree,binary,456,4
.idx,text,453,6
.rockspec,text,449,51
.tplg,binary,449,1
.c,binary,448,72
.gitattributes,text,441,241
.glyphs,text,440,11
.kt,text,432,15
.src,text,428,43
.lisp,text,426,14
.gi,text,418,46
.gradle,text,415,50
.pro,text,413,83
.expected,text,410,36
.fc,binary,410,1
.bash,text,408,93
.nim,text,404,9
.tera,text,397,4
.zig,text,396,11
.svg,missing,395,9
.grp,binary,387,1
.hxml,text,378,1
.lng,text,377,4
.texi,text,374,68
.ps1,text,364,80
.myb,text,363,1
.data,text,358,19
.fs,text,356,12
.gd,text,353,36
copyright,text,347,192
.csproj,text,343,44
.tst,text,342,46
.stderr,text,341,3
todo,text,339,185
.o,binary,337,12
.mdx,text,336,21
.cpp,binary,333,29
.sln,text,333,96
.ppm,text,330,3
.strings,text,330,12
jbuild,text,330,50
.scd,text,328,41
.proto,text,325,46
.pod,text,324,45
rules,text,316,163
.template,text,312,63
.txt,binary,312,47
.editorconfig,text,309,192
.mlt,text,309,23
.dockerfile,text,304,45
.exp,text,298,10
.feature,text,296,32
.exe,binary,293,34
.desktop,text,292,123
.ani,cursors,284,3
.so,binary,282,16
.zsh,text,282,34
.def,text,278,76
.ipp,text,271,6
gnumakefile,text,270,38
.mo,catalogs,265,25
.pyx,text,264,42
.xsd,text,264,20
install-sh,text,263,137
.svg,pictures,262,1
.nft,text,260,3
.h,binary,257,40
.install,text,256,81
.pdb,binary,253,7
.csv,text,252,47
.ads,binary,251,2
build,text,249,44
.es,text,248,1
.pbxproj,text,248,46
.min.js,text,247,44
.man,text,246,45
.bats,text,244,29
.mak,text,243,38
.ref,text,243,7
.pho,binary,242,1
.snap,text,241,17
.i,text,240,30
.5,text,236,69
.scala,text,230,9
.icon,text,228,1
.0,text,227,54
.asm,text,227,29
.pas,text,227,12
.bazel,text,226,53
.dat,text,226,32
.info,text,224,39
progress,cursors,223,6
.fs,missing,221,1
.swift,text,221,46
.fl,text,220,4
.ttl,text,220,4
.clang-format,text,219,156
.guess,text,219,118
.nib,binary,219,5
.idr,text,216,1
.tsv,text,215,6
pkgbuild,text,215,51
.inf,text,214,13
.sub,text,214,115
.service,text,213,93
.elf,text,212,2
doxyfile,text,212,91
linguas,text,212,91
arrow,text,210,5
.hs,text,209,14
missing,text,209,119
.agdd,text,208,1
.raw,text,208,6
.xz,archives,205,15
.pem,text,204,42
.sty,text,203,24
.gitmodules,text,201,137
.ll,text,201,10
.xsl,text,201,19
.ebuild,text,200,22
08ffe1e65f80fcfdf9fff11263e74c48,text,200,2
.y,text,198,54
watch,text,198,46
.ppm,binary,192,1
.erb,text,191,25
.lib,binary,190,12
.dic,text,187,6
.blp,text,186,11
.cmd,text,184,59
.bmp,pictures,183,19
.bz2,archives,183,19
.rdoc,text,183,33
.props,text,182,37
.qss,text,182,5
depcomp,text,177,102
.less,text,176,10
.sig,text,175,2
.diff,text,174,48
.lbx,text,172,1
.dox,text,171,41
.qrc,text,170,46
contributors,text,170,66
.bin,binary,168,23
.hpp,binary,168,3
.fish,text,164,43
.docbook,text,162,5
.7,text,161,28
.classpath,text,161,14
.ocamlformat,text,160,121
all-scroll,cursors,160,6
cell,cursors,160,6
copy,cursors,160,6
dnd-move,cursors,160,6
dnd-no-drop,cursors,160,6
wscript,text,160,7
x-cursor,cursors,160,6
not-allowed,cursors,159,6
.tt2,text,158,1
context-menu,cursors,158,6
crosshair,cursors,158,6
down-arrow,cursors,158,6
pirate,cursors,158,5
up-arrow,cursors,158,6
zoom-in,cursors,158,6
zoom-out,cursors,158,6
help,cursors,157,5
wait,cursors,157,6
col-resize,cursors,156,6
color-picker,cursors,156,6
openhand,cursors,156,6
pencil,cursors,156,6
right_ptr,cursors,156,6
row-resize,cursors,156,6
text,cursors,156,6
vertical-text,cursors,156,6
center_ptr,cursors,155,5
.afm,text,153,1
".3""",missing,151,1
.ipynb,text,147,18
opam,text,147,33
default,text,146,4
left_ptr_watch,text,146,5
.awk,text,144,24
00008160000006810000408080010102,text,144,5
03b6e0fcb3499374a867c041f52298f0,text,144,5
08e8e1c95fe2fc01f976f1e063a24ccd,text,144,5
3085a0e285430894940527032f8b26df,text,144,5
3ecb610c1bf2410f44200f48c40d3599,text,144,5
4498f0e0c1937ffe01fd06f973665830,text,144,5
5c6cd98b3f3ebcb1f9c7f1c204630408,text,144,5
640fb0e74195791501fd1ed57b41487f,text,144,5
9081237383d90e509aa00f00170e968f,text,144,5
9d800788f1b08800ae810202380a0822,text,144,5
changelog,binary,144,31
d9ce0ab605698f320427677b458ad60b,text,144,5
e29285e634086352946a0e7090d73106,text,144,5
h_double_arrow,text,144,5
hand1,text,144,5
v_double_arrow,text,144,5
00000000000000020006000e7e9ffc3f,text,143,5
1081e37283d90000800003c07f3ef6bf,text,143,5
6407b0e94181790501fd1e167b474872,text,143,5
a2a266d0498c3104214a47bd64ab0fc8,text,143,5
b66166c04f8c3109214a4fbd64a50fc8,text,143,5
circle,cursors,143,4
cross,cursors,143,4
dnd-ask,cursors,143,4
dnd-copy,cursors,143,4
dnd-link,cursors,143,4
fcf21c00b30f7e3f83fe0dfd12e71cff,text,143,5
forbidden,text,143,5
half-busy,text,143,5
ibeam,text,143,5
left_tee,cursors,143,4
link,cursors,143,4
ll_angle,cursors,143,4
lr_angle,cursors,143,4
move,cursors,143,4
size_all,text,143,5
split_h,text,143,5
split_v,text,143,5
ul_angle,cursors,143,4
ur_angle,cursors,143,4
whats_this,text,143,5
compat,text,142,109
crossed_circle,text,142,4
dnd-none,text,142,4
grab,text,142,4
grabbing,text,142,4
hand2,text,142,4
plus,text,142,4
question_arrow,text,142,4
sb_h_double_arrow,text,142,4
sb_v_double_arrow,text,142,4
xterm,text,142,4
.cursor,text,141,3
bottom_tee,cursors,141,4
dotbox,cursors,141,4
ew-resize,cursors,141,3
ne-resize,cursors,141,3
nesw-resize,cursors,141,3
ns-resize,cursors,141,3
nw-resize,cursors,141,3
nwse-resize,cursors,141,3
se-resize,cursors,141,3
sw-resize,cursors,141,3
w-resize,cursors,141,3
.ico,pictures,140,76
.tmpl,text,140,34
.utf8,text,140,3
dot,cursors,140,2
top_left_arrow,text,140,4
.cvsignore,text,139,34
cross_reverse,text,139,4
diamond_cross,text,139,4
left_ptr,cursors,139,4
right_tee,cursors,139,4
s-resize,cursors,139,3
top_tee,cursors,139,4
.6,text,138,33
size-bdiag,text,138,3
size-fdiag,text,138,3
size-hor,text,138,3
size-ver,text,138,3
tcross,text,138,3
.mll,text,137,39
.pri,text,137,19
bd_double_arrow,text,137,3
closedhand,cursors,137,3
e-resize,cursors,137,3
fd_double_arrow,text,137,3
n-resize,cursors,137,3
pointing_hand,cursors,137,3
.rake,text,136,33
028006030e0e7ebffc7f7070c0600140,text,136,3
14fef782d02440884392942c11205230,text,136,3
2870a09082c103050810ffdffffe0204,text,136,3
c7088f0f3e6c8088236ef8e1e3e70000,text,136,3
config,text,136,54
dot_box_mask,text,136,3
double_arrow,text,136,3
draped_box,text,136,3
fcf1c3c7cd4491d801f1e1c78f100000,text,136,3
fleur,text,136,3
hand,text,136,3
icon,text,136,3
target,text,136,3
.expect,text,135,6
.r,text,135,10
alias,text,135,3
clock,text,135,3
.cape,text,134,1
03b6e0fcb3499374a867d041f52298f0,text,134,2
0426c94ea35c87780ff01dc239897213,text,134,2
043a9f68147c53184671403ffa811cc5,text,134,2
048008013003cff3c00c801001200000,text,134,2
0876e1c15ff2fc01f906f1c363074c0f,text,134,2
08ffe1cb5fe6fc01f906f1c063814ccf,text,134,2
208530c400c041818281048008011002,text,134,2
38c5dff7c7b8962045400281044508d2,text,134,2
50585d75b494802d0151028115016902,text,134,2
5aca4d189052212118709018842178c0,text,134,2
9116a3ea924ed2162ecab71ba103b17f,text,134,2
based_arrow_down,text,134,2
based_arrow_up,text,134,2
bottom_left_corner,text,134,2
bottom_right_corner,text,134,2
bottom_side,text,134,2
c07385c7190e701020ff7ffffd08103c,text,134,2
down_arrow,text,134,2
draft,text,134,2
f41c0e382c94c0958e07017e42b00462,text,134,2
f41c0e382c97c0938e07017e42800402,text,134,2
gumby,text,134,2
kill,text,134,2
left-arrow,text,134,2
left_arrow,text,134,2
left_side,text,134,2
manifest,text,134,43
no-drop,text,134,2
pointer,text,134,2
pointer-move,text,134,2
right-arrow,text,134,2
right_arrow,text,134,2
right_side,text,134,2
sb_down_arrow,text,134,2
sb_left_arrow,text,134,2
sb_right_arrow,text,134,2
sb_up_arrow,text,134,2
size_bdiag,text,134,2
size_fdiag,text,134,2
size_hor,text,134,2
size_ver,text,134,2
top_left_corner,text,134,2
top_right_arrow,text,134,2
top_right_corner,text,134,2
top_side,text,134,2
up_arrow,text,134,2
wayland-cursor,text,134,2
x_cursor,text,134,2
zoom_in,text,134,2
zoom_out,text,134,2
.ftl,text,132,13
.helm,missing,130,1
.bbx,text,128,1
.script,text,127,30
.dylib,binary,125,7
.hcd,binary,125,2
.phpt,text,125,4
.mjs,text,124,44
compile,text,123,71
.vader,text,122,7
codeowners,text,121,92
.page,text,119,4
.psql,text,117,1
.png,missing,116,12
history,binary,116,13
.asmt,text,115,1
qmldir,text,114,4
.dbx,text,113,1
notice,text,113,55
.asc,text,112,25
.yo,text,112,2
.t1,binary,111,1
.x,text,111,15
.htm,text,110,9
.obj,binary,110,2
.mly,text,109,24
.typed,text,109,99
.golden,text,108,10
meta,text,108,40
.bcf,text,107,1
.d,text,107,13
.eps,text,107,4
.asciidoc,text,106,17
.common,text,106,45
.rpy,text,106,1
.hbs,text,105,7
.sc,text,105,4
.cbx,text,102,1
release_notes,text,100,8
.dist,text,99,26
.kts,text,98,15
.ogg,binary,98,13
.tld,text,98,4
cask,text,98,47
.coveragerc,text,97,69
.xcf,binary,97,20
eask,text,97,27
.lut,text,96,1
.vs,missing,96,1
.sgml,text,95,16
.sym,text,95,16
.arb,text,94,2
.dsp,text,94,19
run,text,94,20
.spe,binary,93,1
.tmplt,text,93,3
.pyc,binary,92,6
.vue,text,92,10
.canonical,text,91,1
.dtd,text,91,22
.flake8,text,91,65
.sbk,text,91,1
.ps,text,90,18
.tc,text,90,5
.2,text,88,21
.pxd,text,88,25
_tags,text,88,28
.tiff,pictures,87,8
.l,text,86,31
.orig,text,86,20
.ri,text,86,2
.wrap,text,86,32
.fsproj,text,85,6
.ndjson,text,85,1
.shader,text,85,2
.dbg,binary,84,1
.hc,text,84,1
.j,text,84,1
.k,text,84,1
release,text,84,37
.om,text,83,2
.ttx,text,83,5
.txtar,text,83,5
.ctl,text,82,3
.err,text,82,8
.fpr,text,82,1
.resx,text,82,7
.glade,text,81,29
.loader-error,text,81,1
.designspace,text,80,5
.ml,missing,80,2
bootstrap,text,80,43
.v,text,79,11
.xlsx,archives,79,11
jamfile,text,79,2
.clang-tidy,text,78,49
.fsi,text,78,3
.go,missing,78,10
.pml,text,78,1
.sig,binary,77,2
.tf,text,77,5
.dis,text,76,2
pfetch,text,76,2
.bml,missing,75,1
.license,text,75,14
.nimble,text,75,8
dependencies,text,75,18
.clj,text,74,5
.xz,binary,74,1
.smt2,text,73,5
.webp,pictures,73,17
.2bk,text,72,1
.bib,text,72,34
.chip,text,72,1
.gitkeep,text,72,29
.suppress,text,72,13
justfile,text,72,28
output,text,72,3
.lassen,text,71,1
.mailmap,text,71,52
.silk,text,71,1
.vc,text,71,14
.key,text,70,23
.mp3,binary,70,7
.project,text,70,30
.text,text,70,6
.asd,text,69,8
.dae,text,69,3
.gold,text,69,2
.grc,text,69,4
.sls,text,69,1
patents,text,69,27
.wxs,text,68,15
.old,text,67,34
.opts,text,67,8
.ri,binary,67,1
.sms,text,67,1
.1bk,text,66,1
.coffee,text,66,1
.ods,archives,66,7
.bas,text,65,6
.dtx,text,65,3
.example,text,65,28
format,text,65,56
mkinstalldirs,text,65,44
readme,binary,65,21
.dsw,text,64,14
.release,text,64,29
.tpl,text,64,14
.ttf_orig,fonts,64,1
expected,text,64,3
"icon\r""",missing,64,1
.glsl,text,63,14
.symbols,text,63,21
setup,text,63,43
.list,text,62,22
test,text,62,34
.bzl,text,61,18
.pc,text,61,26
.zon,text,61,10
credits,text,61,31
.code,text,60,4
.debian,text,60,29
.icns,binary,60,28
.lassen_cpu,text,60,1
.mkd,text,60,6
.mld,text,60,21
.axaml,text,59,3
.el,binary,59,10
docs,text,59,45
.gyp,text,58,25
.xml,binary,58,9
aws_s3_object_manifests-etcdmanager-events-master-us-test-1a_content,text,58,1
aws_s3_object_manifests-etcdmanager-main-master-us-test-1a_content,text,58,1
.bugfix,text,57,7
.cow,text,57,1
.db,text,57,7
.lib,text,57,14
.romhdr,text,57,1
.target,text,57,3
.4,text,56,16
.fst,binary,56,2
.import,text,56,1
.spp,text,56,1
.bpl,text,55,2
.directory,text,55,5
.ds_store,binary,55,16
.flf,text,55,1
.hgtags,text,55,15
.lsp,text,55,2
.perl,text,55,2
.psm1,text,55,8
gtkrc,text,55,6
.exact,text,54,2
.iml,text,54,22
.initd,text,54,5
.pylintrc,text,54,36
_oasis,text,54,11
pipfile,text,54,18
thanks,text,54,31
yadm,text,54,2
.crt,text,53,17
.cs,binary,53,7
.mingw,text,53,17
.od,text,53,1
.py,missing,53,7
.tscn,text,53,1
appraisals,text,53,14
console,text,53,37
files,text,53,20
sendxmpp,text,53,2
.dockerignore,text,52,40
.java,missing,52,4
potfiles,text,52,25
.ex,text,51,10
.gpg,binary,51,7
.merlin,text,51,23
.ml,binary,51,14
.mllib,text,51,20
.nsi,text,51,20
.dev,text,50,26
.gdbinit,text,50,3
.h,missing,50,14
.json,binary,50,2
.make,text,50,10
.md,binary,50,13
.xhtml,text,50,4
maintainers,text,50,18
.dot,text,49,11
.frag,text,49,11
.inv,binary,49,9
.klpw,text,49,1
.md,missing,49,5
.opencl,text,49,1
.pkl,binary,49,2
.ppt,binary,49,4
.vapi,text,49,14
neofetch,text,49,2
plugininfo,text,49,1
portpeek,text,49,1
.deb,binary,48,5
.jucer,text,48,2
.lsm,text,48,8
.luau,text,48,1
.modified,text,48,1
.n,text,48,6
.pdf,binary,48,4
.pfb,binary,48,1
.pfm,binary,48,1
.tga,binary,48,5
.gn,text,47,4
.tcc,text,47,6
screenfetch-dev,text,47,1
.hrl,text,46,16
.iss,text,46,19
.ruby-version,text,46,27
.sample,text,46,22
obmenu-generator,text,46,1
vagrantfile,text,46,18
.cat,text,45,2
.cl,text,45,11
.cproject,text,45,16
.cudf,text,45,1
.gdml,text,45,1
.sed,text,45,20
.tokens,text,45,5
.vb,text,45,1
entries,text,45,8
gradlew,text,45,23
steamtinkerlaunch,text,45,1
.a,binary,44,9
.sh,binary,44,4
.vmsg,text,44,1
pulsemixer,text,44,1
.dasc,text,43,3
.hgignore,text,43,26
.prefs,text,43,16
.rspec,text,43,35
.tgz,archives,43,12
.xbm,text,43,6
bashmount,text,43,1
.atpy,text,42,1
.bdf,text,42,3
.beam,binary,42,1
.fypp,text,42,1
.gpr,binary,42,1
.hc,binary,42,1
.hcl,text,42,11
.j,binary,42,1
.k,binary,42,1
.rtf,text,42,11
.sc,binary,42,1
.tc,binary,42,1
dep5,text,42,11
dirs,text,42,26
tremc,text,42,1
versions,text,42,8
zram-init,text,42,2
.bin,text,41,10
.gorm,binary,41,5
.mps,text,41,6
.ttc,fonts,41,1
.version,text,41,19
git-publish,text,41,1
gitstats,text,41,1
podget,text,41,1
redoflacs,text,41,1
selecta,text,41,1
tdrop,text,41,1
.all-contributorsrc,text,40,12
.mov,text,40,1
.psd1,text,40,6
.sch,text,40,7
.sha256,text,40,13
.sor,text,40,1
.stdout,text,40,3
.te,text,40,4
jenkinsfile,text,40,21
series,text,40,20
.aff,text,39,4
.cppm,text,39,8
.git-blame-ignore-revs,text,39,22
.gns3a,text,39,2
.wakka,text,39,1
fontpreview,text,39,1
pkg-info,text,39,9
.dat,binary,38,10
.in,binary,38,13
.ispc,text,38,1
.j2,text,38,9
.lfm,text,38,2
.libretro,text,38,3
.sld,text,38,3
.ss,text,38,3
conf2struct,text,38,1
run-test,text,38,5
uefi-mkconfig,text,38,1
.1,binary,37,9
.aug,text,37,1
.baseline,text,37,2
.depend,text,37,15
.if,text,37,3
.ih,text,37,2
.mes,text,37,1
.neon,text,37,10
.re,text,37,3
.ronn,text,37,9
.sbt,text,37,6
bashtop,text,37,1
check_ipmi_sensor,text,37,1
hatop,text,37,1
.exs,text,36,7
.header,text,36,15
.pre,text,36,10
.py,binary,36,5
.qml,missing,36,1
.supp,text,36,25
.sys,binary,36,6
easyrsa,text,36,1
faq,text,36,20
git-restore-mtime,text,36,1
libtool,text,36,10
pastebinit,text,36,1
shelldap,text,36,1
testoutput,text,36,1
.do,text,35,2
.fst,text,35,2
.lst,text,35,12
.mtr,binary,35,1
.odocl,text,35,17
.sha,text,35,1
.status,text,35,12
.tres,text,35,1
.try,text,35,1
.tt,text,35,5
configure~,text,35,3
doasedit,text,35,1
status,text,35,2
unsymlink-lib,text,35,1
xfs_undelete,text,35,1
.apk,archives,34,1
.default,text,34,16
.dita,text,34,1
.luacheckrc,text,34,20
.obj,text,34,9
.pgm,binary,34,3
.source,text,34,10
changes,binary,34,6
hacking,text,34,23
.astro,text,33,3
.br,binary,33,1
.chm,binary,33,7
.pl,binary,33,5
.rl,text,33,8
.wat,text,33,15
clatd,text,33,1
fff,text,33,1
makevars,text,33,25
moderate-post,text,33,1
postgrey_whitelist_clients,text,33,1
wgetpaste,text,33,1
.acs,text,32,2
.article,text,32,1
.cert,text,32,18
.cff,text,32,19
.gcc,text,32,9
.ja,text,32,10
.jsx,text,32,5
.launch,text,32,4
.lean,text,32,1
.metadata,text,32,5
.mf,text,32,10
.odt,archives,32,11
.sin,text,32,11
.ver,text,32,7
bugs,text,32,20
contributors,binary,32,3
cwdiff,text,32,1
image1,pictures,32,1
image2,pictures,32,1
image3,pictures,32,1
image4,pictures,32,1
image5,pictures,32,1
image6,pictures,32,1
image7,pictures,32,1
image8,pictures,32,1
image9,pictures,32,1
latexdiff,text,32,1
licence,text,32,17
mate-tweak,text,32,1
nerdfetch,text,32,1
result_--passwords demopass,text,32,1
result_--passwords demopass --verbose,text,32,1
root,text,32,6
unoconv,text,32,1
xpanes,text,32,1
.cson,text,31,1
.jpeg,pictures,31,6
.odin,text,31,2
innotop,text,31,1
installkernel,text,31,2
pgbadger,text,31,1
repository,text,31,5
url-select,text,31,1
.apt,text,30,3
.bsh,text,30,2
.elpi,text,30,1
.envrc,text,30,26
.eot,fonts,30,11
.its,text,30,5
.lfe,text,30,1
.override,text,30,2
.pbm,binary,30,2
.ru,text,30,8
.tfm,binary,30,1
.user,text,30,8
.win,text,30,15
02video-cards,text,30,1
betterlockscreen,text,30,1
dehydrated,text,30,1
functions,text,30,6
git-filter-repo,text,30,1
hyprshot,text,30,1
tabbedex,text,30,1
terminal-colors,text,30,1
.c,missing,29,4
.cc,binary,29,3
.cdata,binary,29,1
.dirs,text,29,15
.docs,text,29,20
.eselect,text,29,5
.gpx,text,29,1
.jpg,binary,29,2
.nuspec,text,29,12
.rc,binary,29,16
.sam,text,29,2
.sha512,text,29,13
.spec,binary,29,2
.svgz,archives,29,3
dex,text,29,1
googletest,missing,29,8
inxi,text,29,1
manpages,text,29,8
porticron,text,29,1
requests,text,29,11
seekwatcher,text,29,1
split2flac,text,29,1
.comp,text,28,6
.fwb,text,28,1
.hlsl,text,28,6
.nelua,text,28,1
.ok,text,28,5
.stmt,text,28,1
.structure,text,28,1
.tar,text,28,5
.xv,binary,28,1
buck,text,28,8
imgurbash2,text,28,1
sec,text,28,1
shutter,text,28,1
.claws_themeinfo,text,27,1
.cppo,text,27,2
.cst,text,27,1
.cststream,text,27,1
.elpaignore,text,27,19
.ids,text,27,6
.jl,text,27,5
.keep,text,27,15
.ktx2,text,27,1
.mdown,text,27,3
.menu,text,27,6
.mmtf,binary,27,1
.pump,text,27,5
.shtml,text,27,1
.swg,text,27,1
.vpj,text,27,1
.writerperfect,text,27,1
.zs,text,27,1
01input-devices,text,27,1
core,missing,27,4
eldev,text,27,11
lib,missing,27,2
mkl-dnn,missing,27,1
sconstruct,text,27,9
shunit2,text,27,4
wpa_supplicant,text,27,1
.0,binary,26,4
.cnf,text,26,11
.dict,text,26,7
.dll,text,26,2
.info,binary,26,6
.init,text,26,14
.mbd,text,26,1
.out,binary,26,6
.plo,text,26,1
.resolved,text,26,21
.skip,text,26,19
.xlf,text,26,1
check_lm_sensors,text,26,1
earthfile,text,26,4
license-mit,text,26,15
omakefile,text,26,2
tbsm,text,26,1
themerc,text,26,5
.classes,text,25,4
.doc,binary,25,6
.jj,text,25,5
.lpr,text,25,3
.msg,text,25,5
.nvmrc,text,25,6
.options,text,25,14
.png,failed:pictures,25,4
.sexp,text,25,3
.texinfo,text,25,2
.wiki,text,25,5
ar-lib,text,25,14
chroot-wrapper,text,25,1
getuto,text,25,1
grimblast,text,25,1
tpacpi-bat,text,25,1
tpm,text,25,1
.b,text,24,3
.cabal,text,24,7
.cdr,archives,24,1
.cgi,text,24,11
.commandline,text,24,1
.cpd,binary,24,1
.doc,text,24,8
.edn,text,24,2
.enc,text,24,4
.glob,text,24,2
.json,missing,24,1
.lng,binary,24,2
.mod,archives,24,1
.plugin,text,24,3
.pm,binary,24,3
.python-version,text,24,16
.tab,text,24,8
.targets,text,24,9
.tlog,text,24,2
.unix,text,24,11
.vtest,text,24,1
cdm,text,24,1
check_openvpn,text,24,1
git-fixup,text,24,1
image10,pictures,24,1
image11,pictures,24,1
image12,pictures,24,1
image13,pictures,24,1
image14,pictures,24,1
tessen,text,24,1
workspace,text,24,18
.10,text,23,9
.4,binary,23,6
.buckconfig,text,23,5
.cat,binary,23,6
.changelog,text,23,2
.desc,text,23,5
.disabled,text,23,11
.effect,text,23,2
.entitlements,text,23,7
.gmo,catalogs,23,4
.hints,text,23,2
.mako,text,23,4
.manifest,text,23,11
.odp,archives,23,4
.pde,text,23,2
.preamble,text,23,3
.pxi,text,23,6
.right,text,23,2
.rkt,text,23,1
.sml,text,23,2
.sprite,text,23,1
.swp,binary,23,12
.td,text,23,5
.upstream,text,23,2
.utf-8,text,23,4
.win1,text,23,2
make_doc,text,23,9
postinst,text,23,17
pylintrc,text,23,9
tlsa,text,23,1
.examples,text,22,14
.export,text,22,1
.hwdb,text,22,2
.lintian-overrides,text,22,6
.linux,text,22,14
.luacov,text,22,8
.metal,text,22,5
.nn,binary,22,1
.pyw,text,22,2
.rd,text,22,1
.tlg,text,22,3
.vim,binary,22,1
.xml,missing,22,3
benchmark,missing,22,3
biosdisk,text,22,1
e-file,text,22,1
engine,missing,22,1
icdiff,text,22,1
needrestart,text,22,1
pointer,cursors,22,4
x86-64-level,text,22,1
xbacklight,text,22,1
.12,text,21,8
.58,binary,21,1
.ans,binary,21,2
.bak,text,21,10
.document,text,21,19
.empty,text,21,7
.faceup,binary,21,1
.for,text,21,1
.htaccess,text,21,6
.mac,text,21,5
.patch,binary,21,2
.peg,text,21,2
.ppb,archives,21,1
.rpath,text,21,16
.rpm,binary,21,2
.trees,text,21,1
diffmask,text,21,1
dzr,text,21,1
eless,text,21,1
make_vkroots,text,21,1
poolmon,text,21,1
test-driver,text,21,16
.32,text,20,2
.ci,text,20,4
.ecr,text,20,2
.env,text,20,13
.git-id,text,20,1
.jhm,text,20,1
.mexmaci64,binary,20,1
.mlir,text,20,3
.moon,text,20,2
.osx,text,20,8
.p,text,20,5
.params,text,20,3
.postinst,text,20,14
.result,text,20,2
.suo,binary,20,7
.v36,text,20,1
.vc6,binary,20,1
.wxi,text,20,4
.xib,text,20,5
alias,cursors,20,4
default,cursors,20,4
draft,cursors,20,4
font-size,text,20,1
hprofile,text,20,1
left-arrow,cursors,20,4
left_side,cursors,20,4
merge-usr,text,20,1
no-drop,cursors,20,4
pram,text,20,1
ps3pf_utils,text,20,1
right-arrow,cursors,20,4
right_side,cursors,20,4
size_bdiag,cursors,20,4
size_fdiag,cursors,20,4
size_hor,cursors,20,4
size_ver,cursors,20,4
syncoid,text,20,1
testargs,text,20,1
top_side,cursors,20,4
wayland-cursor,cursors,20,4
.04,text,19,6
.app,text,19,6
.base,text,19,6
.base64,text,19,1
.com,text,19,8
.data,binary,19,5
.devtools,text,19,7
.files,text,19,5
.gmi,text,19,3
.gmk,text,19,4
.ld,text,19,9
.lzma,binary,19,3
.manpages,text,19,11
.mkdn,text,19,4
.msc,text,19,7
.msvc,text,19,9
.opt,text,19,7
.pcss,text,19,1
.textile,text,19,5
.ubuntu,text,19,9
.vf,binary,19,1
.win2,text,19,2
.win3,text,19,2
.yas-parents,text,19,2
ansiweather,text,19,1
authors,binary,19,12
bottom_left_corner,cursors,19,4
bottom_right_corner,cursors,19,4
elogv,text,19,1
input1,text,19,1
libinput-gestures,text,19,1
mw,text,19,1
pre-commit,text,19,13
top_left_corner,cursors,19,4
top_right_corner,cursors,19,4
txt2man,binary,19,1
youtube-viewer,text,19,1
.60,binary,18,1
.64,text,18,1
.ans,text,18,3
.blend,binary,18,2
.body,text,18,1
.c++,text,18,3
.cc,missing,18,1
.csv,binary,18,2
.cuh,text,18,7
.dfa,text,18,1
.dsc,text,18,5
.f90_template,text,18,1
.g3,text,18,1
.go-version,text,18,6
.grp,text,18,2
.hdf,binary,18,1
.hex,text,18,5
.idl,text,18,6
.mkv,binary,18,2
.npmignore,text,18,13
.policy,text,18,11
.query,text,18,1
.sps,text,18,1
.tiff,failed:pictures,18,2
.xls,binary,18,3
.y,binary,18,1
clean,text,18,14
epkg,text,18,1
igal2,text,18,1
license-apache,text,18,8
lint,text,18,10
listed,text,18,1
makedefs,text,18,1
pius-keyring-mgr,text,18,1
result_--passwords demopass --no-color,text,18,1
result_--passwords demopass --verbose --no-color,text,18,1
sconscript,text,18,6
star,binary,18,1
starlong,binary,18,1
unlisted,text,18,1
wiki2beamer,text,18,1
.arm,text,17,3
.asis,text,17,1
.at,text,17,6
.bbcode,text,17,3
.bp,text,17,10
.changes,text,17,10
.css_t,text,17,6
.ctags,text,17,2
.db,binary,17,11
.dig,text,17,1
.ditamap,text,17,1
.docx,archives,17,6
.ent,text,17,2
.faceup,text,17,2
.input,text,17,3
.jpg,text,17,3
.layout,text,17,3
.lesser,text,17,13
.libyaml,text,17,14
.pnach,text,17,1
.rb,binary,17,1
.tags,text,17,1
.templates,text,17,1
.wasm,binary,17,6
.wxl,text,17,2
audiotag,text,17,1
bookman,text,17,1
brotli,missing,17,4
bsdl,text,17,17
building,text,17,6
buku,text,17,1
cname,text,17,14
common,text,17,4
ffmpeg,binary,17,1
fleur,cursors,17,3
ghidra,text,17,1
makedist,text,17,2
mit,text,17,5
mit-license,text,17,12
options,text,17,12
php-cs-fixer,binary,17,4
prettyping,text,17,1
unrpa,text,17,1
update-ipsets,text,17,1
xkcd,text,17,1
.11,text,16,6
.als,text,16,1
.args,text,16,2
.balance,text,16,1
.csv_expected_1,text,16,1
.csx,text,16,2
.deps,text,16,4
.descr,text,16,9
.emitter-error,text,16,1
.fig,text,16,1
.gen,text,16,3
.git,text,16,8
.m3u,text,16,2
.mdb,binary,16,1
.mexw64,binary,16,1
.mod,binary,16,2
.nu,text,16,3
.odg,archives,16,2
.pip,text,16,5
.riff-output,text,16,1
.snippets,text,16,3
.tads,text,16,1
.timer,text,16,6
.tool-versions,text,16,11
.vert,text,16,4
.vimspec,text,16,2
.whl,archives,16,2
.xcconfig,text,16,5
.xslt,text,16,8
.ys,text,16,3
06-9e-0d,binary,16,1
_portage,text,16,1
chkcrontab,text,16,1
devtools,missing,16,4
gtk-youtube-viewer,text,16,1
imapsync,text,16,1
mymefetch,text,16,1
news,binary,16,7
notes,text,16,6
owners,text,16,10
rules-quot,text,16,12
tenshi,text,16,1
update-version,text,16,3
waldl,text,16,1
.2,binary,15,2
.3mf,archives,15,3
.aj,text,15,2
.caf,binary,15,1
.de,text,15,4
.doap,text,15,8
.dpa,archives,15,1
.en,text,15,7
.fd,text,15,2
.g,binary,15,2
.ggb,archives,15,1
.htcl,text,15,1
.include,text,15,6
.jsonproto,text,15,1
.nojekyll,text,15,10
.nsh,text,15,7
.nw,text,15,1
.pin,text,15,1
.ppd,text,15,3
.pptx,archives,15,4
.run,text,15,6
.sxd,archives,15,1
.vcf,text,15,2
.yardopts,text,15,13
06-55-07,binary,15,1
06-7e-05,binary,15,1
06-8e-0c,binary,15,1
arno-iptables-firewall,text,15,1
athfhocail,text,15,1
autogen,text,15,8
deps,text,15,6
env,text,15,5
git-flow-version,text,15,1
glog,missing,15,1
lyfetch,text,15,1
metadata,text,15,12
mvnw,text,15,10
ponies,text,15,1
rails,text,15,4
releases,text,15,4
todo,binary,15,7
txt2html,text,15,1
update-check,text,15,7
vdr,text,15,1
xerr,text,15,1
.59,binary,14,1
.7,binary,14,2
.about,text,14,2
.cast,text,14,4
.checkstyle,text,14,3
.control,text,14,5
.defs,text,14,6
.drw,binary,14,1
.eot,text,14,2
.epsu,text,14,1
.fc,text,14,4
.fold,text,14,1
.jinja2,text,14,4
.jsonc,text,14,7
.kdbx,binary,14,1
.lds,text,14,3
.lm,text,14,1
.lpi,text,14,2
.mdwn,text,14,1
.mldylib,text,14,7
.mor,text,14,1
.natvis,text,14,6
.news,text,14,4
.omf,text,14,2
.parquet,binary,14,1
.pkg,text,14,4
.pp,text,14,2
.ppd,binary,14,1
.st,text,14,2
.tests,text,14,6
.ttf,missing,14,1
.v16,text,14,1
.word-freq,text,14,1
.zst,binary,14,3
00lastchange,text,14,1
06-9a-03,binary,14,1
06-9a-04,binary,14,1
06-9e-0a,binary,14,1
06-9e-0c,binary,14,1
_gentoolkit,text,14,1
autojump,text,14,1
catalyst-lab,text,14,1
fixes,text,14,1
gen_compat_def,text,14,1
git-version-gen,text,14,8
icmconf,text,14,2
imakefile,text,14,5
lsb_release,text,14,1
oet,text,14,1
releasenote,text,14,1
robtk,missing,14,1
splatmoji,text,14,1
timeshift-autosnap,text,14,1
verify,text,14,3
xsr,text,14,1
.22,text,13,5
.9,text,13,4
.bazelrc,text,13,10
.brd,text,13,3
.cbp,text,13,7
.cmakein,text,13,7
.ctst,text,13,1
.device,text,13,1
.dump,text,13,5
.error,text,13,1
.gappkg,text,13,6
.helper,text,13,2
.imp,text,13,5
.ino,text,13,2
.jinja,text,13,4
.lo,text,13,2
.metrics,text,13,1
.misc,text,13,4
.php_cs,text,13,3
.plux,text,13,1
.podspec,text,13,5
.readme,text,13,7
.req,text,13,2
.tbl,text,13,3
.terms,text,13,4
.test,binary,13,4
.toc,text,13,6
.types,text,13,7
06-55-04,binary,13,1
06-6a-06,binary,13,1
06-97-02,binary,13,1
06-97-05,binary,13,1
06-a7-01,binary,13,1
06-bf-02,binary,13,1
06-bf-05,binary,13,1
90_sw_notify,text,13,1
backup-manager,binary,13,1
bottom_side,cursors,13,4
classes,text,13,2
command-not-found,text,13,1
dat2mtx,binary,13,1
dstat,text,13,1
generate_readme,text,13,5
huettel2mtx,binary,13,1
install-dependencies,text,13,3
log_debug,text,13,6
log_error,text,13,6
log_warning,text,13,6
lolibc,missing,13,1
makefile_linux24x,text,13,2
nwg-menu,binary,13,1
openrgb,missing,13,2
pfl,text,13,1
spyview,binary,13,1
src2man,text,13,1
test_imagedata,binary,13,1
toeno2mtx,binary,13,1
unfoo,text,13,1
update_rubygems_and_install_bundler,text,13,3
xelb-gen,text,13,1
.13,text,12,5
.14,text,12,4
.15,text,12,5
.20,text,12,4
.21,text,12,4
.air,archives,12,1
.alpine,text,12,10
.bashrc,text,12,4
.bb,text,12,7
.bigrams,text,12,1
.bsd,text,12,7
.c3,text,12,1
.cake,text,12,3
.capnp,text,12,2
.centos,text,12,5
.clangarm64,text,12,1
.cljs,text,12,1
.css,missing,12,3
.decls,text,12,4
.dedup,text,12,1
.docker,text,12,4
.enc,binary,12,7
".html""",missing,12,2
.mat,binary,12,1
.match,text,12,1
.mplus,text,12,1
.new,text,12,5
.odb,archives,12,1
.postrm,text,12,6
.ref,binary,12,1
.reg,text,12,7
.rng,text,12,6
.sf2,binary,12,1
.sh,missing,12,2
.shared,text,12,3
.siard,archives,12,1
.size,text,12,1
.srl,text,12,4
.systemd,text,12,3
.tab,binary,12,1
.tape,text,12,3
.ttar,text,12,5
06-55-06,binary,12,1
06-8c-01,binary,12,1
06-8e-09,binary,12,1
06-8e-0a,binary,12,1
06-8e-0b,binary,12,1
06-9e-09,binary,12,1
06-9e-0b,binary,12,1
06-a6-00,binary,12,1
06-b7-01,binary,12,1
announce,text,12,4
buildlib,text,12,3
bundle,text,12,8
cleanup,text,12,3
clone_all_rspec_repos,text,12,2
common,missing,12,2
contributing,text,12,10
dat2pgm,binary,12,1
h2o,text,12,1
jefferson,text,12,1
keyboard-select,text,12,1
libfritz++,missing,12,1
liquidprompt,text,12,1
log_info,text,12,6
log_output,text,12,6
log_status,text,12,6
mate,text,12,1
picocom,text,12,2
pius,text,12,1
publish,text,12,4
relnotes,text,12,3
run-tests,text,12,7
run_build,text,12,2
run_rubocop,text,12,2
set_property,text,12,1
source,text,12,4
spybrowse,binary,12,1
spypal,binary,12,1
stminfo,binary,12,1
testsuite,text,12,3
troll,missing,12,3
txt2man,text,12,1
.23,text,11,4
.6,binary,11,3
.ai,text,11,1
.append,text,11,1
.binpb,binary,11,8
.bor,text,11,4
.cjs,text,11,9
.config-example,text,11,1
.csd,text,11,1
.csr,text,11,5
.defaults,text,11,4
.dep,text,11,6
.dylib,missing,11,1
.escript,text,11,4
.false_positive,text,11,1
.fish-completion,text,11,2
.freebsd,text,11,10
.gitrepo,text,11,5
.json-example,text,11,1
.list-ref,text,11,1
.lkt,text,11,2
.nl,text,11,2
.pdb,text,11,3
.pickle,binary,11,4
.pkgproj,text,11,4
.rnc,text,11,5
.sass,text,11,4
.self,text,11,2
.stg,text,11,2
.substvars,text,11,4
.todo,text,11,5
.ts,missing,11,1
.wl,text,11,1
.wsdl,text,11,2
.xboxdrv,text,11,1
.xcu,text,11,4
.yamllint,text,11,10
06-55-03,binary,11,1
06-7a-01,binary,11,1
06-8d-01,binary,11,1
06-8f-07,binary,11,1
06-8f-08,binary,11,1
06-ba-02,binary,11,1
06-ba-03,binary,11,1
_portage_utils,text,11,1
abyss-pe,text,11,1
adebar-cli,text,11,1
artprint,text,11,1
bin,missing,11,1
cadubi,text,11,1
cbuild,text,11,2
cdm-xlaunch,text,11,1
check_packages,text,11,6
ci-test,text,11,7
deny-post,text,11,1
earraidi,text,11,1
frame,text,11,2
g-cpan,text,11,1
gilles2mtx,binary,11,1
input2,text,11,1
ipcalc,text,11,1
latexdiff-vc,text,11,1
libcrafter,missing,11,1
libuwifi,missing,11,1
mailsync,text,11,2
mtxdiff,binary,11,1
openpgpkey,text,11,1
pius-report,text,11,1
pkg-descr,text,11,2
pointers,text,11,1
portspoof,text,11,1
qemush,text,11,1
result_--passwords demopass --mask-passwords,text,11,1
result_--passwords demopass --no-color --mask-passwords,text,11,1
result_--passwords demopass --verbose --mask-passwords,text,11,1
result_--passwords demopass --verbose --no-color --mask-passwords,text,11,1
sanoid,text,11,1
stamp-h1,text,11,6
tags,text,11,7
torque-build,text,11,1
translation,missing,11,1
ttar,text,11,7
ufetch-debian,text,11,1
ufetch-linuxlite,text,11,1
ufetch-nixos,text,11,1
waf,binary,11,4
wait-post,text,11,1
wslu-header,text,11,1
yara,missing,11,1
zsh-completion,text,11,3
.24,text,10,4
.5,binary,10,2
.8,binary,10,3
.as,text,10,4
.bin-ref,binary,10,1
.busted,text,10,8
.clangd,text,10,7
.codespellrc,text,10,9
.cpp,missing,10,5
.creole,text,10,2
.c~,text,10,2
.dir,text,10,5
.dl,text,10,1
.drv,text,10,2
.elvts,text,10,1
.emx,text,10,3
.exports,text,10,5
.expout,text,10,1
.frm,text,10,3
.godot,text,10,1
.graphql,text,10,2
.json5,text,10,7
.jxl,binary,10,1
.key,binary,10,1
.la,text,10,4
.lcl,text,10,1
.mli,missing,10,1
.mlt,missing,10,1
.modulemap,text,10,6
.mscx,text,10,1
.mustache,text,10,3
.nd,text,10,1
.nex,text,10,2
.pam,text,10,2
.pbxuser,text,10,5
.prj,text,10,2
.pyj,text,10,1
.qtpl,text,10,1
.qxp,text,10,1
.responses,text,10,1
.sb,text,10,1
.simplecov,text,10,9
.static,binary,10,1
.stub,text,10,1
.swap,text,10,1
.tl,text,10,2
.ucrt64,text,10,1
.wixproj,text,10,2
.xrl,text,10,2
.z,binary,10,3
06-4e-03,binary,10,1
06-55-0b,binary,10,1
06-5e-03,binary,10,1
06-8c-02,binary,10,1
06-a5-02,binary,10,1
06-a5-03,binary,10,1
06-a5-05,binary,10,1
06-a6-01,binary,10,1
_gentoo_packages,text,10,1
bats-assert,missing,10,3
bazel_build,text,10,1
build_lamp,text,10,1
cfg-update,text,10,1
check_macos,text,10,6
check_rbl,text,10,1
clipboard,text,10,1
coderesources,text,10,2
composer,binary,10,4
csv-filter,text,10,1
defaults,text,10,3
display-manager,text,10,1
dool,text,10,1
dpf,missing,10,2
eselect-repo-helper,text,10,1
gp_to_mat,binary,10,1
grid_data,binary,10,1
gvgit,text,10,1
helpers,text,10,1
i3-restore,text,10,1
i3-save,text,10,1
kergen-map,text,10,1
laptop_mode,text,10,1
left_ptr_help,text,10,3
libserialport,missing,10,1
link,text,10,4
log_group,text,10,5
mtxextract,binary,10,1
ncnn,missing,10,2
ns2pgm,binary,10,1
nvx,text,10,1
ogg2mp3,text,10,1
parse-examples,text,10,6
pssh,text,10,1
python-argv0-test,text,10,2
pythonwrap-copy-test,text,10,2
rdumpfs,text,10,1
sha1sums,text,10,1
sparsetable,text,10,1
sshfp,text,10,1
tests,text,10,2
testscript,text,10,3
ufetch-arch,text,10,1
ufetch-archbang,text,10,1
ufetch-arco,text,10,1
ufetch-artix,text,10,1
ufetch-fedora,text,10,1
ufetch-openbsd,text,10,1
ufetch-popos,text,10,1
ufetch-pureos,text,10,1
unlicense,text,10,10
vrms-gentoo,text,10,1
.16,text,9,4
.17,text,9,3
.18,text,9,3
.19,text,9,3
.33,text,9,4
.9,binary,9,3
.abs,text,9,1
.ac,binary,9,1
.artifact,text,9,1
.asice,archives,9,1
.atd,text,9,1
.bi,text,9,2
.brewfile,text,9,6
.buildinfo,text,9,6
.bzrignore,text,9,6
.completion,text,9,5
.der,binary,9,2
.description,text,9,1
.detect,text,9,1
.dvi,binary,9,1
.elv,text,9,4
.fmf,text,9,5
.fz,text,9,1
.hevc,binary,9,1
.imap,text,9,1
.img,binary,9,2
.isph,text,9,2
.js,missing,9,1
.me,text,9,1
.mega,text,9,1
.mill,text,9,1
.missing,text,9,1
.ml4,text,9,3
.mms,text,9,5
.muttrc,text,9,1
.ocio,text,9,1
.os2,text,9,6
.pal,binary,9,2
.pom,text,9,3
.psd,binary,9,4
.qc,text,9,1
.rdf,text,9,4
.rpkg,text,9,3
.rsp,text,9,3
.s2p,text,9,1
.snapshot,text,9,2
.socket,text,9,8
.spvasm,text,9,3
.storyboard,text,9,2
.tadb,text,9,1
.tar,archives,9,4
.txt,missing,9,7
.umockdev,text,9,1
.vcd,text,9,1
.w32,text,9,4
.wingetfile,text,9,6
06-6c-01,binary,9,1
06-7a-08,binary,9,1
06-be-00,binary,9,1
41_snapshots-btrfs,text,9,1
aliases,text,9,2
aws_s3_object_manifests-etcdmanager-events-master-us-test1-a_content,text,9,1
aws_s3_object_manifests-etcdmanager-main-master-us-test1-a_content,text,9,1
btrfsmaintenance-functions,text,9,1
catch2,missing,9,5
cdmrc,text,9,1
check,text,9,4
check-error,text,9,2
ci-lint,text,9,6
cloc,text,9,1
closedhand,text,9,3
conf,text,9,2
cowsay,text,9,1
dependfile,text,9,1
do_install,text,9,1
donations,text,9,1
e-resize,text,9,3
en,text,9,1
environment,text,9,2
fmawk-previewer,text,9,1
gall,text,9,1
gallainm-f,text,9,1
git-flow-release,text,9,1
hostname,text,9,2
import,text,9,4
index,text,9,7
ja,text,9,2
jquery-ui,missing,9,1
lha-test20,text,9,1
logmerge,text,9,1
main,text,9,4
n-resize,text,9,3
nohang,text,9,1
pihole,text,9,1
pointing_hand,text,9,3
prerm,text,9,7
pulseaudio-dlna,text,9,1
rake,text,9,6
read_codesign,text,9,6
read_codesign_installer,text,9,6
read_codesign_pass,text,9,6
read_codesign_user,text,9,6
s-resize,text,9,3
servefile,text,9,1
setup_ccache,text,9,6
shared,missing,9,1
sources,text,9,5
syslog-summary,text,9,1
tatt,text,9,1
thanks,binary,9,6
tld_serv_list,text,9,1
ufetch-alpine,text,9,1
ufetch-antergos,text,9,1
ufetch-centos,text,9,1
ufetch-elementary,text,9,1
ufetch-mageia,text,9,1
ufetch-mint,text,9,1
ufetch-ubuntu,text,9,1
ufetch-voyager,text,9,1
vspec,text,9,1
w-resize,text,9,3
wiki,missing,9,2
.7z,binary,8,3
.alias,text,8,4
.b,binary,8,2
.bnk,text,8,1
.bz2,text,8,2
.cls,text,8,4
.conf-dist,text,8,2
.csh,text,8,5
.cub,text,8,1
.dirstamp,text,8,3
.done,text,8,1
.earth,text,8,1
.eml,text,8,3
.exclude,text,8,4
.f90,binary,8,1
.fa,text,8,3
.fedora,text,8,3
.fsck,text,8,2
.fxc,binary,8,1
.g3d,binary,8,1
.h2m,text,8,1
.ins,text,8,3
.ivpk,binary,8,1
.local,text,8,4
.lp,text,8,3
.luaurc,text,8,1
.macos,text,8,5
.mak,binary,8,2
".md""",missing,8,4
.meson,text,8,5
.mingw64,text,8,2
.mmp,text,8,2
.mpac,binary,8,3
.nemo_action,text,8,1
.obuild,text,8,1
.out_exp,text,8,1
.partab,binary,8,1
.pdf,text,8,3
.pylint,text,8,2
.raw,binary,8,4
.reference,text,8,3
.remote,text,8,2
.scad,text,8,1
.scm,binary,8,2
.shed,text,8,1
.slnx,text,8,4
.stamp,text,8,2
.stl,binary,8,2
.svelte,text,8,2
.swf,binary,8,7
.tac,text,8,1
.typ,text,8,3
.units,text,8,1
.vlw,binary,8,1
.win32,text,8,6
.windows,text,8,4
.xsh,text,8,2
.yy,text,8,5
06-8f-05,binary,8,1
06-8f-06,binary,8,1
about-nls,text,8,6
all,text,8,5
ani-cli,text,8,1
asciiquarium,text,8,1
circle,text,8,2
cross,text,8,2
dnd-copy,text,8,2
dockerfile_build,text,8,3
finish,text,8,1
fstab,text,8,2
fstransform-sh,text,8,1
gallainm-b,text,8,1
ghactions-release,text,8,1
git-flow-init,text,8,1
gno,text,8,1
gpl,text,8,6
growpart,text,8,1
gtest-parallel,text,8,1
guardfile,text,8,5
help,text,8,6
image15,pictures,8,1
image16,pictures,8,1
image17,pictures,8,1
image18,pictures,8,1
image19,pictures,8,1
image20,pictures,8,1
image21,pictures,8,1
image22,pictures,8,1
image23,pictures,8,1
image24,pictures,8,1
image25,pictures,8,1
image26,pictures,8,1
image27,pictures,8,1
image28,pictures,8,1
image29,pictures,8,1
image30,pictures,8,1
image31,pictures,8,1
image32,pictures,8,1
image33,pictures,8,1
image34,pictures,8,1
image35,pictures,8,1
image36,pictures,8,1
image37,pictures,8,1
image38,pictures,8,1
image39,pictures,8,1
info,text,8,4
ipseckey,text,8,1
jack,missing,8,1
kpatch-build,text,8,1
left_ptr,text,8,2
makefile-static,text,8,1
move,text,8,2
ne-resize,text,8,2
nesw-resize,text,8,2
nw-resize,text,8,2
nwse-resize,text,8,2
ocsinventory-agent,text,8,1
parametersdefault,text,8,1
phpstan,binary,8,4
postgrey,text,8,1
pt_br,text,8,3
python,text,8,6
qt-reusable-widgets,missing,8,1
readme_en,text,8,1
readme_ja,text,8,1
rebar,binary,8,7
reek,text,8,2
run-qemu,text,8,2
runner,text,8,3
runtests,text,8,5
save-backlight,text,8,1
se-resize,text,8,2
set_url,text,8,1
shflags,text,8,1
smartypants,text,8,2
support,missing,8,1
sw-resize,text,8,2
tips,text,8,2
uam-pumount,text,8,1
ufetch-crux,text,8,1
ufetch-freebsd,text,8,1
ufetch-gentoo,text,8,1
ufetch-linux,text,8,1
ufetch-macos,text,8,1
ufetch-manjaro,text,8,1
ufetch-netbsd,text,8,1
ufetch-parabola,text,8,1
ufetch-raspbian,text,8,1
ufetch-slackware,text,8,1
ufetch-suse,text,8,1
ufetch-void,text,8,1
uglifyjs,missing,8,1
volume-pipewire,text,8,1
whats-new,text,8,1
workspace-switcher,text,8,1
.03,text,7,2
.06,text,7,2
.08,text,7,2
.2-1,text,7,1
.34,text,7,6
.android,text,7,1
.aptfile,text,7,5
.bash-completion,text,7,3
.bcb,text,7,1
.bob,text,7,1
.bt,text,7,2
.by,text,7,1
.ce4100,text,7,1
.cir,text,7,1
.cnb,text,7,1
.compiled,binary,7,3
.conf-freebsd,text,7,5
.darwin,text,7,5
.dependencies,text,7,4
.diz,text,7,4
.dmg,binary,7,2
.docopt,text,7,2
.doo,archives,7,1
.dup,text,7,1
.dxx,text,7,1
.eot,missing,7,1
.epub,archives,7,2
.ert-runner,text,7,6
.etex,text,7,2
.flex,text,7,4
.fsh,text,7,1
.ggo,text,7,2
.gif,failed:pictures,7,2
.hs,binary,7,1
.htmlref,text,7,1
.in,missing,7,4
.ini,binary,7,4
.itk,text,7,1
.jacksonmodule,text,7,1
.janet,text,7,1
.jingoo,text,7,1
.jsonl,text,7,3
.kak,text,7,2
.kdl,text,7,1
.kloak,text,7,2
.lock,binary,7,1
.macosx,text,7,4
.makefile,text,7,4
.mlg,text,7,1
.mnd,text,7,1
.mode1,text,7,3
.mode1v3,text,7,3
.mp4,binary,7,4
.mts,text,7,4
.partac,binary,7,1
.png,binary,7,4
.post,text,7,3
.pub,binary,7,2
.pub,text,7,6
.pws,text,7,1
.pylint-spelling-words,text,7,4
.ql,text,7,2
.rar,binary,7,2
.res,binary,7,4
.rfa,binary,7,1
.robot,text,7,2
.sas,text,7,4
.schema,text,7,2
.scr,text,7,1
.set,text,7,3
.shellcheck,text,7,2
.shutdown,text,7,2
.skip-ext,text,7,1
.slurp,text,7,1
.spv,binary,7,3
.star,text,7,3
.svn-base,text,7,1
.udev,text,7,4
.valgrind,text,7,3
.vim-version,text,7,1
.vrresources,text,7,1
.weekly,text,7,2
.woff,missing,7,1
.woff2,missing,7,1
.wxg,text,7,2
.x86,text,7,2
.xaml,text,7,2
.xdl,text,7,1
.xmlref,text,7,1
.zodziai,binary,7,1
06-cf-02,binary,7,1
announcement,text,7,3
ax_nagios_get_ssl,text,7,1
backup-manager-upload,text,7,1
bats-format-junit,text,7,1
bottom_side,failed:cursors,7,1
brewfile,text,7,5
build-macos,text,7,5
check_linux,text,7,5
check_puppetagent,text,7,1
checklist,text,7,3
ci-build-libsass,text,7,2
containerfile,text,7,5
credits,binary,7,6
daoine,text,7,1
devices,text,7,1
dist,text,7,4
dockerfile-release,text,7,2
documentation,text,7,1
eachtar,text,7,1
eapi,text,7,2
firehol,text,7,1
for,text,7,1
fpdns,text,7,1
git-flow-feature,text,7,1
gnulib,missing,7,4
history-list,text,7,1
if,text,7,1
jedi,missing,7,1
ll_angle,text,7,2
lr_angle,text,7,2
make,text,7,5
makefile-shared,text,7,1
manual,text,7,3
md5sums,text,7,4
musaka,text,7,1
news-ru,text,7,1
not-installed,text,7,6
osdetection,text,7,1
portfile,text,7,2
postrm,text,7,6
rc,text,7,1
readme_macosx,text,7,1
redistmaker,text,7,1
run_test,text,7,1
sanity,text,7,3
saoconfig,text,7,2
set_loglevel,text,7,5
setup_linux,text,7,5
setup_macos,text,7,5
setup_obs,text,7,5
setup_ubuntu,text,7,5
simple,binary,7,1
src-to-paps,text,7,1
test_file,text,7,2
tetris,text,7,1
uam-pmount,text,7,1
ul_angle,text,7,2
unit_tests,text,7,1
ur_angle,text,7,2
wait,text,7,1
whence,text,7,1
wl-info,text,7,1
yoshimi_user_guide_version,text,7,1
zsh_completion,text,7,2
.01,text,6,2
.02,text,6,2
.05,text,6,2
.61,binary,6,1
.a,text,6,2
.abi,text,6,3
.ace,binary,6,1
.adoc,missing,6,2
.aff,binary,6,1
.ahf,text,6,1
.ap_,archives,6,1
.astub,text,6,1
.b64,text,6,2
.bamstat,text,6,1
.bed,text,6,2
.bml,text,6,2
.bootfiles,text,6,5
.builder,text,6,2
.cbproj,text,6,2
.cif,text,6,3
.contrib,text,6,4
.cross,text,6,2
.d,missing,6,3
.de,binary,6,4
.debug,text,6,3
.defines,text,6,1
.dia,archives,6,1
.diff,binary,6,4
.dj2,text,6,4
.drom,text,6,1
.dumper-error,text,6,1
.eclass,text,6,1
.enl,archives,6,1
.enlx,archives,6,1
.euc,binary,6,1
.events,text,6,1
.exclude-bind,text,6,1
.exit,text,6,2
.expsym,text,6,2
.fm,binary,6,1
.frequent,text,6,1
.g9b,text,6,1
.gcov,text,6,1
.gleam,text,6,1
.gpl,text,6,6
.graphml,text,6,2
.gv,text,6,3
.h5,binary,6,1
.hpp11,text,6,2
.htm,binary,6,1
.html_cfg,text,6,2
.ico,text,6,3
.ids,binary,6,4
.ignore,text,6,6
.internal,text,6,3
.jq,text,6,5
.kcfg,text,6,2
.kl,text,6,1
.lang,text,6,2
.latest,text,6,2
.ldif,text,6,2
.linux32,binary,6,2
.linux64,binary,6,2
.liquid,text,6,1
.llext,binary,6,1
.loc,text,6,3
.lus,text,6,1
.lvt,text,6,1
.m,binary,6,2
.moc,text,6,1
.myco,text,6,1
.namespace,text,6,1
.ne2,text,6,1
.nims,text,6,3
.nosearch,text,6,6
.ocamlformat-ignore,text,6,5
.ociom,text,6,1
.ocp-indent,text,6,6
.ofx,text,6,1
.pam-mysql,text,6,1
.partaa,failed:archives,6,1
.pcapng,binary,6,3
.plan,text,6,6
.preinst,text,6,3
.python,text,6,3
.qpg,text,6,4
.rdoc_options,text,6,5
.recipes,text,6,1
.rej,text,6,3
.rhtml,text,6,2
.rig,text,6,1
.scdoc,text,6,1
.spv,archives,6,1
.srcinfo,text,6,2
.sto,binary,6,1
.store,text,6,1
.stylespace,text,6,2
.tbd,text,6,3
.theme,binary,6,1
.tif,pictures,6,5
.treetop,text,6,1
.tzip,archives,6,1
.uts,text,6,2
.var,text,6,2
.vardai,binary,6,1
.vb,binary,6,1
.vh,text,6,1
.vimup,text,6,2
.vms,text,6,2
.vrdrivermanifest,text,6,1
.vsd,binary,6,3
.vsh,text,6,2
.wad,binary,6,1
.xs,text,6,2
.xxd,text,6,2
.zck,binary,6,1
.ztst,text,6,1
06-56-05,binary,6,1
06-5c-09,binary,6,1
06-5c-0a,binary,6,1
06-5f-01,binary,6,1
06-8a-01,binary,6,1
06-96-01,binary,6,1
06-aa-04,binary,6,1
10mount,text,6,1
_gentoo_repos,text,6,1
_zram-init,text,6,1
about,text,6,2
aitiuil,text,6,1
appscol,text,6,1
asia,text,6,1
asm_ghidra,text,6,1
author,text,6,4
bashrc,text,6,3
bats-support,missing,6,3
biber,text,6,1
btrfs-assistant-launcher,text,6,1
build-packages,text,6,1
build-ubuntu,text,6,5
cakefile,text,6,1
cgi_memo,text,6,1
check-decode,text,6,2
check-options,text,6,1
checkrecipe,text,6,1
checksum,text,6,2
connman-notify,text,6,1
cpanfile,text,6,5
create_getargs,text,6,1
currently-used-coq-emacs-versions,text,6,1
deep-long-symlink-test,text,6,2
dense_hash_map,text,6,1
dense_hash_set,text,6,1
depgen,text,6,1
disk-functions,text,6,1
dockerfile_build_ubuntu64,text,6,1
dune-workspace,text,6,5
dzr-url,text,6,1
ee64,binary,6,1
elicense,text,6,1
firmware,text,6,1
g-octave,text,6,1
gen-version-file,text,6,2
generate-flag-types,text,6,3
git-flow-bugfix,text,6,1
git_version,text,6,1
gklib,missing,6,1
gtest,missing,6,4
gvgit-gpg-wrapper,text,6,1
i2pd,missing,6,1
initd,text,6,1
ipcgull,missing,6,1
jamroot,text,6,1
json,missing,6,3
kbuild,text,6,3
kergen,text,6,1
key-handler,text,6,2
latest,text,6,1
libpng,missing,6,5
libuv,missing,6,3
lit,text,6,1
llgalrc,text,6,1
llhttp,missing,6,1
long-path-test,text,6,2
long-symlink-test,text,6,2
lukefile,text,6,1
m64py,text,6,1
makerelease,text,6,2
manpager,text,6,1
maps,missing,6,1
marco-picom,text,6,1
md5,text,6,1
mkdebpkg,text,6,1
moar_revision,text,6,1
namespace,text,6,1
np-version-gen,text,6,1
ocamlmakefile,text,6,4
opam-switches,text,6,1
package-macos,text,6,5
parent,text,6,2
phpunit,text,6,1
pkginfo,text,6,5
places,text,6,1
power-functions,text,6,1
prove-vspec,text,6,1
prsync,text,6,1
pscp,text,6,1
python-templated-dictionary,text,6,1
pythonwrap-__file__-test,text,6,2
pythonwrap-abs-symlink-test,text,6,2
pythonwrap-argv0-test,text,6,2
pythonwrap-deep-symlink-test,text,6,2
pythonwrap-symlink-test,text,6,2
quickstart,text,6,2
releasenotes,text,6,3
rgbpm,text,6,1
rockspec,text,6,1
runtest,text,6,5
rust-toolchain,text,6,4
scripts,text,6,2
seinfo,text,6,1
sguild,text,6,1
sha512,text,6,1
shared-modules,missing,6,4
stable_version,text,6,1
stamp-vti,text,6,2
templates,text,6,2
tessconfigs,missing,6,3
test-luksmeta,text,6,1
tests,missing,6,3
translationstats,text,6,1
translators,text,6,3
try,text,6,3
tv_grab_pt_vodafone,text,6,1
ufetch-devuan,text,6,1
ufetch-gnewsense,text,6,1
ufetch-hyperbola,text,6,1
ufetch-mx,text,6,1
uninstall,text,6,2
userstore-remote,text,6,1
values,text,6,1
wakeonlan,text,6,1
winetricks,text,6,1
xfce,text,6,1
xtop,text,6,1
zig-wayland,missing,6,1
-ftb-build-module,text,5,1
-ftb-fzf,text,5,1
.002,text,5,3
.07,text,5,2
.09,text,5,2
.26,text,5,3
.27,text,5,3
.56,binary,5,1
.abc,binary,5,1
.ad,text,5,1
.add,text,5,4
.aip,text,5,2
.apt,binary,5,1
.ast,text,5,1
.autocomplete__async,text,5,1
.autoconf,text,5,1
.avif,binary,5,3
.bazelversion,text,5,4
.bcc,text,5,3
.bf,text,5,1
.bigchars,text,5,1
.bnr,binary,5,1
.btrfsmaintenance,text,5,1
.buildtests,text,5,1
.cab,binary,5,2
.cache,text,5,3
.classic,text,5,1
.clf,text,5,1
.colors,text,5,2
.confd,text,5,4
.consolidate,text,5,1
.coverprofile,text,5,1
.cygport,text,5,1
.daily,text,5,1
.debugger,text,5,1
.deprecated,text,5,1
.dot,binary,5,2
.doxy,text,5,4
.doxygen,text,5,4
.dt,text,5,2
.edoc,text,5,2
.elf,binary,5,2
.fd,binary,5,2
.foma,text,5,1
.freeze,text,5,1
.gir,text,5,2
.gni,text,5,2
.gro,text,5,1
.hdr,binary,5,3
.hdr,text,5,2
.hide,text,5,1
.hourly,text,5,1
.html,missing,5,4
.icn,text,5,1
.incl,text,5,1
.info-1,text,5,1
.in~,text,5,3
.iso,binary,5,2
.jam,text,5,2
.java-version,text,5,3
.jjt,text,5,3
.legacy,text,5,2
.lex,text,5,3
.links,text,5,4
.locked,text,5,3
.log,binary,5,2
.lyx,text,5,2
.marks,text,5,2
.mm,binary,5,1
.mods,text,5,1
.monthly,text,5,1
.mpg,binary,5,2
.mst,text,5,4
.nested,text,5,1
.nfo,text,5,2
.nmake,text,5,4
.ocaml,text,5,2
.openrc-init,text,5,1
.orc,text,5,3
.oxps,archives,5,1
.pack,binary,5,3
.pandoc,text,5,3
.part,text,5,2
".pdf""",missing,5,1
.pk,binary,5,3
.pup,text,5,3
.qm,text,5,1
.qmltypes,text,5,3
.recursive,text,5,1
.redis_sentinel,text,5,1
.riscos,text,5,3
.rsf,text,5,1
.rvmrc,text,5,3
.s-exp,text,5,1
.saip,text,5,1
.say,text,5,1
.secret,binary,5,1
.settings,text,5,4
.shellcheckrc,text,5,4
.shutdown-jobs,text,5,1
.sil,text,5,1
.skel,text,5,2
.smdh,binary,5,1
.snk,binary,5,2
.so,text,5,3
.solaris,text,5,5
.stex,text,5,2
.sto,text,5,1
.tarball-version,text,5,2
.tk,text,5,2
.traviskey,text,5,2
.ua,text,5,2
.update,text,5,1
.vhd,text,5,2
.vimrc,text,5,3
.vscodeignore,text,5,3
.whitesource,text,5,5
.xcs,text,5,1
.xcscheme,text,5,4
.xcworkspacedata,text,5,5
.xlsb,archives,5,3
.xpm,binary,5,1
.yrl,text,5,1
.zip,text,5,2
0,binary,5,2
06-3f-02,binary,5,1
06-3f-04,binary,5,1
06-4f-01,binary,5,1
06-56-03,binary,5,1
06-56-04,binary,5,1
06-8f-04,binary,5,1
06-9c-00,binary,5,1
06-cf-01,binary,5,1
1,text,5,4
a2j,text,5,1
adv,text,5,1
apkbuild,text,5,3
asciicast-pipe,text,5,1
autoupnp,text,5,1
auxiliarcustomwidgets,missing,5,1
avi,text,5,1
aws-c-cal,missing,5,1
aws_s3_object_manifests-etcdmanager-events-master-us-test-1b_content,text,5,1
aws_s3_object_manifests-etcdmanager-events-master-us-test-1c_content,text,5,1
aws_s3_object_manifests-etcdmanager-main-master-us-test-1b_content,text,5,1
aws_s3_object_manifests-etcdmanager-main-master-us-test-1c_content,text,5,1
bash_completion,text,5,2
bats,missing,5,1
blackhole6,text,5,1
bndsrc,text,5,3
c,text,5,2
c-stdaux,missing,5,1
ccram,text,5,2
ceol,text,5,1
check-packet,text,5,2
check_ubuntu,text,5,5
checksums,text,5,4
chksum,text,5,1
ci-libraries-rust,missing,5,1
coccigrep,text,5,1
commit-msg,text,5,5
commoncppmakefile,text,5,1
commonjavamakefile,text,5,2
commons,text,5,1
compatible,text,5,4
conf_mac_home,text,5,1
configure-failsafe,text,5,1
coq,missing,5,1
coverage,text,5,4
cpufreqnextgovernor,text,5,1
create_usage,text,5,1
croissant,text,5,1
current,text,5,4
currently-used-coq-nix-versions,text,5,1
customize,text,5,2
data,missing,5,2
de_de,text,5,2
deb_control,text,5,1
debian,text,5,3
def,text,5,3
default-test,text,5,1
definitions,text,5,1
depend,text,5,4
descr,text,5,4
description,text,5,3
devmon,text,5,1
diff-with-without-partitions,text,5,1
doc,text,5,3
docgen,text,5,2
dot-tatt-spec,text,5,1
dunst,text,5,1
el-fetch,text,5,1
emu-els,text,5,2
enum,text,5,2
es,text,5,3
es_es,text,5,2
fajitas,text,5,1
features,text,5,3
filelist,text,5,2
footer,text,5,1
fr_fr,text,5,2
gcc,text,5,2
gen-upgrade-sets,text,5,1
generic,text,5,2
germanbash,text,5,1
git-flow-hotfix,text,5,1
gitflow-common,text,5,1
go-updater,text,5,1
gzip,text,5,1
hackrf,missing,5,2
hipify-perl,text,5,1
httpbin,text,5,1
i3lock-zsh,text,5,1
ike-vendor-ids,text,5,1
include-binaries,text,5,2
input,text,5,2
internal-test,text,5,1
it,text,5,3
jflex,text,5,1
libnet++,missing,5,1
librime,missing,5,1
links,text,5,4
linux,text,5,2
magicsort,text,5,1
make-and-stage-release,text,5,2
makefile,binary,5,2
makefile-files,text,5,1
makefile-manual,text,5,1
makoctl,text,5,1
menu,text,5,4
meta-zip,text,5,1
mkgallery,text,5,1
mkhelp,text,5,1
ninka,text,5,1
nolto,text,5,1
northamerica,text,5,1
notestore-remote,text,5,1
ntmakefile,text,5,1
nwg-bar,binary,5,1
package,text,5,5
package-ubuntu,text,5,5
packages,text,5,2
parso,missing,5,1
pdfjam,text,5,2
performance,text,5,2
platforms,text,5,3
podman-etcd,text,5,1
poppassd,text,5,1
print,text,5,2
psalm,binary,5,2
psd-suspend-sync,text,5,1
psh,text,5,1
pslurp,text,5,1
python-setuptools-69,text,5,5
qa-cmp,text,5,1
qhexedit2,missing,5,1
quickget,text,5,1
readme_git,text,5,1
ref_ptr,text,5,2
report,text,5,3
run-gersemi,text,5,5
run_tests,text,5,4
script6,text,5,1
scsub,text,5,2
servers_charset_list,text,5,1
shared_config,text,5,2
southamerica,text,5,1
span,text,5,1
stat,text,5,1
tegaki-recognize,text,5,1
test1,text,5,1
test2,text,5,1
testdata,missing,5,2
testdoc,text,5,1
tofi,text,5,1
ubertooth-btbr,text,5,1
ufetch-aux,text,5,1
update,text,5,3
upgrading,text,5,2
usage,text,5,3
vcpkg,missing,5,2
vdr-x11,text,5,1
vdrplugin-rebuild,text,5,1
watchman,text,5,5
wav2json,binary,5,1
wl-tab,text,5,1
ylwrap,text,5,4
zig-xkbcommon,missing,5,1
.1-1,text,4,1
.1in,text,4,1
.1x,text,4,1
.25,text,4,2
.35,text,4,2
.4100,text,4,1
.57,binary,4,1
.686,text,4,3
.aar,archives,4,1
.adf,binary,4,1
.af,binary,4,1
.aidl,text,4,3
.any,text,4,1
.apache,text,4,2
.arch,text,4,2
.arduino-cli,text,4,1
.ask,text,4,1
.aux,text,4,2
.bankdir,text,4,1
.baseline,binary,4,1
.bashlib,text,4,1
.bionic,text,4,1
.bnd,text,4,1
.bootstrap,text,4,3
.bru,text,4,2
.caddyfiletest,text,4,1
.cin,text,4,2
.cmake,binary,4,1
.codedocs,text,4,2
.codespell-ignore,text,4,2
.cppclean,text,4,4
.ctb,text,4,1
.cue,text,4,3
.dep5,text,4,1
.dex,binary,4,1
.dictionary,text,4,1
.dif,text,4,1
.dix,text,4,1
.docm,archives,4,2
.dotm,archives,4,2
.dotx,archives,4,2
.ebnf,text,4,3
.ec,text,4,1
.el6,text,4,1
.ewp,text,4,1
.exr,binary,4,3
.fai,text,4,3
.fbp,text,4,1
.fcl,text,4,1
.fdb,text,4,2
.fedora-37,text,4,2
.foot,text,4,1
.fsx,text,4,3
.fuse_hidden0000012c00000013,binary,4,2
.fuse_hidden00002ad800000004,binary,4,2
.fuzz,binary,4,2
.generic,text,4,3
.gf,binary,4,1
.gliffy,text,4,1
.gnu,text,4,1
.gz,text,4,1
.h++,text,4,1
.hin,text,4,2
.icm,binary,4,1
.idx,binary,4,3
.ind,text,4,3
.ine,text,4,1
.info-3,text,4,1
.irix,text,4,3
.jar,text,4,1
.jnilib,binary,4,1
.js,binary,4,1
.jsonnet,text,4,2
.key,archives,4,2
.ldscript,text,4,1
.leases,text,4,1
.libsonnet,text,4,2
.list,binary,4,2
.lit,text,4,1
.lockb,binary,4,2
.lvl,binary,4,1
.lzh,binary,4,1
.mk,binary,4,1
.mli,binary,4,2
.ms,text,4,1
.msm,binary,4,1
.ncl,text,4,1
.networkmanager,text,4,1
.nib,text,4,2
.nomad,text,4,2
.note,text,4,2
.nt,text,4,2
.off,text,4,3
.onnx,binary,4,1
.openlink,text,4,1
.openssl,text,4,2
.os4,binary,4,1
.par,text,4,3
.part1,text,4,1
.partad,binary,4,1
.path,binary,4,2
.pcx,binary,4,2
.pfx,binary,4,1
.pjt,text,4,1
.postamble,text,4,2
.potm,archives,4,2
.potx,archives,4,2
.powershell,text,4,1
.po~,text,4,1
.pptm,archives,4,2
.properties,binary,4,2
.provider,text,4,3
.qdoc,text,4,1
.rb,missing,4,3
.rbql,text,4,1
.reviewboardrc,text,4,1
.roff,text,4,1
.ron,text,4,2
.ruleset,text,4,1
.runtime,text,4,2
.rux,text,4,1
".scss""",missing,4,1
.sdl,text,4,4
.skin,text,4,1
.skl,text,4,1
.slc,binary,4,1
.sles12,text,4,1
.smp,text,4,1
.smplug,archives,4,1
.softhsm,text,4,1
.spc,text,4,1
.sqdelta,binary,4,1
.startup,text,4,1
.stm,binary,4,1
.styl,text,4,2
.sup,text,4,1
.sysconfig,text,4,3
.t2t,text,4,2
.table,text,4,2
.tex,binary,4,3
.tgs,archives,4,1
.thmx,archives,4,2
.thtml,text,4,1
.torrent,text,4,2
.tpp,text,4,3
.tre,text,4,1
.tsdl,text,4,1
.txt2html,text,4,1
.utb,text,4,1
.vars,text,4,2
.vpw,text,4,1
.vrsettings,text,4,1
.vsprops,text,4,3
.vspscc,text,4,1
.war,archives,4,1
.webm,binary,4,3
.wings,binary,4,1
.workspace,text,4,3
.x,binary,4,1
.x64,text,4,2
.xenial,text,4,1
.xiy,archives,4,1
.xlsm,archives,4,2
.xltm,archives,4,2
.xltx,archives,4,2
.xresources,text,4,2
.xz,text,4,1
.yaml~,text,4,1
.zip,binary,4,1
0,text,4,2
06-3d-04,binary,4,1
06-47-01,binary,4,1
06-af-03,binary,4,1
06-ba-08,binary,4,1
50cygwin,text,4,1
61_en,binary,4,1
_arch-chroot,text,4,1
_eselect,text,4,1
_gcc-config,text,4,1
_generated-files,text,4,2
_genlop,text,4,1
_layman,text,4,1
_makoctl,text,4,1
_zypper,text,4,1
a2j_control,text,4,1
abomasnow,text,4,1
abomasnow-mega,text,4,1
abra,text,4,1
absol,text,4,1
absol-mega,text,4,1
acc,text,4,1
accelgor,text,4,1
actors,missing,4,1
aegislash,text,4,1
aerodactyl,text,4,1
aerodactyl-mega,text,4,1
aggron,text,4,1
aggron-mega,text,4,1
aif-job-processor,text,4,1
aipom,text,4,1
alakazam,text,4,1
alakazam-mega,text,4,1
alcremie,text,4,1
alcremie-gmax,text,4,1
algorithm,text,4,2
alomomola,text,4,1
altaria,text,4,1
altaria-mega,text,4,1
amaura,text,4,1
ambipom,text,4,1
amoonguss,text,4,1
ampharos,text,4,1
ampharos-mega,text,4,1
analysis_ghidra,text,4,1
anorith,text,4,1
apel-mk,text,4,2
appletun,text,4,1
applin,text,4,1
araquanid,text,4,1
arbok,text,4,1
arcanine,text,4,1
arcanine-hisui,text,4,1
arceus,text,4,1
archen,text,4,1
archeops,text,4,1
arctovish,text,4,1
arctozolt,text,4,1
ariados,text,4,1
armaldo,text,4,1
aromatisse,text,4,1
aron,text,4,1
arrokuda,text,4,1
articuno,text,4,1
articuno-galar,text,4,1
audino,text,4,1
audino-mega,text,4,1
aur-update,text,4,1
aurorus,text,4,1
australasia,text,4,1
autoconf,text,4,1
avalugg,text,4,1
avalugg-hisui,text,4,1
axew,text,4,1
azelf,text,4,1
azumarill,text,4,1
azurill,text,4,1
bagon,text,4,1
baltoy,text,4,1
banette,text,4,1
banette-mega,text,4,1
barbaracle,text,4,1
barboach,text,4,1
barraskewda,text,4,1
basculegion,text,4,1
basculin,text,4,1
bastiodon,text,4,1
bats-core,missing,4,2
bats-exec-suite,text,4,1
bats-exec-test,text,4,1
bayleef,text,4,1
beartic,text,4,1
beautifly,text,4,1
beedrill,text,4,1
beedrill-mega,text,4,1
beheeyem,text,4,1
beldum,text,4,1
bellossom,text,4,1
bellsprout,text,4,1
benchmark,text,4,3
bergmite,text,4,1
betterlockscreen_rapid,text,4,1
bewear,text,4,1
bibarel,text,4,1
bidoof,text,4,1
binacle,text,4,1
bisharp,text,4,1
blacephalon,text,4,1
blastoise,text,4,1
blastoise-gmax,text,4,1
blastoise-mega,text,4,1
blaziken,text,4,1
blaziken-mega,text,4,1
blipbug,text,4,1
blissey,text,4,1
blitzle,text,4,1
bluealsad,text,4,2
boldore,text,4,1
boltund,text,4,1
bonsly,text,4,1
boringssl,missing,4,2
bouffalant,text,4,1
bounsweet,text,4,1
boxes-config,text,4,1
braixen,text,4,1
braviary,text,4,1
braviary-hisui,text,4,1
breloom,text,4,1
brionne,text,4,1
bronzong,text,4,1
bronzor,text,4,1
bruxish,text,4,1
bsd-3-clause,text,4,3
bt-handover,text,4,1
btrfs-search-metadata,text,4,1
budew,text,4,1
bugzilla,text,4,1
build-all-platforms,text,4,1
build-lib,text,4,1
build-linux,text,4,3
build-xcursor-plasmasvg,text,4,1
build_all,text,4,1
builddeps,text,4,1
buizel,text,4,1
bulbasaur,text,4,1
bump-version,text,4,1
buneary,text,4,1
bunnelby,text,4,1
burmy,text,4,1
butterfree,text,4,1
butterfree-gmax,text,4,1
buzzwole,text,4,1
c-blosc,missing,4,1
c-symlink-path-test,text,4,2
c-symlink-test,text,4,2
cacnea,text,4,1
cacturne,text,4,1
cakescripts,missing,4,2
calyrex,text,4,1
camerupt,text,4,1
camerupt-mega,text,4,1
carbink,text,4,1
carkol,text,4,1
carnivine,text,4,1
carracosta,text,4,1
carvanha,text,4,1
cascoon,text,4,1
castform,text,4,1
casync,text,4,1
caterpie,text,4,1
celebi,text,4,1
celesteela,text,4,1
centiskorch,text,4,1
centiskorch-gmax,text,4,1
chandelure,text,4,1
chansey,text,4,1
charizard,text,4,1
charizard-gmax,text,4,1
charizard-mega-x,text,4,1
charizard-mega-y,text,4,1
charjabug,text,4,1
charmander,text,4,1
charmeleon,text,4,1
chatot,text,4,1
check-host-list,text,4,1
check-ieee-reg,text,4,1
check-run1,text,4,2
cherrim,text,4,1
cherubi,text,4,1
chesnaught,text,4,1
chespin,text,4,1
chewtle,text,4,1
chikorita,text,4,1
chimchar,text,4,1
chimecho,text,4,1
chinchou,text,4,1
chingling,text,4,1
ci-matrix,text,4,1
cinccino,text,4,1
cinderace,text,4,1
cinderace-gmax,text,4,1
clamperl,text,4,1
clamtk,text,4,1
clauncher,text,4,1
clawitzer,text,4,1
claydol,text,4,1
clean_build,text,4,1
clefable,text,4,1
clefairy,text,4,1
cleffa,text,4,1
clobbopus,text,4,1
cloyster,text,4,1
coalossal,text,4,1
coalossal-gmax,text,4,1
cobalion,text,4,1
cofagrigus,text,4,1
combee,text,4,1
combusken,text,4,1
comfey,text,4,1
commit_editmsg,text,4,1
commoncsmakefile,text,4,1
commonmakefile,text,4,1
comptest,text,4,1
config_script_example,text,4,1
conkeldurr,text,4,1
copperajah,text,4,1
copperajah-gmax,text,4,1
copyright-exclude,text,4,2
corphish,text,4,1
corsola,text,4,1
corsola-galar,text,4,1
corviknight,text,4,1
corviknight-gmax,text,4,1
corvisquire,text,4,1
cosmoem,text,4,1
cosmog,text,4,1
cottonee,text,4,1
cppman,text,4,1
cpputils,missing,4,1
cpufreq,text,4,1
crabominable,text,4,1
crabrawler,text,4,1
cradily,text,4,1
cramorant,text,4,1
cranidos,text,4,1
crawdaunt,text,4,1
create_zips,text,4,1
credit,text,4,1
cresselia,text,4,1
crnirizot,text,4,1
croagunk,text,4,1
crobat,text,4,1
croconaw,text,4,1
crustle,text,4,1
cryogonal,text,4,1
cubchoo,text,4,1
cubone,text,4,1
cufant,text,4,1
cursola,text,4,1
cutiefly,text,4,1
cyndaquil,text,4,1
d,text,4,2
darkrai,text,4,1
darmanitan,text,4,1
darmanitan-galar,text,4,1
dartrix,text,4,1
darumaka,text,4,1
darumaka-galar,text,4,1
deb_copyright,text,4,1
debcontents,text,4,1
debug,text,4,1
decidueye,text,4,1
decidueye-hisui,text,4,1
dedenne,text,4,1
deerling,text,4,1
deino,text,4,1
delcatty,text,4,1
delibird,text,4,1
delphox,text,4,1
deoxys,text,4,1
depend,binary,4,1
deploy,text,4,2
dewgong,text,4,1
dewott,text,4,1
dewpider,text,4,1
dhelmise,text,4,1
dialga,text,4,1
diancie,text,4,1
diancie-mega,text,4,1
diggersby,text,4,1
diglett,text,4,1
diglett-alola,text,4,1
distrobox-init,text,4,1
ditto,text,4,1
dmarc,text,4,1
do,text,4,2
docker_,text,4,1
dockerfile-build-alpine,text,4,2
docs,missing,4,3
dodrio,text,4,1
doduo,text,4,1
donphan,text,4,1
dottler,text,4,1
doublade,text,4,1
dox,text,4,2
doxyfile-man,text,4,1
dracovish,text,4,1
dracozolt,text,4,1
dragalge,text,4,1
dragapult,text,4,1
dragonair,text,4,1
dragonite,text,4,1
drakloak,text,4,1
drampa,text,4,1
drapion,text,4,1
dratini,text,4,1
drednaw,text,4,1
drednaw-gmax,text,4,1
dreepy,text,4,1
drifblim,text,4,1
drifloon,text,4,1
drilbur,text,4,1
drizzile,text,4,1
drowzee,text,4,1
druddigon,text,4,1
dubwool,text,4,1
ducklett,text,4,1
dugtrio,text,4,1
dugtrio-alola,text,4,1
dunsparce,text,4,1
dunstrc,text,4,1
duosion,text,4,1
duraludon,text,4,1
duraludon-gmax,text,4,1
durant,text,4,1
dusclops,text,4,1
dusknoir,text,4,1
duskull,text,4,1
dustox,text,4,1
dwebble,text,4,1
eat-256color,binary,4,1
eat-color,binary,4,1
eat-mono,binary,4,1
eat-truecolor,binary,4,1
edid-fixdim,text,4,1
eelektrik,text,4,1
eelektross,text,4,1
eevee,text,4,1
eevee-gmax,text,4,1
eiscue,text,4,1
ekans,text,4,1
eldegoss,text,4,1
electabuzz,text,4,1
electivire,text,4,1
electrike,text,4,1
electrode,text,4,1
electrode-hisui,text,4,1
elekid,text,4,1
elgyem,text,4,1
emboar,text,4,1
emolga,text,4,1
empoleon,text,4,1
empty,text,4,4
enamorus,text,4,1
end_html,text,4,1
entei,text,4,1
escavalier,text,4,1
espeon,text,4,1
espurr,text,4,1
eternatus,text,4,1
europe,text,4,1
ew-resize,text,4,1
excadrill,text,4,1
exeggcute,text,4,1
exeggutor,text,4,1
exeggutor-alola,text,4,1
exploud,text,4,1
export,text,4,2
extensions,missing,4,1
external,missing,4,1
falinks,text,4,1
farfetchd,text,4,1
farfetchd-galar,text,4,1
fearow,text,4,1
feebas,text,4,1
fennekin,text,4,1
feraligatr,text,4,1
ferroseed,text,4,1
ferrothorn,text,4,1
ffmpeg-build-linux,text,4,1
ffmpeg-build-win,text,4,1
file-format,text,4,1
finneon,text,4,1
flaaffy,text,4,1
flabebe,text,4,1
flapple,text,4,1
flapple-gmax,text,4,1
flareon,text,4,1
flekiceskupuson,text,4,1
fletchinder,text,4,1
fletchling,text,4,1
floatzel,text,4,1
floette,text,4,1
florges,text,4,1
flygon,text,4,1
fmawk-opener,text,4,1
fomantis,text,4,1
foongus,text,4,1
forretress,text,4,1
fraxure,text,4,1
frillish,text,4,1
froakie,text,4,1
frogadier,text,4,1
froslass,text,4,1
frosmoth,text,4,1
function_docstring,text,4,1
furfrou,text,4,1
furret,text,4,1
gabite,text,4,1
gallade,text,4,1
gallade-mega,text,4,1
galvantula,text,4,1
garbodor,text,4,1
garbodor-gmax,text,4,1
garchomp,text,4,1
garchomp-mega,text,4,1
gardevoir,text,4,1
gardevoir-mega,text,4,1
gastly,text,4,1
gastrodon,text,4,1
gemfile-4-2-stable,text,4,1
gemfile-rails-4-2,text,4,1
genesect,text,4,1
gengar,text,4,1
gengar-gmax,text,4,1
gengar-mega,text,4,1
geodude,text,4,1
geodude-alola,text,4,1
get-oui,text,4,1
get_sourcecode,text,4,1
get_voices,text,4,1
gettext,text,4,2
gible,text,4,1
gigalith,text,4,1
girafarig,text,4,1
giratina,text,4,1
git-bulk,text,4,1
github,text,4,3
glaceon,text,4,1
glalie,text,4,1
glalie-mega,text,4,1
glameow,text,4,1
glastrier,text,4,1
gligar,text,4,1
gliscor,text,4,1
gloom,text,4,1
gogoat,text,4,1
golbat,text,4,1
goldeen,text,4,1
golduck,text,4,1
golem,text,4,1
golem-alola,text,4,1
golett,text,4,1
golisopod,text,4,1
golurk,text,4,1
goodra,text,4,1
goodra-hisui,text,4,1
goomy,text,4,1
gorebyss,text,4,1
gossifleur,text,4,1
gothita,text,4,1
gothitelle,text,4,1
gothorita,text,4,1
gourgeist,text,4,1
gpg-recv-key,text,4,2
granbull,text,4,1
grapploct,text,4,1
gravcenatavce,text,4,1
graveler,text,4,1
graveler-alola,text,4,1
greedent,text,4,1
greninja,text,4,1
grimer,text,4,1
grimer-alola,text,4,1
grimmsnarl,text,4,1
grimmsnarl-gmax,text,4,1
grookey,text,4,1
grotle,text,4,1
groudon,text,4,1
grovyle,text,4,1
growlithe,text,4,1
growlithe-hisui,text,4,1
grubbin,text,4,1
grumpig,text,4,1
gulpin,text,4,1
gumshoos,text,4,1
gurdurr,text,4,1
guzzlord,text,4,1
gvgit-get-keyids,text,4,1
gyarados,text,4,1
gyarados-mega,text,4,1
h,text,4,2
hakamo-o,text,4,1
happiny,text,4,1
hariyama,text,4,1
hatenna,text,4,1
hatterene,text,4,1
hatterene-gmax,text,4,1
hattrem,text,4,1
haunter,text,4,1
hawlucha,text,4,1
haxorus,text,4,1
hdrop,text,4,1
header,text,4,4
heatmor,text,4,1
heatran,text,4,1
heliolisk,text,4,1
helioptile,text,4,1
heracross,text,4,1
heracross-mega,text,4,1
herdier,text,4,1
hippopotas,text,4,1
hippowdon,text,4,1
hitmonchan,text,4,1
hitmonlee,text,4,1
hitmontop,text,4,1
ho-oh,text,4,1
honchkrow,text,4,1
honedge,text,4,1
hoopa,text,4,1
hoothoot,text,4,1
hoppip,text,4,1
horsea,text,4,1
hotfix,text,4,1
houndoom,text,4,1
houndoom-mega,text,4,1
houndour,text,4,1
howto-release,text,4,1
huntail,text,4,1
hydreigon,text,4,1
hyfetch,missing,4,1
hypno,text,4,1
i3lock-bash,text,4,1
ibus-fbterm,text,4,1
igglybuff,text,4,1
ike-backoff-patterns,text,4,1
illumise,text,4,1
impidimp,text,4,1
incineroar,text,4,1
indeedee,text,4,1
infernape,text,4,1
inkay,text,4,1
install-client,text,4,2
install-gog-game,text,4,1
installation,text,4,1
inteleon,text,4,1
inteleon-gmax,text,4,1
internal,text,4,1
issue,text,4,1
ivysaur,text,4,1
jangmo-o,text,4,1
jellicent,text,4,1
jigglypuff,text,4,1
jirachi,text,4,1
jolteon,text,4,1
joltik,text,4,1
jpeg-exif,text,4,1
jpeg-jfif,text,4,1
jtwig-plugins,missing,4,2
juce_module_info,text,4,2
jumpluff,text,4,1
jynx,text,4,1
kabuto,text,4,1
kabutops,text,4,1
kadabra,text,4,1
kakuna,text,4,1
kangaskhan,text,4,1
kangaskhan-mega,text,4,1
karrablast,text,4,1
kartana,text,4,1
kecleon,text,4,1
keldeo,text,4,1
kettle-dvcs,text,4,4
kingdra,text,4,1
kingler,text,4,1
kingler-gmax,text,4,1
kirlia,text,4,1
klang,text,4,1
kleavor,text,4,1
klefki,text,4,1
klink,text,4,1
klinklang,text,4,1
knownbug,text,4,3
koffing,text,4,1
komala,text,4,1
kommo-o,text,4,1
krabby,text,4,1
kricketot,text,4,1
kricketune,text,4,1
krokorok,text,4,1
krookodile,text,4,1
kubfu,text,4,1
kyogre,text,4,1
kyurem,text,4,1
lairon,text,4,1
lampent,text,4,1
landorus,text,4,1
lanturn,text,4,1
lapras,text,4,1
lapras-gmax,text,4,1
larvesta,text,4,1
larvitar,text,4,1
latias,text,4,1
latias-mega,text,4,1
latios,text,4,1
latios-mega,text,4,1
leafeon,text,4,1
leavanny,text,4,1
ledian,text,4,1
ledyba,text,4,1
left_ptr_watch,cursors,4,2
lein,text,4,1
lexer,text,4,1
lgpl,text,4,3
lib,text,4,3
libinput-gestures-setup,text,4,1
libosmo-dsp,missing,4,1
libwebp,missing,4,2
licenses,text,4,4
lickilicky,text,4,1
lickitung,text,4,1
liepard,text,4,1
lileep,text,4,1
lilligant,text,4,1
lilligant-hisui,text,4,1
lillipup,text,4,1
linoone,text,4,1
linoone-galar,text,4,1
lintian-overrides,text,4,3
litleo,text,4,1
litten,text,4,1
litwick,text,4,1
lombre,text,4,1
lopunny,text,4,1
lopunny-mega,text,4,1
lotad,text,4,1
loudred,text,4,1
lrls,text,4,1
ltconfig,text,4,3
lucario,text,4,1
lucario-mega,text,4,1
ludicolo,text,4,1
lugia,text,4,1
lumineon,text,4,1
lunala,text,4,1
lunatone,text,4,1
lurantis,text,4,1
luvdisc,text,4,1
luxio,text,4,1
luxray,text,4,1
lxqt-transupdate,text,4,1
lycanroc,text,4,1
lynis,text,4,1
machamp,text,4,1
machamp-gmax,text,4,1
machoke,text,4,1
machop,text,4,1
magby,text,4,1
magcargo,text,4,1
magearna,text,4,1
magikarp,text,4,1
magmar,text,4,1
magmortar,text,4,1
magnemite,text,4,1
magneton,text,4,1
magnezone,text,4,1
makedepend,text,4,1
makedev-cpuid-msr,text,4,2
makepp,text,4,1
makesrcdist,text,4,2
makuhita,text,4,1
malamar,text,4,1
mamfile,text,4,1
mamoswine,text,4,1
manaphy,text,4,1
mandibuzz,text,4,1
manectric,text,4,1
manectric-mega,text,4,1
mankey,text,4,1
mantine,text,4,1
mantyke,text,4,1
maractus,text,4,1
mareanie,text,4,1
mareep,text,4,1
marill,text,4,1
marowak,text,4,1
marowak-alola,text,4,1
marshadow,text,4,1
marshtomp,text,4,1
masquerain,text,4,1
mawile,text,4,1
mawile-mega,text,4,1
mbtar,text,4,1
mdate-sh,text,4,3
medicham,text,4,1
medicham-mega,text,4,1
meditite,text,4,1
meganium,text,4,1
melmetal,text,4,1
melmetal-gmax,text,4,1
meloetta,text,4,1
meltan,text,4,1
memo,text,4,2
memo_docker,text,4,1
meowstic,text,4,1
meowth,text,4,1
meowth-alola,text,4,1
meowth-galar,text,4,1
meowth-gmax,text,4,1
mesprit,text,4,1
metagross,text,4,1
metagross-mega,text,4,1
metang,text,4,1
metapod,text,4,1
mew,text,4,1
mewtwo,text,4,1
mewtwo-mega-x,text,4,1
mewtwo-mega-y,text,4,1
mienfoo,text,4,1
mienshao,text,4,1
mightyena,text,4,1
milcery,text,4,1
milotic,text,4,1
miltank,text,4,1
mime-jr,text,4,1
mimikyu,text,4,1
minccino,text,4,1
minior,text,4,1
minun,text,4,1
misdreavus,text,4,1
mismagius,text,4,1
mkman,text,4,1
moltres,text,4,1
moltres-galar,text,4,1
monferno,text,4,1
morelull,text,4,1
morgrem,text,4,1
morpeko,text,4,1
mothim,text,4,1
mp3-id3v1,text,4,1
mr-mime,text,4,1
mr-mime-galar,text,4,1
mr-rime,text,4,1
mudbray,text,4,1
mudkip,text,4,1
mudsdale,text,4,1
muk,text,4,1
muk-alola,text,4,1
munchlax,text,4,1
munna,text,4,1
murkrow,text,4,1
musharna,text,4,1
naganadel,text,4,1
natu,text,4,1
necrozma,text,4,1
nickit,text,4,1
nidoking,text,4,1
nidoqueen,text,4,1
nidoran-f,text,4,1
nidoran-m,text,4,1
nidorina,text,4,1
nidorino,text,4,1
nihilego,text,4,1
nincada,text,4,1
ninetales,text,4,1
ninetales-alola,text,4,1
ninjask,text,4,1
noctowl,text,4,1
node,text,4,1
noibat,text,4,1
noivern,text,4,1
nosepass,text,4,1
not-todo,text,4,1
ns-resize,text,4,1
numel,text,4,1
nuzleaf,text,4,1
obstagoon,text,4,1
ocs-functions,text,4,1
octillery,text,4,1
oddish,text,4,1
omanyte,text,4,1
omastar,text,4,1
onix,text,4,1
oranguru,text,4,1
orbeetle,text,4,1
orbeetle-gmax,text,4,1
oricorio,text,4,1
orochi,missing,4,1
oshawott,text,4,1
overqwil,text,4,1
pachirisu,text,4,1
palkia,text,4,1
palossand,text,4,1
palpitoad,text,4,1
pam_script,text,4,1
pancham,text,4,1
pangoro,text,4,1
panpour,text,4,1
pansage,text,4,1
pansear,text,4,1
paras,text,4,1
parasect,text,4,1
parse-test,text,4,1
passimian,text,4,1
passwdfile,text,4,1
patrat,text,4,1
pawniard,text,4,1
pelipper,text,4,1
perrserker,text,4,1
persian,text,4,1
persian-alola,text,4,1
petilil,text,4,1
phanpy,text,4,1
phantump,text,4,1
phdc-simple-manager,text,4,1
pheromosa,text,4,1
phione,text,4,1
pichu,text,4,1
pidgeot,text,4,1
pidgeot-mega,text,4,1
pidgeotto,text,4,1
pidgey,text,4,1
pidove,text,4,1
pignite,text,4,1
pikachu,text,4,1
pikachu-gmax,text,4,1
pikipek,text,4,1
piloswine,text,4,1
pincurchin,text,4,1
pineco,text,4,1
pinsir,text,4,1
pinsir-mega,text,4,1
piplup,text,4,1
plum,missing,4,1
plusle,text,4,1
png,text,4,1
poipole,text,4,1
politoed,text,4,1
poliwag,text,4,1
poliwhirl,text,4,1
poliwrath,text,4,1
polteageist,text,4,1
ponyta,text,4,1
ponyta-galar,text,4,1
poochyena,text,4,1
popplio,text,4,1
porting,text,4,2
porygon,text,4,1
porygon-z,text,4,1
porygon2,text,4,1
ppsfind,text,4,1
preamble,text,4,1
preinit,text,4,1
premake5,binary,4,1
prepare-commit-msg,text,4,4
primarina,text,4,1
primeape,text,4,1
primusrun,text,4,1
prinplup,text,4,1
problems,text,4,2
probopass,text,4,1
psyduck,text,4,1
pumpkaboo,text,4,1
pupitar,text,4,1
purrloin,text,4,1
purugly,text,4,1
pyroar,text,4,1
pyukumuku,text,4,1
quagsire,text,4,1
quilava,text,4,1
quilladin,text,4,1
qwilfish,text,4,1
qwilfish-hisui,text,4,1
raboot,text,4,1
raichu,text,4,1
raichu-alola,text,4,1
raikou,text,4,1
ralts,text,4,1
rampardos,text,4,1
rapidash,text,4,1
rapidash-galar,text,4,1
raticate,text,4,1
raticate-alola,text,4,1
rattata,text,4,1
rattata-alola,text,4,1
rayquaza,text,4,1
rayquaza-mega,text,4,1
rbot,text,4,1
readme400,text,4,3
readme_for_app,text,4,2
rec,text,4,1
regice,text,4,1
regidrago,text,4,1
regieleki,text,4,1
regigigas,text,4,1
regirock,text,4,1
registeel,text,4,1
release-notes,text,4,3
release_notes_3_1,text,4,1
relicanth,text,4,1
remoraid,text,4,1
rename,text,4,3
repo-generate,text,4,1
reshiram,text,4,1
reuniclus,text,4,1
rhydon,text,4,1
rhyhorn,text,4,1
rhyperior,text,4,1
ribombee,text,4,1
rillaboom,text,4,1
rillaboom-gmax,text,4,1
riolu,text,4,1
rockruff,text,4,1
rocm_agent_enumerator,text,4,1
roggenrola,text,4,1
rolycoly,text,4,1
rookidee,text,4,1
roselia,text,4,1
roserade,text,4,1
rotom,text,4,1
rowlet,text,4,1
rufflet,text,4,1
run-clang-format,text,4,4
run-cmake-format,text,4,4
run-dosbox,text,4,1
run-swift-format,text,4,4
runerigus,text,4,1
sableye,text,4,1
sableye-mega,text,4,1
salamence,text,4,1
salamence-mega,text,4,1
salandit,text,4,1
salazzle,text,4,1
samurott,text,4,1
samurott-hisui,text,4,1
sandaconda,text,4,1
sandaconda-gmax,text,4,1
sandile,text,4,1
sandshrew,text,4,1
sandshrew-alola,text,4,1
sandslash,text,4,1
sandslash-alola,text,4,1
sandygast,text,4,1
sarma,text,4,1
sawk,text,4,1
sawsbuck,text,4,1
scatterbug,text,4,1
sceptile,text,4,1
sceptile-mega,text,4,1
scizor,text,4,1
scizor-mega,text,4,1
scolipede,text,4,1
scorbunny,text,4,1
scrafty,text,4,1
scraggy,text,4,1
scripting,text,4,1
scyther,text,4,1
seadra,text,4,1
seaking,text,4,1
sealeo,text,4,1
seedot,text,4,1
seel,text,4,1
seismitoad,text,4,1
sentret,text,4,1
serperior,text,4,1
servine,text,4,1
settings-hyprland,text,4,2
seviper,text,4,1
sewaddle,text,4,1
sharpedo,text,4,1
sharpedo-mega,text,4,1
shaymin,text,4,1
shedinja,text,4,1
shelgon,text,4,1
shellder,text,4,1
shellos,text,4,1
shellspec,text,4,1
shelmet,text,4,1
shflags_test_helpers,text,4,1
shieldon,text,4,1
shiftry,text,4,1
shiinotic,text,4,1
shinx,text,4,1
show_machine_details,text,4,1
shroomish,text,4,1
shuckle,text,4,1
shuppet,text,4,1
sigilyph,text,4,1
silcoon,text,4,1
silicobra,text,4,1
silvally,text,4,1
simipour,text,4,1
simisage,text,4,1
simisear,text,4,1
simple,text,4,2
sinistea,text,4,1
sirfetchd,text,4,1
sizzlipede,text,4,1
skarmory,text,4,1
skiddo,text,4,1
skiploom,text,4,1
skitty,text,4,1
skorupi,text,4,1
skrelp,text,4,1
skuntank,text,4,1
skwovet,text,4,1
slaking,text,4,1
slakoth,text,4,1
sliggoo,text,4,1
sliggoo-hisui,text,4,1
slowbro,text,4,1
slowbro-galar,text,4,1
slowbro-mega,text,4,1
slowking,text,4,1
slowking-galar,text,4,1
slowpoke,text,4,1
slowpoke-galar,text,4,1
slugma,text,4,1
slurpuff,text,4,1
smakefile,binary,4,1
smeargle,text,4,1
smoochum,text,4,1
sneasel,text,4,1
sneasel-hisui,text,4,1
sneasler,text,4,1
snivy,text,4,1
snom,text,4,1
snorlax,text,4,1
snorlax-gmax,text,4,1
snorunt,text,4,1
snover,text,4,1
snubbull,text,4,1
sobble,text,4,1
sof-ctl,binary,4,1
sof-probes,binary,4,1
solgaleo,text,4,1
solosis,text,4,1
solrock,text,4,1
spacefm-installer,text,4,1
spearow,text,4,1
spectrier,text,4,1
spewpa,text,4,1
spheal,text,4,1
spinarak,text,4,1
spinda,text,4,1
spiritomb,text,4,1
spirv-headers,missing,4,2
spoink,text,4,1
spritzee,text,4,1
squirtle,text,4,1
stakataka,text,4,1
stantler,text,4,1
staraptor,text,4,1
staravia,text,4,1
starly,text,4,1
starmie,text,4,1
staryu,text,4,1
stats,text,4,2
steelix,text,4,1
steelix-mega,text,4,1
steenee,text,4,1
stonjourner,text,4,1
stoutland,text,4,1
stufful,text,4,1
stunfisk,text,4,1
stunfisk-galar,text,4,1
stunky,text,4,1
submitting_patches,text,4,1
sudowoodo,text,4,1
suicune,text,4,1
sunflora,text,4,1
sunkern,text,4,1
surskit,text,4,1
swablu,text,4,1
swadloon,text,4,1
swalot,text,4,1
swampert,text,4,1
swampert-mega,text,4,1
swanna,text,4,1
swellow,text,4,1
swinub,text,4,1
swirlix,text,4,1
swoobat,text,4,1
sylveon,text,4,1
synapse_,text,4,1
tag,text,4,1
taillow,text,4,1
takescreenshots,text,4,1
talonflame,text,4,1
tangela,text,4,1
tangrowth,text,4,1
tap3,text,4,1
tapu-bulu,text,4,1
tapu-fini,text,4,1
tapu-koko,text,4,1
tapu-lele,text,4,1
tauros,text,4,1
teddiursa,text,4,1
tentacool,text,4,1
tentacruel,text,4,1
tepig,text,4,1
terrakion,text,4,1
test-alsa-pcm-hwcompat-busy,text,4,2
test-alsa-pcm-hwcompat-silence,text,4,2
test-release,text,4,1
test4,text,4,1
test_all,text,4,1
test_runner,text,4,1
testclient,text,4,1
thievul,text,4,1
throh,text,4,1
thundurus,text,4,1
thwackey,text,4,1
timburr,text,4,1
tinyfetch,binary,4,1
tirtouga,text,4,1
togedemaru,text,4,1
togekiss,text,4,1
togepi,text,4,1
togetic,text,4,1
torchic,text,4,1
torkoal,text,4,1
tornadus,text,4,1
torracat,text,4,1
torterra,text,4,1
totodile,text,4,1
toucannon,text,4,1
toxapex,text,4,1
toxel,text,4,1
toxicroak,text,4,1
toxtricity,text,4,1
toxtricity-gmax,text,4,1
tranquill,text,4,1
translate,text,4,3
trapinch,text,4,1
treecko,text,4,1
treise,text,4,1
trevenant,text,4,1
tropius,text,4,1
trubbish,text,4,1
trumbeak,text,4,1
tsareena,text,4,1
turtonator,text,4,1
turtwig,text,4,1
tympole,text,4,1
tynamo,text,4,1
type-null,text,4,1
typhlosion,text,4,1
typhlosion-hisui,text,4,1
tyranitar,text,4,1
tyranitar-mega,text,4,1
tyrantrum,text,4,1
tyrogue,text,4,1
tyrunt,text,4,1
ufetch-guix,text,4,1
ufetch-instantos,text,4,1
umbreon,text,4,1
unfezant,text,4,1
uninstall-dkms,text,4,2
unown,text,4,1
unzstd,text,4,3
update-tables,text,4,1
ursaluna,text,4,1
ursaring,text,4,1
urshifu,text,4,1
urshifu-gmax,text,4,1
user-command-test,text,4,1
util,text,4,1
uxie,text,4,1
validate-font,text,4,1
vanillish,text,4,1
vanillite,text,4,1
vanilluxe,text,4,1
vaporeon,text,4,1
vendspecfcodes,text,4,1
venipede,text,4,1
venomoth,text,4,1
venonat,text,4,1
venusaur,text,4,1
venusaur-gmax,text,4,1
venusaur-mega,text,4,1
vespiquen,text,4,1
vibrava,text,4,1
victini,text,4,1
victreebel,text,4,1
vigoroth,text,4,1
vikavolt,text,4,1
vileplume,text,4,1
virizion,text,4,1
vivillon,text,4,1
volbeat,text,4,1
volcanion,text,4,1
volcarona,text,4,1
voltorb,text,4,1
voltorb-hisui,text,4,1
vullaby,text,4,1
vulpix,text,4,1
vulpix-alola,text,4,1
wailmer,text,4,1
wailord,text,4,1
wakeup-reboot-halt,text,4,1
walrein,text,4,1
wartortle,text,4,1
watch,cursors,4,2
watchog,text,4,1
weapons,missing,4,1
weather_noaa,text,4,1
weavile,text,4,1
weedle,text,4,1
weepinbell,text,4,1
weezing,text,4,1
weezing-galar,text,4,1
wg-json,text,4,1
while,text,4,1
whimsicott,text,4,1
whirlipede,text,4,1
whiscash,text,4,1
whismur,text,4,1
wigglytuff,text,4,1
wimpod,text,4,1
wingull,text,4,1
wireguard_,text,4,1
wishiwashi,text,4,1
wl-select,text,4,1
wmenu_run,text,4,1
wobbuffet,text,4,1
woobat,text,4,1
wooloo,text,4,1
wooper,text,4,1
wormadam,text,4,1
wrapper-copy-test,text,4,2
wurmple,text,4,1
wynaut,text,4,1
wyrdeer,text,4,1
xatu,text,4,1
xctest,text,4,1
xerneas,text,4,1
xurkitree,text,4,1
yamask,text,4,1
yamask-galar,text,4,1
yamper,text,4,1
yanma,text,4,1
yanmega,text,4,1
yungoos,text,4,1
yveltal,text,4,1
zacian,text,4,1
zamazenta,text,4,1
zangoose,text,4,1
zapdos,text,4,1
zapdos-galar,text,4,1
zarude,text,4,1
zebstrika,text,4,1
zekrom,text,4,1
zeraora,text,4,1
zigzagoon,text,4,1
zigzagoon-galar,text,4,1
zlib2ansi,text,4,3
zoroark,text,4,1
zoroark-hisui,text,4,1
zorua,text,4,1
zorua-hisui,text,4,1
zsh_versions,text,4,1
zstd,text,4,3
zstdgrep,text,4,2
zstdless,text,4,2
zubat,text,4,1
zweilous,text,4,1
zygarde,text,4,1
.0-or-later,text,3,1
.1,missing,3,1
.10,binary,3,2
.11-pti-user-ver,text,3,1
.28,text,3,2
.29,text,3,2
.31,text,3,2
.3dd,binary,3,1
.4-1968,text,3,2
.4-1985-1,text,3,2
.4-1985-2,text,3,2
.9_ubuntu1604,text,3,1
._go,text,3,1
.aar,text,3,1
.adb,binary,3,3
.aee,text,3,1
.alltools,text,3,1
.alpha,text,3,1
.alumni,text,3,2
.am,binary,3,2
.aps,binary,3,1
.arm32v6,text,3,1
.arm64,text,3,2
.asics,archives,3,1
.asm,binary,3,2
.asn1,text,3,2
.babel,text,3,1
.baseline,pictures,3,1
.basis,binary,3,1
.bdoc,archives,3,1
.bfxrsound,text,3,1
.bg,text,3,2
.bgeo,binary,3,1
.boot,binary,3,1
.bs,text,3,1
.builtin,text,3,2
.buster,text,3,1
.bz2,failed:archives,3,1
.bzlmod,text,3,3
.c-,text,3,1
.camrec,binary,3,1
.cc3,binary,3,1
.cdtproject,text,3,2
.ce3,binary,3,1
.centos-stream-8,text,3,1
.checkpoint,text,3,2
.chromium,text,3,1
.clang,text,3,3
.clib,text,3,3
.cmake,missing,3,2
.cmb,text,3,2
.cocci,text,3,1
.code-workspace,text,3,2
.codespellignore,text,3,3
.com,binary,3,3
.commit,text,3,2
.conf-default,text,3,1
.configure,text,3,1
.copyright,text,3,2
.cpg,text,3,1
.crd,text,3,1
.cron,text,3,2
.cti,text,3,1
.curl,text,3,1
.cvc,text,3,2
.cvs,text,3,2
.d,binary,3,1
.darwin,binary,3,1
.dbf,binary,3,1
.dcp,binary,3,1
.deb,text,3,1
.dfu,binary,3,2
.dj,text,3,2
.djhtml,text,3,1
.dkms,text,3,1
.dummy,text,3,3
.dur,archives,3,1
.dwfx,archives,3,1
.earthlyignore,text,3,2
.edoc,archives,3,1
.eip,archives,3,1
.el7,text,3,1
.err2-ref,text,3,1
.eslintignore,text,3,3
.eucjp,binary,3,2
.exp,binary,3,1
.expected-output,text,3,2
.expected_out,text,3,1
.ext2,binary,3,1
.external,text,3,1
.fastq,text,3,1
.fedora-rawhide,text,3,1
.find_wl_compositor,text,3,1
.firefox,text,3,1
.fixed,text,3,2
.flatpak,binary,3,2
.fml,binary,3,1
.fo,text,3,1
.fq,text,3,1
.fr,binary,3,2
.fract,text,3,1
.frame,text,3,1
.fsm,binary,3,1
.fur,binary,3,1
.gersemirc,text,3,2
.gitconfig,text,3,2
.github_changelog_generator,text,3,1
.godoc_config,text,3,2
.golang-tip,text,3,2
.gotip,text,3,2
.gperf,text,3,3
.grf,binary,3,1
.grub2,text,3,1
.head,text,3,1
.hfe,text,3,1
.hip,text,3,1
.hmtl,text,3,1
.hook,text,3,2
.hpux,text,3,2
.http,text,3,2
.ibooks,archives,3,1
.ico,failed:pictures,3,3
.ideskrc,text,3,1
.idml,archives,3,1
.ifp,text,3,1
.ilg,text,3,2
.ilp,text,3,1
.im,text,3,2
.imk,text,3,1
.index,text,3,1
.info-2,text,3,1
.info-4,text,3,1
.iobj,binary,3,2
.ion,text,3,1
.isdocx,archives,3,1
.iss,binary,3,1
.itarget,text,3,2
.iwa,archives,3,1
.java,binary,3,3
.jpc,binary,3,1
.js~,text,3,1
.kbx,binary,3,3
.kbx~,binary,3,3
.keys,text,3,2
.keystore,binary,3,1
.kmz,archives,3,1
.kra,archives,3,1
.l3,text,3,1
.las,binary,3,2
.libtool,text,3,1
.lmp,text,3,1
.lmtp,text,3,1
.lnk,text,3,2
.load,text,3,2
.logwatch,text,3,1
.lycheeignore,text,3,3
.m#,text,3,1
.m4,binary,3,2
.macros,text,3,3
.maintainer,text,3,2
.mc,text,3,2
.mediawiki,text,3,1
.mgg,text,3,1
.mingw32,text,3,2
.mpl,text,3,2
.mxd,binary,3,1
.n3,text,3,2
.nex,binary,3,1
.nginx,text,3,1
.nml,text,3,1
.noi,text,3,1
.none,archives,3,1
.nouveau,text,3,1
.nuc,text,3,1
.nvidia,text,3,1
.o2_test,text,3,1
.ocamlinit,text,3,1
.ocl,text,3,1
.odm,archives,3,1
.openwrt,text,3,1
.ora,archives,3,1
.output32,text,3,1
.output64,text,3,1
.p6,text,3,1
.package,text,3,2
.pages,archives,3,1
.papi,text,3,1
.pb,binary,3,2
.pch,text,3,2
.perltidyrc,text,3,3
.pgp,text,3,2
.pipe,text,3,2
.plt,text,3,1
.portal,text,3,2
.postgres,text,3,1
.ppam,archives,3,1
.ppsm,archives,3,1
.ppsx,archives,3,1
.prerm,text,3,2
.prm,text,3,1
.prof,archives,3,1
.ps1xml,text,3,1
.psf,binary,3,2
.psf,text,3,1
.psz,archives,3,1
.pt,text,3,1
.pyproj,text,3,1
.qbs,text,3,2
.qtest,text,3,1
.rails5_mini_magick,text,3,1
.rails7_mini_magick,text,3,1
.rasi,text,3,2
.real,binary,3,1
.recipe,text,3,2
.res,text,3,2
.rm,text,3,1
.rpt_desc,text,3,1
.schema-skip,text,3,1
.sd,text,3,2
.sdc,text,3,1
.sdtid,text,3,1
.shlibs,text,3,1
.shp,binary,3,1
.shx,binary,3,1
.sic,text,3,1
.sig-by-wrong-key,binary,3,2
.single-loader-error,text,3,1
.sldm,archives,3,1
.sm,text,3,1
.smarteid,text,3,1
.smt,text,3,1
.sources,text,3,1
.sparse-export,text,3,1
.spp,archives,3,1
.spp,binary,3,1
.ssh,text,3,1
.static,text,3,1
.std,text,3,2
.stst,text,3,1
.sums,text,3,1
.support,text,3,2
".svg""",missing,3,1
.swc,archives,3,1
.sxd,binary,3,1
.system,text,3,2
.t,binary,3,2
.tablet,text,3,1
.tdesktop-theme,archives,3,1
.tdesktop-theme,text,3,1
.temp,text,3,1
.template,archives,3,1
.texi,binary,3,2
.themisrc,text,3,3
.think,text,3,1
.thumbnailer,text,3,1
.thunderbird,text,3,1
.ti,text,3,2
.tmd,text,3,1
.tml,text,3,2
.tmux,text,3,1
.tmx,text,3,2
.tnef,binary,3,1
.tom,text,3,1
.trampolinerc,text,3,2
.travis,text,3,1
.ttf,text,3,3
".txt""",missing,3,2
.unicode,text,3,1
.updates,text,3,1
.url,text,3,2
.valid-sig,binary,3,2
.vc,binary,3,1
.vcproj,binary,3,2
.vdrcaps,text,3,1
.veiksmazodziai,binary,3,1
.versiondate,text,3,1
.vik,text,3,1
.vim,missing,3,2
.vs,text,3,1
.vsdm,archives,3,1
.vsdx,archives,3,1
.vssm,archives,3,1
.vssx,archives,3,1
.vstm,archives,3,1
.vstx,archives,3,1
.vtk,text,3,1
.wacz,archives,3,1
.whitelist,text,3,1
.work,text,3,3
.xlam,archives,3,1
.xrc,text,3,2
.yapf,text,3,3
.yml,missing,3,3
.yml~,text,3,1
.zae,archives,3,1
.zfo,archives,3,1
.zshrc,text,3,2
0005-subject-line-wrap,text,3,1
011_ignore,text,3,1
05file,text,3,1
06-2d-06,binary,3,1
06-2d-07,binary,3,1
06-3c-03,binary,3,1
06-45-01,binary,3,1
06-46-01,binary,3,1
06-56-02,binary,3,1
06-8e-09_duplicate,binary,3,1
06-ad-01,binary,3,1
06-bd-01,binary,3,1
06-c5-02,binary,3,1
06-c6-02,binary,3,1
15killprocs,text,3,1
20copyfiles,text,3,1
42_biosdisk,text,3,1
50cargo-vendored-code,text,3,1
50dbm,text,3,1
50getrlimit,text,3,1
50off_t,text,3,1
50perl,text,3,1
_autocomplete__history_lines,text,3,1
_genfstab,text,3,1
_openrc,text,3,1
_quoter,text,3,1
_sd,text,3,1
_swaylock,text,3,1
_wl-mirror,text,3,1
_wl-present,text,3,1
_wlogout,text,3,1
access,text,3,1
acknowleds,text,3,1
adfls_dir1_1_long,text,3,1
adfls_file_long,text,3,1
adfls_hardlink_dir,text,3,1
adfls_hardlink_file,text,3,1
adfls_main_dir_long,text,3,1
adfls_softlink,text,3,1
adsf,text,3,1
africa,text,3,1
aif-job-execute,text,3,1
all-keybindings-test,text,3,1
allnoaduncut,text,3,1
antarctica,text,3,1
apel-cfg,text,3,2
apel-els,text,3,2
apple_license,text,3,1
apprun,text,3,2
apps,text,3,2
arp-fingerprint,text,3,1
arr_script,text,3,1
array_profile_expected,text,3,1
asciicast,text,3,1
atopgpud,text,3,1
attribution,text,3,1
attribution-extras,text,3,1
audio,text,3,1
aur,text,3,1
autoupdate,binary,3,1
babinacorba,text,3,1
backup-manager-purge,text,3,1
backuppc,text,3,1
backuppc_migratev3tov4,text,3,1
backuppc_nightly,text,3,1
base,missing,3,2
base_numbers_profile,text,3,1
base_numbers_profile_expected,text,3,1
base_utilities,text,3,1
bash-completion,text,3,3
bash_autocomplete,text,3,3
bats,text,3,1
bats-file,missing,3,2
bats-gather-tests,text,3,1
bd_double_arrow,cursors,3,2
before_install_linux,text,3,1
benchmarks,text,3,1
betterlockscreenrc,text,3,1
big5,text,3,2
bobimanistra,text,3,1
brewfile-static_deps_none,text,3,1
brf,text,3,2
bs_4730,text,3,2
bsdmakefile,text,3,2
btrfs-heatmap,text,3,1
buddyinfo,text,3,1
buffering,text,3,1
build_and_run_all_cli_tests,text,3,1
buildpkg,text,3,1
builduefi64,text,3,1
buzara,text,3,1
byte,text,3,1
byteorder,binary,3,1
ca_es,text,3,1
calculate,text,3,1
chanamasala,text,3,1
changelog~,text,3,1
check-prng,text,3,1
check_utf8_to_ascii,text,3,1
citation,text,3,3
class,text,3,2
clean-whitespace,text,3,1
client_digest_secure,text,3,1
cmap_format_14_master,text,3,1
commented_profile,text,3,1
commented_profile_expected,text,3,1
commit-header,text,3,1
compatibility_issues,text,3,1
compression,text,3,1
config-keys,text,3,1
config_makefile,text,3,1
configs,text,3,3
configset,text,3,1
coolwarm,text,3,1
copying-cmake-scripts,text,3,3
copying-mit,text,3,1
core,text,3,1
corrosion,missing,3,1
cpp,text,3,1
create,text,3,2
create_print,text,3,1
crontab,text,3,2
crossed_circle,cursors,3,2
crypto,text,3,1
cts,missing,3,1
currency,text,3,1
cursorlist,text,3,3
cve-2019-20790,text,3,1
data,text,3,1
db_tests,text,3,1
dbd-version,text,3,1
debbugs,text,3,1
debpackages,text,3,1
debpts,text,3,1
demod,binary,3,1
dev,text,3,2
devnotes,text,3,1
din_66003,text,3,2
disclaimer,text,3,3
discouraged,text,3,1
dist_exclude_x,text,3,1
dnd-none,cursors,3,2
dnsmap-bulk,text,3,1
dnspktflow,text,3,1
do_generate,text,3,1
do_link,text,3,1
do_pages,binary,3,1
dockerfile-build-arch,text,3,2
dockerfile-ssh-dind,text,3,1
docmakefile,text,3,1
domroundtrip,text,3,1
domroundtripdir,text,3,1
domsaxroundtrip,text,3,1
domsaxroundtripdir,text,3,1
domtosaxevent,text,3,1
ds_2089,text,3,2
dtinitconf,text,3,1
dtreqmods,text,3,1
dummy,text,3,3
dune,missing,3,3
dunstctl,text,3,1
dzr-srt,text,3,1
elf,text,3,1
email_query_number,text,3,1
en1mrpa,text,3,1
en_us,text,3,1
encodesrc,text,3,1
entrypoint,text,3,3
env-vars-test,text,3,1
es2,text,3,2
etcetera,text,3,1
example-lvm-vol-backup,text,3,1
examples,missing,3,1
examples,text,3,2
examples_html,text,3,1
exponent_profile_expected,text,3,1
exports,text,3,2
fatrace,text,3,1
fatrace-user,text,3,1
fd_double_arrow,cursors,3,2
fg-extract-translatable-strings,text,3,1
file,text,3,3
file1,text,3,2
file2,text,3,2
file_to_header,binary,3,1
filea,text,3,1
fileb,text,3,1
findlib,text,3,2
finkpkg,text,3,1
fireqos,text,3,1
fitosaxtoxml,text,3,1
fixhtml,text,3,1
flac,text,3,2
flam3-animate,binary,3,1
flim-els,text,3,1
flim-mk,text,3,1
fmawk,text,3,1
fmt,missing,3,1
foo,text,3,2
framework,missing,3,1
freetype-config,text,3,1
fs-uae-launcher,text,3,1
ftb-tmux-popup,text,3,1
gb_1988-80,text,3,2
gemfile-4-0-stable,text,3,1
gemfile-4-1-stable,text,3,1
gemfile-edge,text,3,1
generate-dune-rules,text,3,3
generate-other-formats,text,3,1
generate-shell-stubs,text,3,1
genhtml,text,3,1
genssl,text,3,1
geoip,text,3,1
gh-pages,missing,3,2
ghidra,missing,3,1
git,missing,3,1
git-flow-config,text,3,1
git-flow-log,text,3,1
git-flow-support,text,3,1
git-restore-mtime-min,text,3,1
github-release,text,3,1
glep,text,3,1
glextensions,text,3,1
glm,missing,3,1
glyphorderandaliasdb,text,3,1
gnim,missing,3,1
go,text,3,1
grabbing,cursors,3,2
graphviz,missing,3,1
grc,text,3,1
gsl,text,3,2
gtk,text,3,1
gverify,text,3,1
hand2,cursors,3,2
handover-agent,text,3,1
hddtemp_smartctl,text,3,1
head,text,3,2
headers,text,3,3
homedir_config,text,3,1
howtodist,text,3,1
hstr,text,3,1
hu_hu,text,3,1
hyprland-0,text,3,1
hyprland-2,text,3,1
hyprland-3,text,3,1
ibm866nav,text,3,2
indent,text,3,1
indicators,missing,3,1
inittab,text,3,2
input3,text,3,1
installed-deps-perl-subslot-rebuild,text,3,1
io-scheduler,text,3,1
irctest,missing,3,1
isiri-3342,text,3,2
"iso_8859-1,gl",text,3,2
it_it,text,3,1
jamrules,text,3,1
jellyfin_sessions,text,3,1
jis_c6220-1969-ro,text,3,2
jis_c6229-1984-b,text,3,2
jobnr,text,3,1
jose-jwe-enc,text,3,1
jp2a,text,3,1
keyd-application-mapper,text,3,1
keys,text,3,3
kpatch,text,3,1
krafne,text,3,1
ksc5636,text,3,2
kubeletctl,binary,3,1
lbugz,text,3,1
legal,text,3,3
lein-pkg,text,3,1
lentilcurry,text,3,1
libbrotli,missing,3,1
libffi,missing,3,1
liblog++,missing,3,1
license,missing,3,2
license_opensans,text,3,1
linux-patchset,text,3,1
logainm,text,3,1
lrzip-fe,missing,3,1
ltfs_ordered_copy,text,3,1
lxqt-river-init,text,3,1
make_quest_package,text,3,2
make_release,text,3,2
makejson,text,3,1
makepot,text,3,2
man,text,3,2
marco-no-composite,text,3,1
marco-wrapper,text,3,1
mbcp,text,3,1
mbxz,text,3,1
metis,missing,3,1
mikrotik_system,text,3,1
mirage,text,3,1
misc,text,3,1
mkcd,text,3,3
mkrelease,text,3,2
mkswtt,text,3,1
mkversion,text,3,2
modules,text,3,3
monitor-near,text,3,1
mount-image-callback,text,3,1
mp3-id3v2,text,3,1
msoffice,text,3,1
muldev,text,3,1
multibuild,missing,3,1
multicomp,text,3,1
mutt-temp,text,3,1
mygpo-bpsync,text,3,1
mygpo-list-devices,text,3,1
mygpo-simple-client,text,3,1
nbtscan,binary,3,1
nc_nc00-10,text,3,2
ndef-agent,text,3,1
nested_fields_expected,text,3,1
netselect-apt,text,3,1
new_libpcap,text,3,1
nextcloud_,text,3,1
nf_z_62-010,text,3,2
nf_z_62-010_1973,text,3,2
nfsserver,text,3,1
ng-server,text,3,1
no_warning_begin,text,3,1
notarize,text,3,2
notify,text,3,3
ns_4551-1,text,3,2
ns_4551-2,text,3,2
number_lhs_expr_expected,text,3,1
nuspec,text,3,1
nut_misc,text,3,1
nvimpager,text,3,1
nvx-suspend-restore,text,3,1
openapi,missing,3,1
opensea-transport,missing,3,1
openssh_license,binary,3,1
orpierc,text,3,1
pack-initrd,text,3,1
package-linux,text,3,2
packet_byte_script,text,3,1
pasticada,text,3,1
patch,text,3,2
pci,text,3,1
pecena_kokos,text,3,1
perform-test,text,3,1
pgp_read,text,3,1
pgp_write,text,3,1
phpstan,text,3,1
pilav,text,3,1
pipein_help,text,3,1
pius-party-worksheet,text,3,1
pkg-plist,text,3,1
pl_pl,text,3,1
plus,cursors,3,2
plutovg,missing,3,1
pnuke,text,3,1
postinstall,text,3,2
prepare,text,3,2
proxy_header_test,text,3,1
pt,text,3,2
pt2,text,3,2
pulpogallega,text,3,1
punjenepaprike,text,3,1
pytest,text,3,1
qa-sed,text,3,1
qlogger,missing,3,1
qpinnabletabwidget,missing,3,1
qtls-translate,text,3,1
question_arrow,cursors,3,2
quickemu,text,3,1
rackup,text,3,2
rapidfuzz-cpp,missing,3,1
re,text,3,2
read_codesign_team,text,3,2
readme_cond_comp,text,3,1
readme_geant4,text,3,1
rebuild,text,3,2
reconf,text,3,2
regress,text,3,3
regtest,text,3,1
release_notes_3_2,text,3,1
remarkable,text,3,1
repo_name,text,3,2
revdep-snippet,text,3,1
rgbpm2,text,3,1
riba,text,3,1
rizot,text,3,1
rlottie,missing,3,1
rog-panel-od,text,3,1
ronn,text,3,1
rspec,text,3,3
run-automatic-rear,text,3,1
run_llil4map,text,3,1
rust,text,3,1
s,text,3,2
salmorejo,text,3,1
saxdomsaxdiff,text,3,1
saxdomsaxdiffdir,text,3,1
saxroundtrip,text,3,1
saxroundtripdir,text,3,1
saxstaxdiff,text,3,1
saxstaxdiffdir,text,3,1
saxtodomtosaxevent,text,3,1
saxtosaxevent,text,3,1
sb_down_arrow,cursors,3,2
sb_h_double_arrow,cursors,3,2
sb_left_arrow,cursors,3,2
sb_right_arrow,cursors,3,2
sb_up_arrow,cursors,3,2
sb_v_double_arrow,cursors,3,2
schema,text,3,1
screenshot,text,3,1
scripts,missing,3,1
sctp_stream_script,text,3,1
sdate,text,3,1
sdl_helper,text,3,1
semi-els,text,3,1
semi-mk,text,3,1
sen_850200_b,text,3,2
sen_850200_c,text,3,2
sendmail-reject,text,3,1
sensors-detect,text,3,1
serialization_1,text,3,1
serialization_2,text,3,1
serialization_3,text,3,1
server_digest_secure,text,3,1
set_property,binary,3,1
setpass,text,3,1
setup_once,text,3,2
shared_config_invalid_ini,text,3,2
shared_config_other,text,3,2
shox,binary,3,1
shunit2_test_helpers,text,3,1
sign,text,3,2
sign-post-release,text,3,1
sk_sk,text,3,1
slack-desc,text,3,3
smbios-battery-ctl,text,3,1
smbios-keyboard-ctl,text,3,1
smbios-sys-info,text,3,1
snapshot_script,text,3,1
soa,text,3,1
soundconverter,text,3,1
source-test,text,3,1
span_ext,text,3,1
sparkle,binary,3,1
sparse-checkout,text,3,1
sparse_hash_map,text,3,1
sparse_hash_set,text,3,1
spdlog,missing,3,1
speedy,missing,3,1
spyview,text,3,1
ss,text,3,1
ss-ref,text,3,1
stacktrace,missing,3,1
stamp-h,text,3,2
stapler,text,3,1
staxroundtrip,text,3,1
staxroundtripdir,text,3,1
staxtosaxtosaxevent,text,3,1
steepfile,text,3,3
stenc,text,3,1
substvars,text,3,2
sudo,text,3,1
sw1,binary,3,1
system-setup,text,3,1
systemd-user,text,3,1
t,text,3,1
t-verify-received-spf-good,text,3,1
t16,text,3,1
t_json,text,3,1
tartarbiftek,text,3,1
tcp_range_script,text,3,1
tcp_rr_script,text,3,1
tcp_stream_script,text,3,1
tegaki-convert,text,3,1
template,text,3,2
termdiff,text,3,1
test,binary,3,3
test-functions,text,3,1
test-growpart,text,3,1
test0,text,3,1
test15,text,3,3
test3,text,3,1
test5,text,3,1
test7,text,3,1
test_filenames,text,3,1
test_helpers,text,3,2
test_option_twiddling,text,3,1
tigrc,text,3,1
tikkamasala,text,3,1
tile-test,text,3,1
timeshift-launcher,text,3,1
tmux-asciicast-pane,text,3,1
toml-test,missing,3,1
tools,missing,3,1
touch,text,3,1
tr_tr,text,3,1
transparent_proxy_test,text,3,1
udev-soundfont,text,3,1
udp_rr_script,text,3,1
udp_stream_script,text,3,1
ufetch-guixsd,text,3,1
ufetch-mxlinux,text,3,1
update-pot,text,3,1
updatebug,text,3,1
upgrade,text,3,2
upload,text,3,3
uranium,text,3,1
url,text,3,2
us1mrpa,text,3,1
usb,text,3,1
use-test-snippet,text,3,1
userlock,text,3,1
uuid,text,3,2
v,text,3,1
validate-generate,text,3,1
vars,text,3,1
vcf-haplotypes,text,3,1
vermischtes,text,3,1
vms_main,text,3,1
vmstat,text,3,1
waf,text,3,3
warning,text,3,2
webcamize,text,3,1
wl-els,text,3,1
wsdd,text,3,1
x,text,3,2
x_cursor,cursors,3,2
xkbset-gui,text,3,1
xlat-os-common,text,3,1
xmltodomtofi,text,3,1
xmltodomtosaxtofi,text,3,1
xmltosaxtofi,text,3,1
xmltosaxtostaxtofi,text,3,1
xterm,cursors,3,2
xx-svn-review,text,3,1
yafcrc,text,3,1
zfs_stats_,text,3,1
zh_cn,text,3,1
zip,text,3,1
zlib,missing,3,2
zlib-ng,missing,3,2
zonesigner,text,3,1
zstd,missing,3,3
zstdcat,text,3,2
',text,2,1
+zyhnua-,text,2,1
.0-sprockets-3,text,2,1
.0-sprockets-4,text,2,1
.001,text,2,1
.003,text,2,1
.003-mac,text,2,2
.003-serb,text,2,2
.04-kcov-39,text,2,1
.04-kcov-40,text,2,1
.04-kcov-41,text,2,1
.04-kcov-42,text,2,1
.04_acescontainer,text,2,1
.04_brew,text,2,1
.04_lto,text,2,1
.04_no_libtiff_valgrind,text,2,1
.04_openexr2_shared,text,2,1
.04_openexr2_static,text,2,1
.04_openexr33,text,2,1
.1-sprockets-3,text,2,1
.1-sprockets-4,text,2,1
.101-g2,text,2,2
.10_ubuntu1604,text,2,1
.11,binary,2,2
.11-pti-ldt,text,2,1
.11-pti-user,text,2,1
.110-1983,text,2,2
.13-3-debian,binary,2,1
.1ad,binary,2,1
.1mgq27,text,2,1
.2-sprockets-3,text,2,1
.2-sprockets-4,text,2,1
.2-startcenter,text,2,1
.3-changelog,text,2,1
.30,text,2,1
.3fr,text,2,1
.4-1985-gr,text,2,2
.45,text,2,1
.5-changelog,text,2,1
.61-7bit,text,2,2
.61-8bit,text,2,2
.945,text,2,1
.__rc,text,2,1
.a64fx,text,2,1
.ac~,text,2,1
.adc,text,2,1
.ahi,text,2,1
.an,text,2,1
.ant,text,2,1
.antimes,text,2,1
.api_filters,text,2,1
.application,text,2,2
.argv,text,2,1
.arw,failed:pictures,2,1
.asmjit,text,2,1
.assets,text,2,2
.asy,text,2,1
.augprint,text,2,1
.augtool,text,2,1
.autocomplete__compinit,text,2,1
.autocomplete__main,text,2,1
.autogen,text,2,1
.autogenerated_defines,text,2,1
.autotest,text,2,2
.autotools,text,2,2
.b10c,binary,2,1
.b111,binary,2,1
.b8c,binary,2,1
.b9f,binary,2,1
.ba0,binary,2,1
.ba1,binary,2,1
.ba2,binary,2,1
.ba3,binary,2,1
.ba4,binary,2,1
.baa,binary,2,1
.backup,text,2,1
.bad,text,2,2
.bam,archives,2,1
.bash_completion,text,2,1
.bash_profile,text,2,1
.bashcomp,text,2,1
.basic,text,2,2
.bat,binary,2,1
.batch,text,2,1
.bb8,binary,2,1
.bbl,text,2,2
.bdba,text,2,2
.be,text,2,1
.bicep,text,2,2
.binary,text,2,2
.bnf,text,2,1
.broken-ref,text,2,1
.bst,text,2,2
.buckversion,text,2,2
.build_exe_time,binary,2,1
.byte,text,2,1
.c_template,text,2,1
.cane,text,2,1
.cartridges,text,2,2
.ccls,text,2,1
.cdl,text,2,2
.centos-7,text,2,1
.centos-stream,text,2,1
.cf,text,2,2
.cgi-source,text,2,1
.changed,text,2,1
.charset,text,2,2
.check_cache,text,2,1
.clang-files,text,2,1
.clang_complete,text,2,2
.clean,text,2,2
.cnx,text,2,1
.codespellignorelines,text,2,1
.compok,text,2,1
.conf copy,text,2,1
.converagerc,text,2,2
.correct,text,2,1
.coverage,text,2,2
.crx,binary,2,1
.crx,text,2,1
.css~,text,2,1
.cstm,text,2,1
.cucumber,text,2,1
.cuda,text,2,2
.cwl,binary,2,1
.cxx,binary,2,1
.cygwin,text,2,2
.d__doas__darwin,text,2,1
.d__doas__linux,text,2,1
.daemon,text,2,2
.darkice,text,2,1
.db3,binary,2,1
.dbq,text,2,1
.debhelper,text,2,1
.debian-11,text,2,1
.debian-init,text,2,1
.dec,text,2,2
.dev86,text,2,1
.devel,text,2,1
.developer,text,2,1
.dfy,text,2,1
.dmg,failed:archives,2,1
.doc-base,text,2,2
.dockerps,text,2,1
.dos,text,2,1
.dotsettings,text,2,2
.drpm,binary,2,1
.ds,text,2,1
.eca,text,2,1
.editable,text,2,1
.egg,archives,2,1
.eld,text,2,1
.elogind,text,2,1
.els,text,2,1
.emerald,archives,2,1
.emf,binary,2,1
.encrypted,binary,2,1
.env_example,text,2,1
.epgscan,text,2,1
.esy,text,2,1
.etag,text,2,1
.example,binary,2,1
.exclude-slot,text,2,1
.exe,text,2,2
.exif,failed:pictures,2,1
.exists,text,2,2
.expected-cmdliner2,text,2,1
.ext,text,2,2
.extlibs,text,2,1
.extras-list,text,2,1
.fake,text,2,1
.fasta,text,2,1
.fbk,binary,2,1
.fdf,binary,2,1
.fedora-31,text,2,1
.fedora-41,text,2,2
.fedora33,text,2,1
.ffi,text,2,1
.file,text,2,2
.finf,binary,2,1
.fit,binary,2,1
.flac,binary,2,2
.flags,text,2,2
.flam3,text,2,1
.flf,binary,2,1
.flite,text,2,1
.fml,text,2,2
.foot2,text,2,1
.fox,text,2,1
.fpp,text,2,1
.from,text,2,1
.fw,archives,2,1
.g-c,text,2,1
.g4,text,2,1
.gcloudignore,text,2,1
.gcode,text,2,1
.gdb_history,text,2,1
.gdshader,text,2,1
.gem,archives,2,1
.gemtest,text,2,2
.gentoo-init,text,2,1
.gff,text,2,1
.gitignore,missing,2,2
.gitlint,text,2,2
.gitmoduleversions,text,2,1
.glade#,text,2,1
.go-bindata,text,2,1
.goml,text,2,1
.gp,text,2,1
.gplv3,text,2,2
.gpr,missing,2,2
.grammar,text,2,1
.groupproj,text,2,2
.gvimrc,text,2,1
.gz,failed:archives,2,2
.gz,missing,2,1
.h_noload,text,2,1
.hdf5,binary,2,1
.heex,text,2,1
.help,text,2,1
.hf,text,2,1
.hhp,binary,2,1
.hlsli,text,2,1
.hpp,missing,2,1
.html~,text,2,1
.hurl,text,2,1
.hva,text,2,1
.hxx,binary,2,1
.i4ekqy,text,2,1
.ico,missing,2,2
.idc,text,2,1
.ifo,text,2,1
.il,text,2,1
.index,binary,2,1
.inf,binary,2,1
.installcligac,text,2,1
.installer,text,2,1
.ip232,text,2,1
.ipldt,text,2,2
.iqm,binary,2,1
.irv,text,2,2
.iso,text,2,1
.iso8859-13,binary,2,1
.isz,binary,2,1
.ivairus,binary,2,1
.ivf,binary,2,1
.jar,missing,2,1
.jargon,binary,2,1
.jison,text,2,1
.js_t,text,2,1
.json_1,text,2,2
.json_2,text,2,2
.json_3,text,2,2
.json_4,text,2,2
.jsonprovider,text,2,2
.jwt,text,2,1
.kafka,text,2,1
.kate-swp,text,2,1
.kateconfig,text,2,1
.kbd,text,2,1
.keep-directory,text,2,1
.kicad_pcb,text,2,1
.ksh,text,2,2
.kvc,text,2,1
.l,binary,2,1
.l700,text,2,1
.lai,text,2,1
.lame,text,2,1
.lastbuildstate,text,2,1
.lastreleaseversion,text,2,1
.lastreleaseversioncode,text,2,1
.le,text,2,1
.lgpl,text,2,2
.lint,text,2,2
.lintian,text,2,1
.linux64_simde_arm,text,2,1
.linux64_sse2,text,2,1
.list-ref-bak,text,2,1
.lnx86,text,2,1
.locs,text,2,1
.login,text,2,1
.logrotate,text,2,1
.lproj,text,2,1
.lst,missing,2,1
.lua,missing,2,1
.lyx,binary,2,1
.m4sugar,text,2,1
.m4v,binary,2,1
.magic,text,2,1
.manx,text,2,1
".markdown""",missing,2,1
.markdownlintignore,text,2,2
.mbox,text,2,2
.mbroli,text,2,1
.mc6,text,2,1
.mdoc,text,2,2
.mime,text,2,2
.minimum,text,2,1
.minitest4,text,2,1
.minix,text,2,1
.mir,text,2,1
.mit,text,2,2
.ml_byte,text,2,2
.ml_native,text,2,2
.mlcpp,text,2,1
.mliv,text,2,1
.mlv,text,2,1
.mmdb,binary,2,2
.mmh,text,2,1
.mplayer,text,2,1
.mpp,binary,2,1
.msgpack,binary,2,1
.mss,text,2,1
.msv,text,2,1
.mtx,binary,2,1
.mtx,text,2,1
.multi,text,2,2
.musx,archives,2,1
.mxl,archives,2,1
.n,binary,2,1
.name,text,2,1
.nanorc,text,2,1
.ncb,binary,2,1
.net,text,2,1
.netbsd,text,2,2
.network,text,2,1
.networkprotocolprovider,text,2,1
.newer,text,2,1
.nmk,text,2,1
.notes,text,2,1
.notice,text,2,1
.nul,text,2,1
.nunit,text,2,1
.odg#,text,2,1
.old,binary,2,2
.openbsd,text,2,2
.openrc,text,2,2
.opensuse-leap-15,text,2,1
.opml,text,2,1
.opt,binary,2,1
.orig1,text,2,1
.out~,text,2,1
.ovt,text,2,1
.ow,text,2,1
.passwd,text,2,1
.patterns,text,2,1
.pbs,text,2,1
.pch,binary,2,1
.pekwm_sys,text,2,1
.pending-snap,text,2,1
.pep8,text,2,1
.perl,binary,2,1
.perlsupport,text,2,1
.pgp,binary,2,1
.phar,binary,2,1
.pjd,text,2,1
.pkginfo,text,2,1
.plist,binary,2,2
.pmt,text,2,1
.pnm,binary,2,2
.portable,text,2,1
.posix,text,2,1
.power,text,2,1
.pp-output,text,2,1
.ppc,text,2,1
.ppc64le,text,2,1
.prc,text,2,1
.prebuilt,text,2,2
.prettierrc,text,2,2
.processor,text,2,2
.programs,text,2,1
.proj,text,2,1
.projectile,text,2,2
.prop,binary,2,1
.ps,binary,2,1
.ps3,text,2,1
.psp,text,2,1
.pug,text,2,1
.pure,text,2,1
.putty,text,2,1
.py_bak0,text,2,1
.py_tmpl,text,2,1
.pydevproject,text,2,2
.pypirc,text,2,1
.q,text,2,1
.qhc,binary,2,1
.qiv-command,text,2,1
.quilt_patches,text,2,2
.quilt_series,text,2,2
.rahit,text,2,1
.rails-edge,text,2,1
.rails5_rmagick,text,2,1
.rails6_mini_magick,text,2,1
.rails7,text,2,1
.rails7_rmagick,text,2,1
.rails8_mini_magick,text,2,1
.rdumpfs,text,2,1
.redhat-init,text,2,1
.redhat-spec,binary,2,1
.redis,text,2,1
.release-status,text,2,1
.relwithdebinfo,text,2,1
.remarkrc,text,2,2
.repl,text,2,1
.replay_exclude,binary,2,1
.replay_include,binary,2,1
.replay_unique_ip,binary,2,1
.repr,text,2,1
.request,text,2,1
.rev,text,2,2
.rewrite_1ttl,binary,2,1
.rewrite_1ttl-hdrfix,binary,2,1
.rewrite_2ttl,binary,2,1
.rewrite_2ttl-hdrfix,binary,2,1
.rewrite_3ttl,binary,2,1
.rewrite_3ttl-hdrfix,binary,2,1
.rewrite_config,binary,2,1
.rewrite_efcs,binary,2,1
.rewrite_enet_subsmac,binary,2,1
.rewrite_fixcsum,binary,2,1
.rewrite_fixlen_del,binary,2,1
.rewrite_fixlen_pad,binary,2,1
.rewrite_fixlen_trunc,binary,2,1
.rewrite_l7fuzzing,binary,2,1
.rewrite_mac,binary,2,1
.rewrite_mac_seed,binary,2,1
.rewrite_mac_seed_keep,binary,2,1
.rewrite_mtutrunc,binary,2,1
.rewrite_pad,binary,2,1
.rewrite_pnat,binary,2,1
.rewrite_portmap,binary,2,1
.rewrite_range_portmap,binary,2,1
.rewrite_seed,binary,2,1
.rewrite_sequence,binary,2,1
.rewrite_skip,binary,2,1
.rewrite_tos,binary,2,1
.rewrite_trunc,binary,2,1
.rewrite_vlandel,binary,2,1
.rg,archives,2,1
.rgen,text,2,1
.rh_rpm_package,text,2,1
.rid,text,2,1
.riscv,text,2,2
.riscv64_zvl128b,text,2,1
.riscv64_zvl256b,text,2,1
.rkyv,binary,2,1
.rockylinux-8,text,2,1
.rockylinux-9,text,2,1
.root,text,2,2
.rpt,binary,2,1
.rspec_status,text,2,1
.rsyslog,text,2,1
.rule,text,2,1
.runtests,text,2,1
.rws,binary,2,1
.sacl,text,2,1
.scowl,text,2,1
.scripts,text,2,2
.secure,text,2,2
.serial,text,2,1
.sfx,text,2,1
.sh_,text,2,2
.showtoc,text,2,1
.sif,binary,2,1
.signature,binary,2,1
.signature-v3,binary,2,1
.simd,text,2,1
.sip,text,2,2
.sjis,binary,2,1
.sl,text,2,1
.slirpvde,text,2,1
.smallprof,text,2,1
.solaris-init,text,2,1
.spdx,text,2,2
.spt,text,2,1
.sqlite,text,2,1
.sqlite_unixsock,text,2,1
.sscb,text,2,2
.standalone,text,2,1
.std,binary,2,1
.str,text,2,1
.stream-error,binary,2,1
.strrnc,text,2,1
.sublime-syntax,text,2,2
.summary,text,2,2
.suse-init,text,2,1
.suse-spec,binary,2,1
.sv,text,2,1
.svf,text,2,1
.svg,binary,2,1
.svnignore,text,2,2
.sysconf,text,2,1
.tangram,text,2,1
.tar,binary,2,1
.tclshrc,text,2,1
.tdesc,text,2,1
.tfr,binary,2,1
.tgz,failed:archives,2,1
.thor,text,2,1
.time-stamp,text,2,1
.tmp,text,2,1
.toast,binary,2,1
.top,text,2,1
.tpo,text,2,1
.transition,text,2,1
.trip,text,2,1
.tut,text,2,1
.tx,text,2,1
.txt#,text,2,1
.txt2htmlrc,text,2,1
.t~,text,2,1
.u,text,2,1
.ubi,text,2,1
.ucs-2be,binary,2,1
.ucs4,binary,2,1
.uif,binary,2,1
.unit-test,text,2,1
.unmodified,text,2,1
.usr,text,2,1
.uuid,text,2,1
.vbp,text,2,2
.vdproj,binary,2,1
.vdproj,text,2,1
.vhdl,text,2,1
.vm,text,2,2
.vorbis,text,2,1
.vsidx,binary,2,1
.wanted,text,2,1
.watchdogd,text,2,1
.watcom,text,2,2
.wdi_driver,text,2,1
.webmanifest,text,2,2
.whatever-extension,text,2,1
.whysynth,text,2,1
.wmpbtheme,text,2,1
.workflow,text,2,1
.wsuo,binary,2,1
.x11-setup,text,2,1
.x_bitmaps,text,2,1
.xcf,text,2,1
.xiz,archives,2,1
.xlw,text,2,1
.xpm,pictures,2,1
.xsyg,text,2,1
.yao,text,2,1
.ym,text,2,2
.yo,binary,2,1
.yodl,text,2,1
.zlib,binary,2,1
.zopflipng,text,2,1
.zsh-completion,text,2,1
.zshcomp,text,2,1
.zsimple,text,2,1
00000000000000020006000e7e9ffc3f,cursors,2,1
0006-no-ascii-chars,text,2,1
0007-subject-empty,text,2,1
00_filter_devices,text,2,1
00cc,text,2,1
06-05-03,binary,2,1
06-06-0a,binary,2,1
06-08-01,binary,2,1
06-08-03,binary,2,1
06-08-06,binary,2,1
06-0f-06,binary,2,1
06-2a-07,binary,2,1
06-37-09,binary,2,1
06-3a-09,binary,2,1
06-3e-04,binary,2,1
06-3e-07,binary,2,1
06-86-04,binary,2,1
06-86-05,binary,2,1
06-8e-0b_duplicate,binary,2,1
06-ba-02_duplicate,binary,2,1
06-ba-03_duplicate,binary,2,1
06-be-00_duplicate,binary,2,1
08e8e1c95fe2fc01f976f1e063a24ccd,cursors,2,1
132html,text,2,1
15binfmt,text,2,1
2,text,2,1
20251113,text,2,2
20251114,text,2,2
20251115,text,2,2
20251116,text,2,2
20nssdatabases,text,2,1
229_en,binary,2,1
256_en,binary,2,1
3,text,2,1
3ecb610c1bf2410f44200f48c40d3599,cursors,2,1
42brickd,text,2,1
503_en,binary,2,1
50atoll,text,2,1
50ninja-missingdeps,text,2,1
50xdg-utils,text,2,1
52d24db2f34a8d112b87e0d2fad842e0c93dd547,text,2,1
65_en,binary,2,1
80magicrescue_defs,text,2,1
90magicrescue_defs,text,2,1
91_en,binary,2,1
95_pmount_cache,text,2,1
961_en,binary,2,1
__missing__,text,2,1
__version__,text,2,1
_alias_module,text,2,1
_artprint,text,2,1
_arttime,text,2,1
_augtool,text,2,1
_binutils-config,text,2,1
_busted,text,2,1
_cepl,text,2,1
_code-minimap,text,2,1
_fuzzel,text,2,1
_gentoo_arches,text,2,1
_ghc,text,2,1
_grc,text,2,1
_j4-dmenu-desktop,text,2,1
_mako,text,2,1
_pacstrap,text,2,1
_perl-cleaner,text,2,1
_pycpio,text,2,1
_qpdf,text,2,1
_redirects,text,2,2
_riverctl,text,2,1
_task,text,2,1
_themes,missing,2,2
_xwallpaper,text,2,1
a1,text,2,2
abc,missing,2,1
abrestore,text,2,1
abs-symlink-test,text,2,2
absdirs,text,2,1
access_vectors,text,2,2
acknowledgements,text,2,2
acronym,text,2,1
activate,text,2,2
adb,missing,2,1
adfls_main_dir,text,2,1
af1,binary,2,1
afl-whatsup,text,2,1
alioth,text,2,1
all_headers,binary,2,1
all_headers,text,2,1
all_i_get_is_a_grey_box,text,2,1
alotrc_table,text,2,1
amavisd,text,2,1
analysis_context_class,text,2,1
android-release,text,2,1
annihilape,text,2,1
anope-mkpasswd,text,2,1
ansi-to-tui,missing,2,1
api,text,2,2
apinames,binary,2,1
appimage_openssl_hook,text,2,1
applied-patches,text,2,2
appraisal,text,2,2
ar1,binary,2,1
ar2,binary,2,1
arboliva,text,2,1
arc-darkerrc,text,2,1
arch-chroot,text,2,1
arch-colors,text,2,1
architectures,text,2,1
archive,text,2,2
archiver,binary,2,1
archpkg,text,2,1
archwiki,text,2,1
arctibax,text,2,1
argparse,missing,2,1
armarouge,text,2,1
armscii-8,text,2,2
arn_profile,text,2,1
arn_profile_expected,text,2,1
array_profile,text,2,1
asahi,text,2,1
asan_suppressions,text,2,1
asmo_449,text,2,2
asroot,text,2,1
assert,text,2,2
assets,missing,2,1
assets,text,2,2
asterisk_wrapper,text,2,1
asus-zenbook-ux330ua-ah55,text,2,1
attr,text,2,1
austere,text,2,1
authors-asl,text,2,1
authors-lgpl,text,2,1
auto-cpufreq-installer,text,2,1
autorandr_nitrogen_wallpaper,text,2,1
autotest-rpc-change-protection-level,text,2,1
autotest-tko-parse,text,2,1
avaloniaedit,missing,2,1
avb,missing,2,1
aws-c-common,missing,2,1
aws-c-http,missing,2,1
aws-c-io,missing,2,1
aws-lc,missing,2,1
azure-ephemeral-disk-setup,text,2,1
b,text,2,2
b3,text,2,1
backlight-restorer,text,2,1
backup,text,2,1
backuppc_admin_scgi,text,2,1
backuppc_archivestart,text,2,1
backuppc_backupdelete,text,2,1
backuppc_backupduplicate,text,2,1
backuppc_rrdupdate,text,2,1
backward,text,2,2
bad_dns_request_test,text,2,1
bad_section_name,text,2,1
bad_syntax_1,text,2,1
bad_syntax_2,text,2,1
baseline,text,2,1
baseline-asserts,text,2,1
bash,missing,2,1
batchrun,text,2,2
bats-exec-file,text,2,1
battery-poly,text,2,1
baxcalibur,text,2,1
bbkeysrc,text,2,1
be,text,2,1
bellibolt,text,2,1
benchcmp,text,2,1
benchmark,binary,2,1
bibmail_1gb,text,2,1
big5-hkscs,text,2,2
blackbox_addadmin,text,2,1
blackbox_initialize,text,2,1
blackbox_register_new_file,text,2,1
bladerf-fsk,missing,2,1
blinkenlights,text,2,1
bmaptool,text,2,1
bmc-snmp-proxy,text,2,1
bombirdier,text,2,1
bond2team,text,2,1
bootstrap-configure,text,2,1
bootstrap-in-dir,text,2,2
borg,text,2,1
bpf-checkpoint-commit,text,2,2
br1,binary,2,1
br2,binary,2,1
br3,binary,2,1
br4,binary,2,1
brambleghast,text,2,1
bramblin,text,2,1
branch,text,2,1
brbg,text,2,1
brickd,text,2,1
brise,missing,2,1
brute-bonnet,text,2,1
brzo,text,2,2
bs_viewdata,text,2,2
btrfs-assistant,text,2,1
btrfs_usage,text,2,1
bubbles,text,2,1
bug-mmap,binary,2,1
bugs,binary,2,1
bugs_html,binary,2,1
build-and-run,text,2,1
build-binary,text,2,1
build-depends-on,text,2,2
build-dmg,text,2,2
build-libtorrent,text,2,1
build-manylinux-wheels,text,2,1
build-with-env,text,2,1
build_kit,text,2,1
buildbios,text,2,1
buildbioslinux,text,2,1
buildpbaroot,text,2,1
buildrealms,text,2,1
buildrescue,text,2,1
bundle-audit,text,2,2
bundler-audit,text,2,2
bz1,binary,2,1
c,missing,2,1
c11,text,2,1
c12,text,2,1
c3,text,2,1
c5,text,2,1
c6,text,2,1
c7,text,2,1
c8,text,2,1
c9,text,2,1
ca1,binary,2,1
ca2,binary,2,1
calamares-pkexec,text,2,1
capsakid,text,2,1
case,text,2,1
cask-emacs-24-4,text,2,1
category,text,2,2
cdada-gen,text,2,1
ceruledge,text,2,1
cetitan,text,2,1
cetoddle,text,2,1
changelist,text,2,2
changes~,text,2,1
charcadet,text,2,1
check-copyright,text,2,1
check-utils,text,2,1
check-zone-expiration,text,2,1
check_html5,text,2,1
check_iwyu,text,2,1
check_linux_bonding,text,2,1
check_on_release,text,2,1
check_tags,text,2,2
check_tidy,text,2,1
check_utf8,binary,2,1
check_version,text,2,2
checkinstall,text,2,1
checkman,text,2,1
checkoutlist,text,2,2
checkpoint-commit,text,2,2
chi-yu,text,2,1
chien-pao,text,2,1
cite,text,2,1
clang-format,text,2,2
clean-qdisc,text,2,1
cleanarch,text,2,1
cleankrf,text,2,1
cleantabs,text,2,2
cleantxt,text,2,1
cli11,missing,2,1
cliphist-fzf,text,2,1
cliphist-wofi-img,text,2,1
clodsire,text,2,1
cmake,text,2,1
cmdline,text,2,1
cmp_size,text,2,2
cn1,binary,2,1
coda-make-certs,text,2,1
code_climate_reek,text,2,2
collectresults,text,2,2
color,text,2,2
color-to-tui,missing,2,1
comm,text,2,1
commitinfo,text,2,2
common_make_rules,text,2,1
compare,text,2,2
compat-symbols,text,2,1
compextratest,text,2,1
conf_windows,text,2,1
conf_windows_debug,text,2,1
confd,text,2,1
config,binary,2,2
config-script-override-test,text,2,2
config_getargs,text,2,1
config_print,text,2,1
configure,binary,2,1
connectedparticlesystem,text,2,1
container-entrypoint,text,2,1
container_daemon,text,2,1
container_run,text,2,1
convert,text,2,1
convertar,text,2,1
copying,binary,2,2
copying-gpl-3,text,2,2
copyrightcomment,text,2,1
coq-lsp,missing,2,1
coq-stdlib,missing,2,1
coq-waterproof,missing,2,1
core-test,missing,2,1
corrupted_header_len,binary,2,1
corrupted_header_len,text,2,1
corrupted_headers,binary,2,1
corrupted_headers,text,2,1
corrupted_length,binary,2,1
corrupted_length,text,2,1
corrupted_payload,binary,2,1
corrupted_payload,text,2,1
cover,text,2,2
cp10007,text,2,2
cp1125,text,2,2
cp1250,text,2,2
cp1251,text,2,2
cp1252,text,2,2
cp1253,text,2,2
cp1254,text,2,2
cp1255,text,2,2
cp1256,text,2,2
cp1257,text,2,2
cp1258,text,2,2
cp737,text,2,2
cp775,text,2,2
cp932,text,2,2
cp949,text,2,2
cpuinfo-vmware-esx,text,2,1
cpuspeed,text,2,1
cpyright,text,2,1
cr1,binary,2,1
cracklib-format,text,2,1
crazy_20gb_file,text,2,1
credential_source_config,text,2,1
credential_source_config_for_windows,text,2,1
crocalor,text,2,1
csm_shared_config,text,2,1
csn_369103,text,2,2
cubeb-pulse-rs,missing,2,1
cullstack,text,2,1
curlie,binary,2,1
currently-used-ci-coq-versions,text,2,1
cursorsvg,text,2,1
cve-2021-34555,text,2,1
cvswrappers,text,2,2
cwi,text,2,2
cyclizar,text,2,1
cz1,binary,2,1
cz2,binary,2,1
d2,text,2,1
dachsbun,text,2,1
darcs-record-0~,text,2,1
darts-benchmark,binary,2,1
datagen,text,2,2
db_pull_request,text,2,1
dc,missing,2,1
de1,binary,2,1
de2,binary,2,1
de3,binary,2,1
de4,binary,2,1
de5,binary,2,1
de6,binary,2,1
de7,binary,2,1
de8,binary,2,1
deb-packaging-juno,missing,2,1
deb-packaging-loki,missing,2,1
deb-src,text,2,2
deb_config,text,2,1
deb_rules,text,2,1
debian-ftp-mirrors,text,2,1
dec-mcs,text,2,2
decrypt-if-have-key,text,2,2
deep-symlink-test,text,2,2
delete_on_error,text,2,2
deploy-if-have-key,text,2,2
detrail,text,2,1
df,text,2,1
dictionary,text,2,2
die,text,2,2
diff2,text,2,1
diffs,text,2,1
digest,text,2,2
digestpw,text,2,1
dinit,text,2,1
dir,text,2,2
dircompare,text,2,1
disable-test,text,2,2
disabled,text,2,1
diskdump-basic-vmcoreinfo,text,2,1
diskdump-flat-vmcoreinfo,text,2,1
dist-xz,text,2,2
distdir,text,2,2
distinfo,text,2,1
distribution-gpg-keys,text,2,1
distributors,text,2,1
distrobox,text,2,1
distrobox-assemble,text,2,1
distrobox-create,text,2,1
distrobox-enter,text,2,1
dkms,text,2,1
do_profile,text,2,1
do_release,text,2,1
docker,text,2,1
docker-deb-test,text,2,1
docker-python-test,text,2,1
docker-tox-test,text,2,1
docker_pull_count,text,2,1
dockerfile-archlinux,text,2,1
dockerfile-deb,text,2,1
dockerfile-docs,text,2,1
dockerfile-gentoo,text,2,2
dockerfile-integtester,text,2,1
dockerfile-musl,text,2,1
dockerfile-napitester,text,2,1
dockerfile-rpm,text,2,1
dockerfile-unittester,text,2,1
dockerfile_openexr3,text,2,1
dockerfile_ubuntu_latest_clang,text,2,1
doctest,missing,2,1
dolliv,text,2,1
domroundtrip_rtt,text,2,1
domsaxroundtrip_rtt,text,2,1
dondozo,text,2,1
dontdump,text,2,1
donuts,text,2,1
download,text,2,2
download-dependencies,text,2,1
download_html,text,2,1
doxygen-awesome,missing,2,2
draft_large,text,2,1
draft_small,text,2,1
drawvalmap,text,2,1
dromozoa-markdown-table,text,2,1
ds_store,binary,2,1
dtck,text,2,1
dtconf,text,2,1
dtconfchk,text,2,1
dtdefs,text,2,1
dtnagobj,text,2,1
dtrealms,text,2,1
dtupdkrf,text,2,1
dudunsparce,text,2,1
dune-shared,text,2,1
dune-static,text,2,1
dvb-reload-modules,text,2,1
dzr-dec,text,2,1
e,text,2,1
e2fsprogs,missing,2,1
earthly-next,text,2,1
easy-encryption,missing,2,1
ebcdic-at-de,text,2,2
ebcdic-at-de-a,text,2,2
ebcdic-ca-fr,text,2,2
ebcdic-dk-no,text,2,2
ebcdic-dk-no-a,text,2,2
ebcdic-es,text,2,2
ebcdic-es-a,text,2,2
ebcdic-es-s,text,2,2
ebcdic-fi-se,text,2,2
ebcdic-fi-se-a,text,2,2
ebcdic-fr,text,2,2
ebcdic-is-friss,text,2,2
ebcdic-it,text,2,2
ebcdic-pt,text,2,2
ebcdic-uk,text,2,2
ebcdic-us,text,2,2
echo,text,2,2
echos,text,2,1
ecma-cyrillic,text,2,2
ee1,binary,2,1
effect,text,2,1
elf-qemu-cpustate-wrongver,text,2,1
empty_file,text,2,1
empty_message,binary,2,1
empty_message,text,2,1
empty_profile,text,2,1
empty_profile_expected,text,2,1
en1,binary,2,1
enamorus-therian,text,2,1
envstat,text,2,1
epython-disable-test,text,2,2
epython-test,text,2,2
eradicate,text,2,1
erb,text,2,2
es1,binary,2,1
es2,binary,2,1
es3,binary,2,1
es4,binary,2,1
escaped_profile,text,2,1
escaped_profile_expected,text,2,1
eselect-test,text,2,2
espathra,text,2,1
euc-jisx0213,text,2,2
euc-jp,text,2,2
euc-jp-ms,text,2,2
euc-kr,text,2,2
euc-tw,text,2,2
evolvotron_complexity,text,2,1
excluded,text,2,2
expchk,text,2,1
exponent_profile,text,2,1
export-docs-from-image,text,2,1
expr-1,text,2,2
expr-10,text,2,2
expr-100,text,2,2
expr-101,text,2,2
expr-102,text,2,2
expr-103,text,2,2
expr-104,text,2,2
expr-105,text,2,2
expr-106,text,2,2
expr-107,text,2,2
expr-108,text,2,2
expr-109,text,2,2
expr-110,text,2,2
expr-112,text,2,2
expr-115,text,2,2
expr-118,text,2,2
expr-119,text,2,2
expr-12,text,2,2
expr-120,text,2,2
expr-121,text,2,2
expr-122,text,2,2
expr-123,text,2,2
expr-126,text,2,2
expr-128,text,2,2
expr-129,text,2,2
expr-13,text,2,2
expr-130,text,2,2
expr-131,text,2,2
expr-132,text,2,2
expr-133,text,2,2
expr-134,text,2,2
expr-135,text,2,2
expr-136,text,2,2
expr-137,text,2,2
expr-138,text,2,2
expr-139,text,2,2
expr-14,text,2,2
expr-140,text,2,2
expr-141,text,2,2
expr-142,text,2,2
expr-143,text,2,2
expr-144,text,2,2
expr-145,text,2,2
expr-146,text,2,2
expr-147,text,2,2
expr-148,text,2,2
expr-149,text,2,2
expr-15,text,2,2
expr-150,text,2,2
expr-151,text,2,2
expr-152,text,2,2
expr-153,text,2,2
expr-155,text,2,2
expr-156,text,2,2
expr-157,text,2,2
expr-158,text,2,2
expr-159,text,2,2
expr-16,text,2,2
expr-160,text,2,2
expr-161,text,2,2
expr-162,text,2,2
expr-163,text,2,2
expr-164,text,2,2
expr-165,text,2,2
expr-166,text,2,2
expr-167,text,2,2
expr-168,text,2,2
expr-169,text,2,2
expr-17,text,2,2
expr-170,text,2,2
expr-171,text,2,2
expr-172,text,2,2
expr-173,text,2,2
expr-174,text,2,2
expr-175,text,2,2
expr-178,text,2,2
expr-179,text,2,2
expr-18,text,2,2
expr-180,text,2,2
expr-181,text,2,2
expr-182,text,2,2
expr-183,text,2,2
expr-184,text,2,2
expr-185,text,2,2
expr-186,text,2,2
expr-187,text,2,2
expr-188,text,2,2
expr-189,text,2,2
expr-19,text,2,2
expr-190,text,2,2
expr-191,text,2,2
expr-192,text,2,2
expr-193,text,2,2
expr-194,text,2,2
expr-195,text,2,2
expr-196,text,2,2
expr-198,text,2,2
expr-199,text,2,2
expr-2,text,2,2
expr-20,text,2,2
expr-200,text,2,2
expr-201,text,2,2
expr-202,text,2,2
expr-203,text,2,2
expr-204,text,2,2
expr-205,text,2,2
expr-206,text,2,2
expr-207,text,2,2
expr-208,text,2,2
expr-209,text,2,2
expr-21,text,2,2
expr-210,text,2,2
expr-211,text,2,2
expr-212,text,2,2
expr-213,text,2,2
expr-214,text,2,2
expr-215,text,2,2
expr-216,text,2,2
expr-217,text,2,2
expr-218,text,2,2
expr-219,text,2,2
expr-22,text,2,2
expr-220,text,2,2
expr-221,text,2,2
expr-222,text,2,2
expr-223,text,2,2
expr-224,text,2,2
expr-225,text,2,2
expr-226,text,2,2
expr-227,text,2,2
expr-228,text,2,2
expr-229,text,2,2
expr-23,text,2,2
expr-230,text,2,2
expr-231,text,2,2
expr-232,text,2,2
expr-233,text,2,2
expr-234,text,2,2
expr-235,text,2,2
expr-236,text,2,2
expr-237,text,2,2
expr-238,text,2,2
expr-239,text,2,2
expr-24,text,2,2
expr-240,text,2,2
expr-241,text,2,2
expr-242,text,2,2
expr-243,text,2,2
expr-244,text,2,2
expr-245,text,2,2
expr-246,text,2,2
expr-247,text,2,2
expr-248,text,2,2
expr-249,text,2,2
expr-25,text,2,2
expr-250,text,2,2
expr-251,text,2,2
expr-252,text,2,2
expr-253,text,2,2
expr-254,text,2,2
expr-255,text,2,2
expr-256,text,2,2
expr-257,text,2,2
expr-258,text,2,2
expr-259,text,2,2
expr-26,text,2,2
expr-260,text,2,2
expr-261,text,2,2
expr-262,text,2,2
expr-263,text,2,2
expr-264,text,2,2
expr-265,text,2,2
expr-266,text,2,2
expr-267,text,2,2
expr-268,text,2,2
expr-269,text,2,2
expr-27,text,2,2
expr-270,text,2,2
expr-271,text,2,2
expr-272,text,2,2
expr-273,text,2,2
expr-274,text,2,2
expr-275,text,2,2
expr-276,text,2,2
expr-277,text,2,2
expr-278,text,2,2
expr-279,text,2,2
expr-28,text,2,2
expr-280,text,2,2
expr-281,text,2,2
expr-282,text,2,2
expr-283,text,2,2
expr-284,text,2,2
expr-285,text,2,2
expr-286,text,2,2
expr-287,text,2,2
expr-288,text,2,2
expr-289,text,2,2
expr-29,text,2,2
expr-290,text,2,2
expr-291,text,2,2
expr-292,text,2,2
expr-293,text,2,2
expr-294,text,2,2
expr-295,text,2,2
expr-296,text,2,2
expr-297,text,2,2
expr-298,text,2,2
expr-299,text,2,2
expr-3,text,2,2
expr-30,text,2,2
expr-300,text,2,2
expr-301,text,2,2
expr-302,text,2,2
expr-303,text,2,2
expr-304,text,2,2
expr-305,text,2,2
expr-306,text,2,2
expr-307,text,2,2
expr-308,text,2,2
expr-309,text,2,2
expr-31,text,2,2
expr-310,text,2,2
expr-311,text,2,2
expr-312,text,2,2
expr-313,text,2,2
expr-314,text,2,2
expr-315,text,2,2
expr-316,text,2,2
expr-317,text,2,2
expr-318,text,2,2
expr-319,text,2,2
expr-32,text,2,2
expr-320,text,2,2
expr-321,text,2,2
expr-322,text,2,2
expr-323,text,2,2
expr-324,text,2,2
expr-325,text,2,2
expr-326,text,2,2
expr-327,text,2,2
expr-328,text,2,2
expr-329,text,2,2
expr-33,text,2,2
expr-330,text,2,2
expr-331,text,2,2
expr-332,text,2,2
expr-333,text,2,2
expr-334,text,2,2
expr-335,text,2,2
expr-336,text,2,2
expr-337,text,2,2
expr-338,text,2,2
expr-339,text,2,2
expr-34,text,2,2
expr-340,text,2,2
expr-341,text,2,2
expr-342,text,2,2
expr-343,text,2,2
expr-344,text,2,2
expr-345,text,2,2
expr-346,text,2,2
expr-347,text,2,2
expr-348,text,2,2
expr-349,text,2,2
expr-35,text,2,2
expr-350,text,2,2
expr-351,text,2,2
expr-352,text,2,2
expr-353,text,2,2
expr-354,text,2,2
expr-355,text,2,2
expr-356,text,2,2
expr-357,text,2,2
expr-358,text,2,2
expr-359,text,2,2
expr-36,text,2,2
expr-360,text,2,2
expr-361,text,2,2
expr-362,text,2,2
expr-363,text,2,2
expr-364,text,2,2
expr-365,text,2,2
expr-366,text,2,2
expr-367,text,2,2
expr-368,text,2,2
expr-369,text,2,2
expr-37,text,2,2
expr-370,text,2,2
expr-371,text,2,2
expr-372,text,2,2
expr-373,text,2,2
expr-374,text,2,2
expr-375,text,2,2
expr-376,text,2,2
expr-377,text,2,2
expr-378,text,2,2
expr-379,text,2,2
expr-38,text,2,2
expr-380,text,2,2
expr-381,text,2,2
expr-382,text,2,2
expr-383,text,2,2
expr-384,text,2,2
expr-385,text,2,2
expr-386,text,2,2
expr-387,text,2,2
expr-388,text,2,2
expr-389,text,2,2
expr-39,text,2,2
expr-390,text,2,2
expr-391,text,2,2
expr-392,text,2,2
expr-393,text,2,2
expr-394,text,2,2
expr-395,text,2,2
expr-396,text,2,2
expr-397,text,2,2
expr-398,text,2,2
expr-399,text,2,2
expr-4,text,2,2
expr-40,text,2,2
expr-400,text,2,2
expr-401,text,2,2
expr-402,text,2,2
expr-403,text,2,2
expr-404,text,2,2
expr-405,text,2,2
expr-406,text,2,2
expr-407,text,2,2
expr-408,text,2,2
expr-409,text,2,2
expr-41,text,2,2
expr-410,text,2,2
expr-411,text,2,2
expr-412,text,2,2
expr-413,text,2,2
expr-414,text,2,2
expr-415,text,2,2
expr-416,text,2,2
expr-417,text,2,2
expr-418,text,2,2
expr-419,text,2,2
expr-42,text,2,2
expr-420,text,2,2
expr-421,text,2,2
expr-422,text,2,2
expr-423,text,2,2
expr-424,text,2,2
expr-425,text,2,2
expr-426,text,2,2
expr-427,text,2,2
expr-428,text,2,2
expr-429,text,2,2
expr-43,text,2,2
expr-430,text,2,2
expr-431,text,2,2
expr-432,text,2,2
expr-433,text,2,2
expr-434,text,2,2
expr-435,text,2,2
expr-436,text,2,2
expr-437,text,2,2
expr-438,text,2,2
expr-439,text,2,2
expr-44,text,2,2
expr-440,text,2,2
expr-441,text,2,2
expr-442,text,2,2
expr-443,text,2,2
expr-444,text,2,2
expr-445,text,2,2
expr-446,text,2,2
expr-447,text,2,2
expr-448,text,2,2
expr-449,text,2,2
expr-45,text,2,2
expr-450,text,2,2
expr-451,text,2,2
expr-452,text,2,2
expr-453,text,2,2
expr-454,text,2,2
expr-455,text,2,2
expr-456,text,2,2
expr-457,text,2,2
expr-458,text,2,2
expr-459,text,2,2
expr-46,text,2,2
expr-460,text,2,2
expr-461,text,2,2
expr-462,text,2,2
expr-463,text,2,2
expr-464,text,2,2
expr-465,text,2,2
expr-466,text,2,2
expr-467,text,2,2
expr-468,text,2,2
expr-469,text,2,2
expr-47,text,2,2
expr-470,text,2,2
expr-471,text,2,2
expr-472,text,2,2
expr-473,text,2,2
expr-474,text,2,2
expr-475,text,2,2
expr-476,text,2,2
expr-477,text,2,2
expr-478,text,2,2
expr-479,text,2,2
expr-48,text,2,2
expr-480,text,2,2
expr-481,text,2,2
expr-482,text,2,2
expr-483,text,2,2
expr-484,text,2,2
expr-485,text,2,2
expr-486,text,2,2
expr-487,text,2,2
expr-488,text,2,2
expr-489,text,2,2
expr-49,text,2,2
expr-490,text,2,2
expr-491,text,2,2
expr-492,text,2,2
expr-493,text,2,2
expr-494,text,2,2
expr-495,text,2,2
expr-496,text,2,2
expr-497,text,2,2
expr-498,text,2,2
expr-499,text,2,2
expr-5,text,2,2
expr-50,text,2,2
expr-500,text,2,2
expr-501,text,2,2
expr-502,text,2,2
expr-503,text,2,2
expr-504,text,2,2
expr-505,text,2,2
expr-506,text,2,2
expr-507,text,2,2
expr-508,text,2,2
expr-509,text,2,2
expr-51,text,2,2
expr-510,text,2,2
expr-511,text,2,2
expr-512,text,2,2
expr-513,text,2,2
expr-514,text,2,2
expr-515,text,2,2
expr-516,text,2,2
expr-517,text,2,2
expr-518,text,2,2
expr-519,text,2,2
expr-52,text,2,2
expr-520,text,2,2
expr-521,text,2,2
expr-522,text,2,2
expr-523,text,2,2
expr-524,text,2,2
expr-525,text,2,2
expr-526,text,2,2
expr-527,text,2,2
expr-528,text,2,2
expr-529,text,2,2
expr-53,text,2,2
expr-530,text,2,2
expr-531,text,2,2
expr-532,text,2,2
expr-533,text,2,2
expr-534,text,2,2
expr-535,text,2,2
expr-536,text,2,2
expr-537,text,2,2
expr-538,text,2,2
expr-539,text,2,2
expr-54,text,2,2
expr-540,text,2,2
expr-541,text,2,2
expr-542,text,2,2
expr-543,text,2,2
expr-544,text,2,2
expr-545,text,2,2
expr-546,text,2,2
expr-547,text,2,2
expr-548,text,2,2
expr-549,text,2,2
expr-55,text,2,2
expr-550,text,2,2
expr-551,text,2,2
expr-552,text,2,2
expr-553,text,2,2
expr-554,text,2,2
expr-555,text,2,2
expr-556,text,2,2
expr-557,text,2,2
expr-558,text,2,2
expr-559,text,2,2
expr-56,text,2,2
expr-560,text,2,2
expr-561,text,2,2
expr-562,text,2,2
expr-563,text,2,2
expr-564,text,2,2
expr-565,text,2,2
expr-566,text,2,2
expr-567,text,2,2
expr-568,text,2,2
expr-569,text,2,2
expr-57,text,2,2
expr-570,text,2,2
expr-571,text,2,2
expr-572,text,2,2
expr-573,text,2,2
expr-574,text,2,2
expr-575,text,2,2
expr-576,text,2,2
expr-577,text,2,2
expr-578,text,2,2
expr-579,text,2,2
expr-58,text,2,2
expr-580,text,2,2
expr-581,text,2,2
expr-582,text,2,2
expr-583,text,2,2
expr-584,text,2,2
expr-585,text,2,2
expr-586,text,2,2
expr-587,text,2,2
expr-588,text,2,2
expr-589,text,2,2
expr-59,text,2,2
expr-590,text,2,2
expr-591,text,2,2
expr-592,text,2,2
expr-593,text,2,2
expr-594,text,2,2
expr-595,text,2,2
expr-596,text,2,2
expr-597,text,2,2
expr-598,text,2,2
expr-599,text,2,2
expr-6,text,2,2
expr-60,text,2,2
expr-600,text,2,2
expr-601,text,2,2
expr-602,text,2,2
expr-603,text,2,2
expr-604,text,2,2
expr-605,text,2,2
expr-606,text,2,2
expr-607,text,2,2
expr-608,text,2,2
expr-609,text,2,2
expr-61,text,2,2
expr-610,text,2,2
expr-611,text,2,2
expr-612,text,2,2
expr-613,text,2,2
expr-614,text,2,2
expr-615,text,2,2
expr-616,text,2,2
expr-617,text,2,2
expr-618,text,2,2
expr-619,text,2,2
expr-62,text,2,2
expr-620,text,2,2
expr-621,text,2,2
expr-622,text,2,2
expr-623,text,2,2
expr-624,text,2,2
expr-625,text,2,2
expr-626,text,2,2
expr-627,text,2,2
expr-628,text,2,2
expr-629,text,2,2
expr-63,text,2,2
expr-630,text,2,2
expr-631,text,2,2
expr-632,text,2,2
expr-633,text,2,2
expr-634,text,2,2
expr-635,text,2,2
expr-636,text,2,2
expr-637,text,2,2
expr-638,text,2,2
expr-639,text,2,2
expr-64,text,2,2
expr-640,text,2,2
expr-641,text,2,2
expr-642,text,2,2
expr-643,text,2,2
expr-644,text,2,2
expr-645,text,2,2
expr-646,text,2,2
expr-647,text,2,2
expr-648,text,2,2
expr-649,text,2,2
expr-65,text,2,2
expr-650,text,2,2
expr-651,text,2,2
expr-652,text,2,2
expr-653,text,2,2
expr-654,text,2,2
expr-655,text,2,2
expr-656,text,2,2
expr-66,text,2,2
expr-67,text,2,2
expr-68,text,2,2
expr-69,text,2,2
expr-7,text,2,2
expr-70,text,2,2
expr-71,text,2,2
expr-72,text,2,2
expr-73,text,2,2
expr-74,text,2,2
expr-75,text,2,2
expr-76,text,2,2
expr-77,text,2,2
expr-78,text,2,2
expr-79,text,2,2
expr-8,text,2,2
expr-80,text,2,2
expr-81,text,2,2
expr-82,text,2,2
expr-83,text,2,2
expr-84,text,2,2
expr-85,text,2,2
expr-86,text,2,2
expr-87,text,2,2
expr-88,text,2,2
expr-89,text,2,2
expr-9,text,2,2
expr-90,text,2,2
expr-91,text,2,2
expr-92,text,2,2
expr-93,text,2,2
expr-94,text,2,2
expr-95,text,2,2
expr-96,text,2,2
expr-97,text,2,2
expr-98,text,2,2
external_libraries_install,text,2,1
extras,missing,2,1
f,text,2,1
f2fs-tools,missing,2,1
facile,binary,2,1
fallback_test,text,2,1
fancontrol,text,2,1
farigiraf,text,2,1
fatrace-btrfs,text,2,1
fatrace-comm,text,2,1
fatrace-comm-json,text,2,1
fatrace-currentmount,text,2,1
fatrace-currentmount-json,text,2,1
fatrace-exe,text,2,1
fatrace-json,text,2,1
fatrace-parents,text,2,1
fatrace-user-json,text,2,1
fbterm,text,2,1
feature,text,2,1
fedora,text,2,1
fedora-root-smart-http-test-setup,text,2,1
fiasco,text,2,1
fidough,text,2,1
filelist1,text,2,1
filelist2,text,2,1
fileop,binary,2,1
files_list,text,2,1
filter-args-test,text,2,1
fin,missing,2,1
find_wl_compositor,text,2,1
findoid,text,2,1
finizen,text,2,1
firefox-flatpak,text,2,1
firefox-flatpak-cache,text,2,1
firefoxrc,text,2,1
fixkrf,text,2,1
fixme,text,2,2
flags,text,2,2
flamigo,text,2,1
flathub,missing,2,1
flim-cfg,text,2,1
flittle,text,2,1
floragato,text,2,1
flow-log2rrd,text,2,1
flow-rpt2rrd,text,2,1
flow-rptfmt,text,2,1
flutter-mane,text,2,1
fmawk-ueberzug,text,2,1
fmtlib,missing,2,1
fn,text,2,1
fontforge-files,text,2,1
fontmenunamedb,text,2,2
formats,text,2,2
fr,text,2,1
fr1,binary,2,1
fr2,binary,2,1
fr3,binary,2,1
fr4,binary,2,1
fr5,binary,2,1
fr6,binary,2,1
fr7,binary,2,1
freetype,text,2,1
freshmeat,text,2,2
frigibax,text,2,1
from,text,2,1
froxlor-auth,text,2,1
fs-type,text,2,1
fuecoco,text,2,1
fun,text,2,1
funcsetting,text,2,1
funding-manifest-urls,text,2,1
funtexts,text,2,1
fyi,text,2,1
gamemodelist,text,2,1
ganeti_api_version,text,2,2
gapscript,text,2,1
garganacl,text,2,1
gb18030,text,2,2
gb2312,text,2,2
gbk,text,2,2
gem_checksums,text,2,2
gemfile-5-0-stable,text,2,1
gemfile-legacy,text,2,1
gemfile-rails-5-0,text,2,1
gemfile-rails-5-1,text,2,1
gemfile-rails-edge,text,2,1
gemfile-sass-3-3,text,2,1
gemfile-sass-3-4,text,2,1
gen-pycodestyle-plugin,text,2,1
gen-sdk,text,2,1
gen_readme_dist,text,2,1
generate-and-push-docs,text,2,1
generate-css-decl,text,2,1
generate-metadata,text,2,1
generate-tls,text,2,1
generate_gmail_token,text,2,1
genesis,text,2,1
genkrf,text,2,1
genprofile,text,2,1
gently,text,2,1
gentoo-elections,missing,2,1
georgian-academy,text,2,2
georgian-ps,text,2,2
get-pup,text,2,1
get_translations,text,2,1
getapk,text,2,1
getconfig,text,2,1
getdnskeys,text,2,1
getds,text,2,1
getmask,text,2,1
getresources,text,2,1
getstatus,text,2,1
gholdengo,text,2,1
gimmighoul,text,2,1
gimp-xcf,binary,2,1
git-extras,text,2,1
git-flow,text,2,1
git-summary,text,2,1
git-version,text,2,2
gitflow-shflags,text,2,1
gitolite-shell,text,2,1
gjs,text,2,1
glew-license,text,2,1
glib,text,2,1
glimmet,text,2,1
glimmora,text,2,1
global_values_profile,text,2,1
global_values_profile_expected,text,2,1
gnupg_read,text,2,1
gnupg_write,text,2,1
go-version,text,2,1
gold-exit-process-sub,text,2,1
gost_19768-74,text,2,2
goversion,binary,2,1
gpl-header,text,2,1
gpl_license,text,2,1
gr1,binary,2,1
gr2,binary,2,1
grafaiai,text,2,1
grandvizier,text,2,1
graphicswindow,text,2,1
graphite,text,2,2
great-tusk,text,2,1
greavard,text,2,1
greek-ccitt,text,2,2
greek7,text,2,2
greek7-old,text,2,2
groudon-primal,text,2,1
gts,text,2,1
guix-build,text,2,1
gv-install,text,2,1
half-busy,cursors,2,1
hardlink,text,2,1
harness_f32_all,text,2,1
hasgot,text,2,1
hash-object__text_nocache_100kb,text,2,1
hash-object__text_nocache_10mb,text,2,1
hash-object__text_nocache_1kb,text,2,1
hash-object__write_text_nocache_100kb,text,2,1
hash-object__write_text_nocache_10mb,text,2,1
hash-object__write_text_nocache_1kb,text,2,1
hb1,binary,2,1
hb2,binary,2,1
headergen,text,2,1
heap,text,2,1
help-en,text,2,1
help-ja,text,2,1
help2man,binary,2,1
hiredis,missing,2,1
hn1,binary,2,1
hn1roman,text,2,1
hoopa-unbound,text,2,1
host_run,text,2,1
houndstone,text,2,1
how-to-release,text,2,1
hp-greek8,text,2,2
hp-roman8,text,2,2
hp-roman9,text,2,2
hp-thai8,text,2,2
hp-turkish8,text,2,2
htaccess,text,2,1
htmldiff,text,2,2
http,text,2,2
http-dict-missing-symbols,binary,2,2
hu1,binary,2,1
huffman-compressed-larger,binary,2,2
hugo,text,2,1
i18n,missing,2,1
i3,text,2,1
i3lock_version,text,2,1
i7z_32bit,binary,2,1
i7z_64bit,binary,2,1
ibm037,text,2,2
ibm038,text,2,2
ibm1004,text,2,2
ibm1026,text,2,2
ibm1047,text,2,2
ibm1124,text,2,2
ibm1129,text,2,2
ibm1132,text,2,2
ibm1133,text,2,2
ibm1160,text,2,2
ibm1161,text,2,2
ibm1163,text,2,2
ibm1164,text,2,2
ibm256,text,2,2
ibm273,text,2,2
ibm274,text,2,2
ibm275,text,2,2
ibm277,text,2,2
ibm278,text,2,2
ibm280,text,2,2
ibm281,text,2,2
ibm284,text,2,2
ibm285,text,2,2
ibm290,text,2,2
ibm297,text,2,2
ibm420,text,2,2
ibm423,text,2,2
ibm424,text,2,2
ibm437,text,2,2
ibm500,text,2,2
ibm850,text,2,2
ibm851,text,2,2
ibm852,text,2,2
ibm855,text,2,2
ibm856,text,2,2
ibm857,text,2,2
ibm860,text,2,2
ibm861,text,2,2
ibm862,text,2,2
ibm863,text,2,2
ibm864,text,2,2
ibm865,text,2,2
ibm866,text,2,2
ibm868,text,2,2
ibm869,text,2,2
ibm870,text,2,2
ibm871,text,2,2
ibm874,text,2,2
ibm875,text,2,2
ibm880,text,2,2
ibm891,text,2,2
ibm903,text,2,2
ibm904,text,2,2
ibm905,text,2,2
ibm918,text,2,2
ibm922,text,2,2
ibm932,binary,2,1
ibm943,binary,2,1
ibus-fbterm-launch,text,2,1
ic1,binary,2,1
id1,binary,2,1
identify_license,binary,2,1
iec_p27-1,text,2,2
ife,text,2,1
image-info,text,2,1
imap_encode_imaputf7_decode,text,2,1
imap_encode_imaputf7_encode,text,2,1
imap_utf7_tests_encode_imaputf7,text,2,1
imapsync_csv_wrapper,text,2,1
implementors,text,2,1
in1,binary,2,1
in2,binary,2,1
include_ml,text,2,1
incomplete_section_profile,text,2,1
incremental_delivery,missing,2,1
ind_starbase,text,2,1
index_html,text,2,1
inferno,text,2,1
inis,text,2,2
inis-8,text,2,2
inis-cyrillic,text,2,2
init,text,2,2
initial,text,2,1
input,missing,2,1
input10,text,2,1
input11,text,2,1
input5,text,2,1
input6,text,2,1
install-cmake,text,2,1
install-dkms,text,2,2
install-sound,text,2,2
install-video,text,2,2
install_linux,text,2,1
install_windows,text,2,1
installed-deps-atom,text,2,1
installed-match-atom,text,2,1
installed-tests,text,2,1
installlib,text,2,1
instant,text,2,1
instructions,text,2,1
int32_header,binary,2,1
int32_header,text,2,1
interrupt,text,2,1
intro,text,2,2
invalid_keys,text,2,1
invariant,text,2,2
ipc,text,2,1
iptables-down,text,2,1
iptables-up,text,2,1
ir1,binary,2,1
irb,text,2,2
ircd,text,2,1
iron-bundle,text,2,1
iron-hands,text,2,1
iron-jugulis,text,2,1
iron-leaves,text,2,1
iron-moth,text,2,1
iron-thorns,text,2,1
iron-treads,text,2,1
iron-valiant,text,2,1
irqtop,text,2,1
isa-l,missing,2,1
iso-8859-1,text,2,2
iso-8859-10,text,2,2
iso-8859-11,text,2,2
iso-8859-13,text,2,2
iso-8859-14,text,2,2
iso-8859-15,text,2,2
iso-8859-16,text,2,2
iso-8859-2,text,2,2
iso-8859-3,text,2,2
iso-8859-4,text,2,2
iso-8859-5,text,2,2
iso-8859-6,binary,2,1
iso-8859-6,text,2,2
iso-8859-7,binary,2,1
iso-8859-7,text,2,2
iso-8859-8,binary,2,1
iso-8859-8,text,2,2
iso-8859-9,text,2,2
iso-8859-9e,text,2,2
iso-ir-197,text,2,2
iso-ir-209,text,2,2
iso-ir-90,text,2,2
iso_10367-box,text,2,2
iso_10646,text,2,2
iso_11548-1,text,2,2
iso_2033-1983,text,2,2
iso_5427,text,2,2
iso_5427-ext,text,2,2
iso_5428,text,2,2
iso_6937,text,2,2
iso_6937-2-25,text,2,2
iso_6937-2-add,text,2,2
iso_8859-supp,text,2,2
issue_2253,text,2,1
issue_2253_expected,text,2,1
issue_2281,text,2,1
issue_2281_expected,text,2,1
issue_2800,text,2,1
issue_2800_expected,text,2,1
it1,binary,2,1
it2,binary,2,1
it3,binary,2,1
it4,binary,2,1
iter,text,2,1
ixquick,text,2,1
j4-dmenu-desktop,text,2,1
jack,text,2,1
jarinto,text,2,1
jhindexer,text,2,1
jhsearch,text,2,1
jis_c6220-1969-jp,text,2,2
jis_c6229-1984-a,text,2,2
jis_c6229-1984-b-add,text,2,2
jis_c6229-1984-hand,text,2,2
jis_c6229-1984-hand-add,text,2,2
jis_c6229-1984-kana,text,2,2
jis_x0201,text,2,2
jmaps,text,2,2
johab,text,2,2
jose-jwk-gen,text,2,1
jp-compliance,text,2,1
jp1,binary,2,1
jp2,binary,2,1
jp3,binary,2,1
jsonlint,text,2,1
jthread,missing,2,1
kbdd,binary,2,1
kconfig,text,2,2
kettle-changelog,text,2,2
kettle-commit-msg,text,2,2
kettle-dev-setup,text,2,2
kettle-pre-release,text,2,2
keyarch,text,2,1
keybinds,text,2,1
keymod,text,2,1
kilowattrel,text,2,1
kingambit,text,2,1
klawf,text,2,1
koi-8,text,2,2
koi8-r,text,2,2
koi8-ru,text,2,2
koi8-t,text,2,2
koi8-u,text,2,2
koraidon,text,2,1
kramdown,text,2,2
krank,text,2,1
krfcheck,text,2,1
kyogre-primal,text,2,1
kyuafile,text,2,1
la1,binary,2,1
laf,missing,2,1
lambda,text,2,1
landorus-therian,text,2,1
large-literal-and-match-lengths,binary,2,2
latexmkrc,text,2,1
latin-greek,text,2,2
latin-greek-1,text,2,2
ldiff,text,2,2
lechonk,text,2,1
legacypba,text,2,1
lemma,text,2,1
let,text,2,1
lfe,text,2,1
lfs,missing,2,1
libbase,missing,2,1
libconv++,missing,2,1
libdpa_elf,binary,2,1
libgit2,missing,2,1
libjpeg-turbo,missing,2,1
libmpeg2,text,2,1
libnkutils,missing,2,2
libpng,text,2,1
libprov,missing,2,1
libressl,missing,2,1
libsamplerate,text,2,1
libshared,missing,2,2
libssh2,missing,2,1
libsupport,text,2,1
libufdt,missing,2,1
libusb,missing,2,1
libziparchive,missing,2,1
license,binary,2,2
license_genjyuugothic,text,2,1
license_genjyuugothic_genshingothic,text,2,1
lights,text,2,1
lightsource,text,2,1
limits,text,2,1
linda-override,text,2,1
linguas~,text,2,1
linkdir,text,2,1
lintian-override,text,2,1
linux-686-1,text,2,1
linux-alpha-1,text,2,1
linux-armel-1,text,2,1
linux-ia64-1,text,2,1
linux-mips-1,text,2,1
linux-ppc-1,text,2,1
linux-ppc-2,text,2,1
linux-sparc-1,text,2,1
linuxforum,text,2,1
list,text,2,1
list-devices,text,2,1
list-version-hashes,text,2,1
lodepng,missing,2,1
log,text,2,1
logging,missing,2,1
loginfo,text,2,2
logrus,missing,2,1
lokix,text,2,1
lsblk-2-efi-partitions,text,2,1
lsdnssec,text,2,1
lsds,text,2,1
lskrf,text,2,1
lsrealm,text,2,1
lsroll,text,2,1
lt1,binary,2,1
lt2,binary,2,1
luke,text,2,1
lxlock,text,2,1
lxqt-themes,missing,2,1
lz4,missing,2,1
ma1,binary,2,1
mabosstiff,text,2,1
mac-centraleurope,text,2,2
mac-cyrillic,text,2,2
mac-is,text,2,2
mac-sami,text,2,2
mac-uk,text,2,2
macintosh,text,2,2
magpie,missing,2,1
mailstat,text,2,1
mailsync,missing,2,1
make_dist,text,2,1
make_linux,text,2,1
makeconf,text,2,1
makefile-std,text,2,1
makefile-test,text,2,1
makefile-win32,text,2,1
makefile2,text,2,1
makefile_con,text,2,2
makeinstallbeagleboard,text,2,1
maketestzone,text,2,1
maketiming,text,2,1
makezones,text,2,1
manjaro-root-smart-http-test-setup,text,2,1
manysleep,text,2,1
map_data,binary,2,1
mapper,text,2,1
mapping,binary,2,1
marco-compton,text,2,1
maschiff,text,2,1
massive_10gb_file,text,2,1
match,text,2,1
mate-tweak-helper,text,2,1
maushold,text,2,1
maxmind-db,missing,2,1
mbsync-temp,text,2,1
meowscarada,text,2,1
merge_config_template,text,2,1
meta-cmake,missing,2,1
metainfo,text,2,1
mik,text,2,2
min-unpacked-rev,text,2,1
mingw-release,text,2,1
miraidon,text,2,1
mk_gallery,text,2,1
mkbootimg,missing,2,1
mkdir,text,2,1
mkpictt,text,2,1
mkreleaselog,text,2,1
mn,text,2,1
module,text,2,1
moonlight-common-c,missing,2,2
mp3-noid3,text,2,1
mp3cat,binary,2,1
mp3dirclean,text,2,1
mp3log,text,2,1
mp3log-conf,text,2,1
mpd-mpris,text,2,1
mpop-temp,text,2,1
mptcp-get-debug,text,2,1
msgpack-c,missing,2,1
muc,text,2,1
munin-node-debug,text,2,1
muse_framework,missing,2,1
musicbrainz,binary,2,1
musicbrainz,text,2,1
mvn,text,2,1
mvndebug,text,2,1
mvnyjp,text,2,1
mx1,binary,2,1
mx2,binary,2,1
nacli,text,2,1
naclstack,text,2,1
narrow,text,2,1
native,missing,2,1
nats-dano,text,2,2
nats-dano-add,text,2,2
nats-sefi,text,2,2
nats-sefi-add,text,2,2
nbwmon,binary,2,1
nested_fields,text,2,1
netmsg,binary,2,1
new_gtlds_list,text,2,1
new_news,text,2,1
newline,text,2,1
nextstep,text,2,2
nginx,text,2,1
nist-sts-2-1-1-report,text,2,1
nl1,binary,2,1
nl2,binary,2,1
nl3,binary,2,1
no_warning_array,text,2,1
no_warning_functional,text,2,1
no_warning_iostream,text,2,1
no_warning_list,text,2,1
no_warning_map,text,2,1
no_warning_string,text,2,1
no_warning_vector,text,2,1
noadifnew,text,2,1
nokogiri,text,2,2
not-zip-safe,text,2,1
notarize-dmg,text,2,2
notary_version,text,2,2
notifyv2,text,2,1
novnc_proxy,text,2,1
number_lhs_expr,text,2,1
nut_volts,text,2,1
nvidia_gpu_,text,2,1
nymble,text,2,1
nz1,binary,2,1
objs,missing,2,1
obs-dist,text,2,2
obsidian-amber,text,2,1
obsidian-amber-light,text,2,1
obsidian-amber-semilight,text,2,1
obsidian-silver-light,text,2,1
obsidian-silver-semilight,text,2,1
occludernode,text,2,1
oinkologne,text,2,1
oom-sort,text,2,1
op_sep_in_values,text,2,1
op_sep_in_values_expected,text,2,1
openpresse,text,2,1
openrc,text,2,1
opensea-common,missing,2,1
opensea-operations,missing,2,1
option,text,2,1
options-menu_diff-create_udp_payload_dialog,text,2,1
options-menu_diff-create_window1,text,2,1
order-disable-test,text,2,2
order-test,text,2,2
orthworm,text,2,1
otp_version,text,2,1
otp_version_tickets,text,2,1
out,text,2,1
output_octal,text,2,1
overmind,text,2,1
package_app,text,2,1
packaging,text,2,1
packethcli,binary,2,1
pairs,text,2,1
palafin,text,2,1
panel,text,2,1
parse-lib,text,2,1
parse-libs,text,2,1
particlesystem,text,2,1
passmenu,text,2,1
passook,text,2,1
pawmi,text,2,1
pawmo,text,2,1
pawmot,text,2,1
payload_no_headers,binary,2,1
payload_no_headers,text,2,1
payload_one_str_header,binary,2,1
payload_one_str_header,text,2,1
pcie-aspm,text,2,1
peterc_rtolos,binary,2,1
ph_russian,text,2,1
phonenumbermetadataproto_au,binary,2,1
phonenumbermetadataproto_cc,binary,2,1
phonenumbermetadataproto_cx,binary,2,1
phonenumbermetadataproto_lb,binary,2,1
phonenumbermetadataproto_sg,binary,2,1
phonenumbermetadataproto_sn,binary,2,1
phonenumbermetadataproto_sv,binary,2,1
phonenumbermetadataproto_ug,binary,2,1
phoronix-test-suite,text,2,1
phpab,text,2,1
phpdoc,text,2,2
pic,text,2,1
picotest,missing,2,1
pinentry-mock,text,2,2
pipein_info,text,2,1
pipesleeps,text,2,1
pirate,text,2,1
pkgbuild-bin,text,2,1
pkgbuild-slim,text,2,1
pkgproto,text,2,1
pl1,binary,2,1
plain,text,2,1
plot-bamstats,text,2,1
plugins,text,2,1
pm3d2dat,text,2,1
pnm_comment,text,2,1
pnm_comments,text,2,1
po2js,text,2,1
podfile,text,2,2
portmidi,text,2,1
postfix,text,2,1
postfix_mailstats,text,2,1
postfix_mailvolume,text,2,1
power-usage-report,text,2,1
pprocm,text,2,1
pr-3517-block-splitter-corruption-test,binary,2,2
prebuild,text,2,2
precomp,text,2,1
prefixroot,text,2,1
preparerelease,text,2,1
prerequisites_imapsync,text,2,1
preset-0,text,2,1
previous_license_head,text,2,1
println,text,2,2
prism,missing,2,1
prithreshpng,text,2,1
profile,text,2,2
profile-sync-daemon,text,2,1
profile_name,text,2,1
profile_name_expected,text,2,1
program,text,2,1
prolinux,text,2,1
prosody_openmetrics,text,2,1
protocol,text,2,2
psd-overlay-helper,text,2,1
psi2log,text,2,1
psmt2-frontend_bin,binary,2,1
pt1,binary,2,1
pt154,text,2,2
puck,text,2,1
py-compile,text,2,1
pycodestyle,text,2,1
python-config-wrapper,text,2,1
python2,text,2,1
pythonwrap-test,text,2,2
pyvimrc,text,2,1
pyzord,text,2,1
qemuafl,missing,2,1
qemuafl_version,text,2,1
quaquaval,text,2,1
quaxly,text,2,1
quaxwell,text,2,1
qucsator_rf,missing,2,1
qzxing,missing,2,1
rabsca,text,2,1
racc,text,2,2
random_seed,binary,2,2
range,text,2,2
rbot-remote,text,2,1
rbt_run_tb,text,2,1
rbt_runplugin_template,text,2,1
rcsinfo,text,2,2
rdbg,text,2,2
rdbu,text,2,1
rdoc,text,2,2
rdup-simple,text,2,1
readme_authors,text,2,1
readme_new,text,2,1
realmchk,text,2,1
realmctl,text,2,1
realminit,text,2,1
realmset,text,2,1
rear,text,2,1
rebuild-star-data,text,2,1
rec-socat,text,2,1
redis,text,2,1
register,text,2,1
registry,text,2,2
release-howto,text,2,1
release_notes_3_2_1,text,2,1
rellor,text,2,1
reload_test,text,2,1
remove,text,2,2
renameall,text,2,1
repl,text,2,2
replace,text,2,1
repo,missing,2,1
required,text,2,2
resources,missing,2,1
resources,text,2,2
result_--password-a samplepassword --password-b demopass,text,2,1
result_--password-a samplepassword --password-b demopass --verbose,text,2,1
retry_decorator,text,2,1
return,text,2,1
revavroom,text,2,1
revdep-header,text,2,1
ri,text,2,2
riddler,text,2,1
riverctl,text,2,1
rk1048,text,2,2
ro1,binary,2,1
roaring-moon,text,2,1
rog-fan-curve,text,2,1
rog-mux,text,2,1
rog-profile,text,2,1
rollchk,text,2,1
rollctl,text,2,1
rollerd,text,2,1
rollinit,text,2,1
rolllog,text,2,1
rollrec-editor,text,2,1
rollset,text,2,1
rp-wrapper,text,2,1
rtom_allsessions_mem,text,2,1
rtom_allsessions_peers,text,2,1
rtom_allsessions_spdd,text,2,1
rtom_allsessions_vol,text,2,1
rtom_mem,text,2,1
rtom_peers,text,2,1
rtom_spdd,text,2,1
rtom_vol,text,2,1
ru,text,2,1
ru_listx,text,2,1
ru_rules,text,2,1
rubocop,text,2,2
rubocop-gradual,text,2,2
ruby,text,2,1
ruby-parse,text,2,2
ruby-rewrite,text,2,2
run-dnf,text,2,1
run_conformance_tests,text,2,1
run_cucumber,text,2,1
run_rspec,text,2,1
run_rspec_one_by_one,text,2,1
run_test_1,text,2,1
run_test_3,text,2,1
rungreptest,text,2,1
s2n,missing,2,1
s4cmd,text,2,1
salty,missing,2,1
sami,text,2,2
sami-ws2,text,2,2
sample_time_zone_file,binary,2,2
sandy-shocks,text,2,1
save-push-signatures,text,2,1
saxroundtrip_rtt,text,2,1
saxstaxdiff_rtt,text,2,1
scovillain,text,2,1
scream-tail,text,2,1
script,text,2,1
sdl3,text,2,1
sdl3_image,text,2,1
sdl3_ttf,text,2,1
search_mdns,binary,2,1
secbak,text,2,1
secrestore,text,2,1
sections_profile,text,2,1
sections_profile_expected,text,2,1
sedutil_baseline,text,2,1
seedused,text,2,1
self,text,2,2
selinux,missing,2,1
semi-cfg,text,2,1
servant,text,2,1
setstoragedir,text,2,1
setup_test_db,text,2,1
sflowcapture,text,2,1
sha256-dd1dd8dc6a329b7e1c2e43951302b23a047cb20fd3e10090e4ce7e8396035405,text,2,1
shaymin-sky,text,2,1
shell,text,2,2
shift_jis,text,2,2
shift_jisx0213,text,2,2
shroodle,text,2,1
sign-all,text,2,1
sign-dmg,text,2,2
signset-editor,text,2,1
simple-client,text,2,1
simple_profile,text,2,1
simple_profile_expected,text,2,1
skeledirge,text,2,1
skip,text,2,2
sleeps,text,2,1
slither-wing,text,2,1
slow_client_test,text,2,1
smbios-token-ctl,text,2,1
smoliv,text,2,1
snappy-go-license,text,2,1
some_file,text,2,1
sourcedeps,text,2,1
sourceforge,text,2,1
space_lhs,text,2,1
space_lhs_expected,text,2,1
sparsefile,text,2,1
special,text,2,1
spidops,text,2,1
splitfield,text,2,1
sprigatito,text,2,1
spyrot,text,2,1
spyrot_comment,text,2,1
sqlite,text,2,2
squawkabilly,text,2,1
ssh-ldap-pubkey,text,2,1
ssnap,text,2,1
stage0,text,2,1
stamp-cat-id,text,2,1
stamp-po,text,2,2
standardrb,text,2,2
start,text,2,2
start_html,text,2,1
stat2html,text,2,1
staxroundtrip_rtt,text,2,1
sto,binary,2,1
strict-types,text,2,1
string,text,2,1
string_span,text,2,1
stringprep,text,2,1
struct,text,2,1
submodule,missing,2,1
subscribe,text,2,2
subst_prefix,text,2,1
suid,text,2,1
suntzus,text,2,1
supported-device-ids,text,2,1
supported_ruby_versions,text,2,1
suppressions-list,text,2,1
sw2,binary,2,1
swaylock,text,2,1
symlink-test,text,2,2
sync,text,2,1
syntax_error_comment,text,2,1
system_packages,text,2,1
systemd,text,2,1
systemd_env,text,2,1
sysvarcstuf,text,2,1
t-verify-multi-from-malformed,text,2,1
t-verify-multi-from-pass,text,2,1
t-verify-self-spf,text,2,1
t10-so-fade,text,2,1
t15,text,2,1
t15-mix5,text,2,1
t17,text,2,1
t18,text,2,1
t19,text,2,1
t20,text,2,1
t21,text,2,1
t22,text,2,1
t_newlines_in_ifo,text,2,1
tachk,text,2,1
tadbulb,text,2,1
taginfo,text,2,2
tags-ru,text,2,1
tail,text,2,1
tandemaus,text,2,1
tang-show-keys,text,2,1
tangd-keygen,text,2,1
tangd-rotate-keys,text,2,1
tar-compare,text,2,2
tarball,text,2,2
tarountula,text,2,1
tatsugiri,text,2,1
tauros-paldea,text,2,1
tcross,cursors,2,1
tcvn5712-1,text,2,2
tegaki-bootstrap,text,2,1
tegaki-extractcomponents,text,2,1
tegaki-strokecol,text,2,1
templateprimitiveindexfunctor,text,2,2
test+file,text,2,1
test-adapter,text,2,1
test-alsa-pcm-hwcompat-none,text,2,2
test-channel,text,2,1
test-device,text,2,1
test-growpart-fsimage-middle,text,2,1
test-growpart-lvm,text,2,1
test-growpart-overprovision,text,2,1
test-growpart-start-matches-size,text,2,1
test-mon86-emu,text,2,1
test-mon86-target,text,2,1
test-seel,text,2,1
test-tag,text,2,1
test13,text,2,2
test14,text,2,1
test6,text,2,1
test_audio,text,2,1
test_command,text,2,1
test_fetch_bugs_any,text,2,1
test_fetch_bugs_stablereq,text,2,1
test_filesize,text,2,1
test_find_bugs_personal_tags,text,2,1
test_find_bugs_unresolved,text,2,1
test_find_stablereqs,text,2,1
test_main,text,2,1
test_mangle,text,2,1
test_picture,text,2,1
test_readlink,text,2,1
test_self,text,2,1
test_self_ssh,text,2,1
test_uncc_arch,text,2,1
test_uncc_arch_not_cced,text,2,1
test_valid_number_of_base,text,2,1
test_windows64,text,2,1
testdata,text,2,1
testfile,pictures,2,1
testing,text,2,2
testinput5,binary,2,2
testoutput5,binary,2,2
tests_logging,text,2,1
tests_malware,text,2,1
tgt-admin,text,2,1
th18057,text,2,1
thanks_html,text,2,1
third-party,missing,2,2
third_party_readme,text,2,1
thor,text,2,2
thundurus-therian,text,2,1
timetrans,text,2,1
timezone,text,2,1
ting-lu,text,2,1
tinkatink,text,2,1
tinkaton,text,2,1
tinkatuff,text,2,1
tis-620,text,2,2
tl1,binary,2,1
tlfloat,missing,2,1
tls,text,2,1
todo_completion,text,2,1
todo_html,text,2,1
toedscool,text,2,1
toedscruel,text,2,1
toolargevars1,text,2,1
toolargevars2,text,2,1
tornadus-therian,text,2,1
torrentinfo,text,2,1
towncrier,text,2,1
tpcircularbuffer,missing,2,1
tr1,binary,2,1
tr2,binary,2,1
trademark,text,2,2
transferbench,missing,2,1
treecleaned-virtuals,text,2,1
troubleshooting,text,2,1
trustman,text,2,1
tscii,text,2,2
tty-clock,binary,2,1
turbostat_,text,2,1
tutorial,text,2,1
twitter,text,2,1
txn-current,text,2,1
txn-current-lock,text,2,1
typst-init,text,2,1
ubuntu_wayland_setup,text,2,1
uevent,text,2,1
ufetch-raspberrypios,text,2,1
uk,text,2,1
ukm,text,2,1
unasync,text,2,2
undocumented,text,2,1
unifont,text,2,1
uniterm,text,2,1
unittest,text,2,1
unpack-initrd,text,2,1
unsuccessfulbuild,text,2,1
update-copyright,text,2,2
update-copyright-year,text,2,1
updatevisitor,text,2,1
us1,binary,2,1
us2,binary,2,1
us3,binary,2,1
use,text,2,2
use-header,text,2,1
use-snippet,text,2,1
utf-7,text,2,1
utf-8,text,2,2
utf_8_profile,text,2,1
utf_8_profile_expected,text,2,1
uthash,missing,2,1
utoprc-dark,text,2,1
utoprc-light,text,2,1
v6_octal,text,2,1
vala-extra-vapis,missing,2,1
validate-schema,text,2,1
validate_xml_html5,text,2,1
validator,text,2,1
variabletest,text,2,1
varidxtoolarge2,text,2,1
varoom,text,2,1
veluza,text,2,1
verifymsg,text,2,2
vglserver_config,text,2,1
videotex-suppl,text,2,2
vifm-media-osx,text,2,1
vimgrep,text,2,1
vimrc,text,2,2
virtual,text,2,1
viscii,text,2,2
volmunge,text,2,1
vrrp,text,2,1
vz1,binary,2,1
walking-wake,text,2,1
wattrel,text,2,1
wdisplays,missing,2,1
whb,text,2,1
whitelist,text,2,1
wiglett,text,2,1
wikipedia,text,2,1
windows-1258,binary,2,1
windows-31j,text,2,2
with,text,2,1
with-memcached,text,2,1
wl-goto,text,2,1
wl-select-active,text,2,1
wo-chien,text,2,1
wooper-paldea,text,2,1
wordlist,text,2,1
write-lock,text,2,1
wugtrio,text,2,1
x48ng-launcher,text,2,1
x_integration_tests,text,2,1
xapp-favorites,text,2,1
xapp-status-icon-activate-and-menu,text,2,1
xapp-status-icon-activate-and-menu-popup,text,2,1
xapp-status-icon-all-menus,text,2,1
xapp-status-icon-no-menus,text,2,1
xapp-status-icon-raw-events,text,2,1
xenstore-read,text,2,1
xmltosaxtotypedfi,text,2,1
xoauth2_gmail,text,2,1
xq,text,2,1
xrectsel,missing,2,1
xx-p4-unmerge,text,2,1
xxcleartool,text,2,1
xxcvs,text,2,1
xxdiff_translate_resources,text,2,1
yafc,text,2,1
yajl,text,2,2
yard,text,2,2
yard-junk,text,2,2
yardoc,text,2,2
yri,text,2,2
zero-weight-dict,binary,2,2
zlib,text,2,1
zoolander_sha,text,2,1
zsh_autocomplete,text,2,2
zstring,text,2,1
#makefile#,text,1,1
-ftb-generate-complist,text,1,1
-ftb-generate-header,text,1,1
-ftb-version,text,1,1
.$td,binary,1,1
.0-beta9,binary,1,1
.0-debian,binary,1,1
.0-nover,text,1,1
.0-rc,text,1,1
.0-rc1,binary,1,1
.0-rc2,binary,1,1
.00,text,1,1
.05_fe,archives,1,1
.0c,text,1,1
.0dev-nover,text,1,1
.0r9-ksh-93r,text,1,1
.1-changes,text,1,1
.10-kcov-36,text,1,1
.106,text,1,1
.11-nover,text,1,1
.12,binary,1,1
.12-config,text,1,1
.12-sme,text,1,1
.12a,text,1,1
.13,binary,1,1
.13-kaslr,text,1,1
.13-nover,text,1,1
.14,binary,1,1
.15,binary,1,1
.16,binary,1,1
.16-64k,text,1,1
.16knodes_300attrs,text,1,1
.17,binary,1,1
.17-debian,binary,1,1
.1_ubuntu1404,text,1,1
.1_ubuntu1604,text,1,1
.1e,text,1,1
.1st,text,1,1
.2-nover,text,1,1
.2-va39,text,1,1
.20241231,text,1,1
.210,text,1,1
.24-kvaddr,text,1,1
.264,binary,1,1
.265,binary,1,1
.267_jari,binary,1,1
.27-cr3-xen,text,1,1
.27-nover,text,1,1
.2html,binary,1,1
.2k,text,1,1
.3-nover,text,1,1
.31-cr3,text,1,1
.31-kvaddr,text,1,1
.31-nover,text,1,1
.31-nover-reloc,text,1,1
.31-nover-xen,text,1,1
.31-reloc,text,1,1
.32sunu,text,1,1
.36,text,1,1
.37,text,1,1
.38,text,1,1
.39,text,1,1
.3c,text,1,1
.3g2,binary,1,1
.3gp,binary,1,1
.4-nover,text,1,1
.40,text,1,1
.40_connect,text,1,1
.41,text,1,1
.42,text,1,1
.43,text,1,1
.44,text,1,1
.5-novendorexp,text,1,1
.5-sv39,text,1,1
.5-sv48,text,1,1
.5-sv57,text,1,1
.586,text,1,1
.588534,text,1,1
.6-bigmem,text,1,1
.6-changelog,text,1,1
.6-rpm,text,1,1
.64sunu,text,1,1
.7_ubuntu1404,text,1,1
.7_ubuntu1604,text,1,1
.8-va39,text,1,1
.8-va48,text,1,1
.8-va48-nover,text,1,1
.82,text,1,1
.8_ubuntu1604,text,1,1
.8th,text,1,1
._source_to_set_pythonpath,text,1,1
.a68,text,1,1
.aa,text,1,1
.aac,binary,1,1
.abc,text,1,1
.abf,text,1,1
.abt,text,1,1
.abv,text,1,1
.acc,text,1,1
.accdb,binary,1,1
.acceptance,text,1,1
.acorn,text,1,1
.adb,missing,1,1
.added,text,1,1
.ads,missing,1,1
.ae,text,1,1
.afphoto,binary,1,1
.ags,text,1,1
.ai,documents,1,1
.aif,binary,1,1
.aiignore,text,1,1
.aix,text,1,1
.all,text,1,1
.allow,text,1,1
.aln,text,1,1
.am_cmd,text,1,1
.amiga,text,1,1
.anjuta,text,1,1
.ansi,text,1,1
.ap,text,1,1
.apline,text,1,1
.appimage-debian,text,1,1
.applescript,binary,1,1
.applescript,text,1,1
.appup,text,1,1
.arcconfig,text,1,1
.arch-inventory,text,1,1
.architecture,text,1,1
.archive,text,1,1
.art,binary,1,1
.art,text,1,1
.asis,binary,1,1
.asmdecompress,text,1,1
.asn,text,1,1
.asp,text,1,1
.aspell,text,1,1
.atari,text,1,1
.atg,text,1,1
.atlas,text,1,1
.atom,text,1,1
.au_mos2,text,1,1
.auth_area,text,1,1
.auto,text,1,1
.autocomplete__complete-word__completion-widget,text,1,1
.autocomplete__config,text,1,1
.autocomplete__history-search__completion-widget,text,1,1
.autocomplete__key-bindings,text,1,1
.avi,binary,1,1
.avi,text,1,1
.avro,text,1,1
.avsc,text,1,1
.awk,binary,1,1
.bad,binary,1,1
.badjson,text,1,1
.badxml,text,1,1
.bak2,text,1,1
.bal,text,1,1
.bar,text,1,1
.bazel,missing,1,1
.bazelignore,text,1,1
.bbustatus,text,1,1
.bc32,text,1,1
.bcc,binary,1,1
.beos,text,1,1
.bgcode,binary,1,1
.bin,failed:pictures,1,1
.bin,pictures,1,1
.bin-ref,text,1,1
.binproto,binary,1,1
.binvox,binary,1,1
.binvox,text,1,1
.bitte,binary,1,1
.bitte,text,1,1
.bk,text,1,1
.blend,archives,1,1
.bloaty,text,1,1
.blt,text,1,1
.board-specific,text,1,1
.boring,text,1,1
.bos,text,1,1
.bp3,text,1,1
.brf,text,1,1
.broadcom_bcm20702,text,1,1
.bsb,text,1,1
.bsd-3-clause,text,1,1
.bsp,binary,1,1
.btor2,text,1,1
.bubblemon,text,1,1
.buildinfo,missing,1,1
.buildkite,text,1,1
.buildnumber,text,1,1
.burp,text,1,1
.bz,archives,1,1
.caddyfile,text,1,1
.cairo,text,1,1
.call-scripts,text,1,1
.camal,text,1,1
.cap,binary,1,1
.car,binary,1,1
.catalog,binary,1,1
.catalog,text,1,1
.cb7,binary,1,1
.cbt,archives,1,1
.cbz,archives,1,1
.ccd,text,1,1
.cd-dvd,text,1,1
.cdb,text,1,1
.cdp,binary,1,1
.cdp,text,1,1
.cdx,binary,1,1
.centos-stream-9,text,1,1
.centos8,text,1,1
.cfg,binary,1,1
".cfg""",missing,1,1
.cfg-sample,text,1,1
.cgm,binary,1,1
.checklinkext,text,1,1
.checkpatch,text,1,1
.checks,text,1,1
.chs,text,1,1
.ci1,binary,1,1
.ci2,binary,1,1
.ck,text,1,1
.cl,missing,1,1
.clabot,text,1,1
.clang-format-ignore,text,1,1
.clar,text,1,1
.class,text,1,1
.client,text,1,1
.clp,text,1,1
.cm,text,1,1
.cmakelintrc,text,1,1
.cod,binary,1,1
.cof,text,1,1
.cog,text,1,1
.command,text,1,1
.complete,text,1,1
.conda,archives,1,1
.conf-example,text,1,1
.conf-sample,text,1,1
.conf-suse,text,1,1
.contact,text,1,1
.contrib,binary,1,1
.cookie,text,1,1
.coverage,binary,1,1
.coverity,text,1,1
.cpio,binary,1,1
.cppcode,text,1,1
.cps,binary,1,1
.cross-compiles,text,1,1
.csconcat,text,1,1
.csf,text,1,1
.csl,text,1,1
.cso,binary,1,1
.csp,text,1,1
.csql,text,1,1
.csslintrc,text,1,1
.csv_disable_expected_1,text,1,1
.ct,text,1,1
.ctest,text,1,1
.ctf,binary,1,1
.ctf,text,1,1
.cts,text,1,1
.cur,text,1,1
.current,text,1,1
.current-version,text,1,1
.cursorindexingignore,text,1,1
.cursorrules,text,1,1
.cve-2024-28054,text,1,1
.cwl,text,1,1
.cxproj,text,1,1
.cypher,text,1,1
.cypress,text,1,1
.cz,binary,1,1
.d2,text,1,1
.d__doas,text,1,1
.dae,archives,1,1
.dashboard,text,1,1
.dat,archives,1,1
.data32,binary,1,1
.data64,binary,1,1
.database,text,1,1
.dave,text,1,1
.db,archives,1,1
.dbar,text,1,1
.dbg,text,1,1
.dbm,binary,1,1
.dbt,text,1,1
.ddate,text,1,1
.dds,binary,1,1
.debian-bookworm,text,1,1
.debian-bullseye,text,1,1
.debian-latest,text,1,1
.decl,text,1,1
.decode,text,1,1
.defaultbuilder,binary,1,1
.deflate,binary,1,1
.dell-u2410,binary,1,1
.dell-u2413,binary,1,1
.dell-u2415,binary,1,1
.deny,text,1,1
.desktop,binary,1,1
".desktop""",missing,1,1
.devcon,text,1,1
.devhelp2,text,1,1
.dia,text,1,1
.dict,binary,1,1
.digitemprc,text,1,1
.dinit,text,1,1
.disable,text,1,1
.distfiles,text,1,1
.dive-ci,text,1,1
.diz,binary,1,1
".do""",missing,1,1
.docstrings,text,1,1
.doctree,missing,1,1
.download,text,1,1
.dpr,text,1,1
.drawio,text,1,1
.drivers,text,1,1
.drivestatus,text,1,1
.ds_store,text,1,1
.dump,binary,1,1
.dvf,text,1,1
.dzen,text,1,1
.e,text,1,1
.eam,text,1,1
.earthignore,text,1,1
.ecm,binary,1,1
.eco,text,1,1
.eek,text,1,1
.eek-only,text,1,1
.efilib,text,1,1
.ejs,text,1,1
.el~,text,1,1
.eml,binary,1,1
.encode,text,1,1
.endlessh,text,1,1
.envexample,text,1,1
.eo,text,1,1
.epf,text,1,1
.eps,binary,1,1
.erl,binary,1,1
.erl,missing,1,1
.errata,text,1,1
.errmsg,text,1,1
.es,binary,1,1
.ets,text,1,1
.event2,text,1,1
.exif,text,1,1
.exim,text,1,1
.exrc,text,1,1
.externals,text,1,1
.f95,text,1,1
.fab,text,1,1
.faces,text,1,1
.fanalyzer,text,1,1
.fas,text,1,1
.fb2,text,1,1
.fbbt,text,1,1
.fbz,archives,1,1
.fcgi,text,1,1
.fcstd,archives,1,1
.fdi,text,1,1
.fdisk,text,1,1
.fedora-34,text,1,1
.fedora-38,text,1,1
.fedora-42,text,1,1
.ffignore,text,1,1
.ffmpeg,text,1,1
.fig,binary,1,1
.fil,text,1,1
.filters,missing,1,1
.final,text,1,1
.fips,text,1,1
.first,text,1,1
.fishcomp,text,1,1
.fit,text,1,1
.fla,binary,1,1
.flac,text,1,1
.flatpak,text,1,1
.fls,text,1,1
.flto,text,1,1
.flv,binary,1,1
.fmx,text,1,1
.fnt,text,1,1
.fodt,text,1,1
.foo,text,1,1
.form,text,1,1
.format,text,1,1
.formatted,text,1,1
.former-dumper-error,text,1,1
.former-loader-error,text,1,1
.fosphor,text,1,1
.free,text,1,1
.freetype,text,1,1
.frm,binary,1,1
.fsl,text,1,1
.fsremap,text,1,1
.fsy,text,1,1
.fth,missing,1,1
.fusexmp,text,1,1
.fuzz,failed:documents,1,1
.g4vmc,text,1,1
.gaprc,text,1,1
.gbi,binary,1,1
.gcmmx,text,1,1
.gcpubar,text,1,1
.gdb,text,1,1
.gdbar,text,1,1
.gemini,text,1,1
.general,text,1,1
.generate,text,1,1
.generated,text,1,1
.genome,text,1,1
.gentoo,text,1,1
.gfa2,text,1,1
.gif,missing,1,1
.gif89,pictures,1,1
.git-dpm,text,1,1
.git_hooks,missing,1,1
.gitatttributes,text,1,1
".gitignore""",missing,1,1
.gitmessage,text,1,1
.gkrellm2-cpufreq,text,1,1
.gladep,text,1,1
.gnome,text,1,1
.gnulib,missing,1,1
.gnuplot,text,1,1
.goipfs-stub,text,1,1
.good_cflags,text,1,1
.google,text,1,1
.goreleaser,text,1,1
.gorik,text,1,1
.gp3,text,1,1
.gperf_tmpl,text,1,1
.gpg-v21-migrated,text,1,1
.gpl-3,text,1,1
.gplv2,text,1,1
.graffle,text,1,1
.graph,text,1,1
.gremlin,text,1,1
.gro,archives,1,1
.groff,text,1,1
.gtmpl,text,1,1
.gtp,text,1,1
.gui,text,1,1
.guid-migration,text,1,1
.guide,text,1,1
.gun,text,1,1
.gypi,text,1,1
.gzip,archives,1,1
.h-,text,1,1
.h_patch,text,1,1
.hamlib,text,1,1
.heic,binary,1,1
.hello,text,1,1
.helmignore,text,1,1
.help2man,text,1,1
.hex0,text,1,1
.hex1,text,1,1
.hex2,text,1,1
.hex3d,text,1,1
.hexdump,text,1,1
.hexdump-body,text,1,1
.hexdump-footer,text,1,1
.hexdump-header,text,1,1
.hf77,text,1,1
.hf90,text,1,1
.hgsigs,text,1,1
.hgsub,text,1,1
.hgsubstate,text,1,1
.hhc,binary,1,1
.hhc,text,1,1
.hhk,binary,1,1
.hhk,text,1,1
.hi,binary,1,1
.hidden,text,1,1
.hkyg5,text,1,1
.hlp,binary,1,1
.hoeignore,text,1,1
.home,text,1,1
.host,text,1,1
.hosts,text,1,1
.hp64,text,1,1
.hpgcc,text,1,1
.hqx,text,1,1
.ht,text,1,1
.i386,text,1,1
.ian,text,1,1
.ibmc,text,1,1
.icc,text,1,1
.icns,missing,1,1
.id3,text,1,1
.ida,text,1,1
.ieee802_15_4,text,1,1
.ifupdown,text,1,1
.ignore_words,text,1,1
.ilk,binary,1,1
.ily,text,1,1
.imap,binary,1,1
.imapsync,text,1,1
.imdn,binary,1,1
.imf,binary,1,1
.img,archives,1,1
.imph,binary,1,1
.importorder,text,1,1
.imtt,text,1,1
.in-lua,text,1,1
.inbox,text,1,1
.includes,text,1,1
.ini_tmpl,text,1,1
.inline,text,1,1
.inn,text,1,1
.inp,text,1,1
.install4j,text,1,1
.int,text,1,1
.intel,text,1,1
.interactivity,text,1,1
.invalid_theme,text,1,1
.ipaddr,text,1,1
.ipdb,binary,1,1
.ipkg,text,1,1
.ipv6,text,1,1
.irule,text,1,1
.iscm,text,1,1
.issue-54,text,1,1
.issue87_numnodes,text,1,1
.ixx,text,1,1
.jamref,text,1,1
.jenkinsfile,text,1,1
.jmk,text,1,1
.jp,text,1,1
.jp2,binary,1,1
.jpeg,binary,1,1
.jpg,missing,1,1
.jpn,text,1,1
.jrubyrc,text,1,1
.jshintignore,text,1,1
.jshintrc,text,1,1
".json""",missing,1,1
.jst,text,1,1
.jumbo,text,1,1
.jwe,text,1,1
.jwk,text,1,1
.jwmrc,text,1,1
.jxsv,binary,1,1
.kaem,text,1,1
.kaptn,text,1,1
.keepdir,text,1,1
.kernel,text,1,1
.keycodes,text,1,1
.keylog,text,1,1
.keyring,text,1,1
.kittscanner,text,1,1
.knr,text,1,1
.krooks,text,1,1
.kwj,binary,1,1
.lab,text,1,1
.lambda,text,1,1
.last,text,1,1
.lastrelease,text,1,1
.latex,text,1,1
.lbc,text,1,1
.leda,text,1,1
.lemon,text,1,1
.lesserv2,text,1,1
.lfsc,text,1,1
.lfsconfig,text,1,1
.lgpl-2,text,1,1
.lgpl-3,text,1,1
.lgplv2+,text,1,1
.lgplv21,text,1,1
.lgplv3,text,1,1
.lgtm,text,1,1
.lhelper,text,1,1
.libbw,text,1,1
.libvpx,text,1,1
.lidr,text,1,1
.liering,text,1,1
.light-locker,text,1,1
.light-locker-command,text,1,1
.limits,text,1,1
.lineno,text,1,1
.link,text,1,1
.linux-x86_64-musl,text,1,1
.linux32,text,1,1
.linux32_sse2,text,1,1
.linux64,text,1,1
.linux_sse2,text,1,1
.liq,binary,1,1
.litcoffee,text,1,1
.llvm,text,1,1
.loader-error,binary,1,1
.local,binary,1,1
.logger,text,1,1
.lookup,text,1,1
.lottie,archives,1,1
.lpp,text,1,1
.lrz,binary,1,1
.lsb-daemon,text,1,1
.lsx,text,1,1
.lts,binary,1,1
.luacode,text,1,1
.lvimrc,text,1,1
.ly,text,1,1
.lz4,binary,1,1
.lzo,text,1,1
.m1,text,1,1
.madt,text,1,1
.magik,text,1,1
.mailcapregistryprovider,text,1,1
.main,text,1,1
.maintscript,text,1,1
.makt,text,1,1
.mapfile,text,1,1
.mapping,text,1,1
.mask,text,1,1
.mat,text,1,1
.mbn,binary,1,1
.mdc,text,1,1
.mdd,text,1,1
.mdf,binary,1,1
.mdlrc,text,1,1
.me,binary,1,1
.messages,text,1,1
.meta,text,1,1
.mf,missing,1,1
.mfc,text,1,1
.mid,binary,1,1
.mimetyperegistryprovider,text,1,1
.min.js,missing,1,1
.minimal,text,1,1
.mips,text,1,1
.missing_keyboard-shortcuts,text,1,1
.missing_ui,text,1,1
.mission,text,1,1
.mkdosfs,text,1,1
.mkfs,text,1,1
.ml#,text,1,1
.ml_,text,1,1
.mlapp,archives,1,1
.mlii,text,1,1
.mlip,text,1,1
.mlw,text,1,1
.mmdb,failed:pictures,1,1
.mmk,text,1,1
.mng,text,1,1
.mobi,binary,1,1
.module,text,1,1
.mojo,text,1,1
.mount,text,1,1
.mpeg2,binary,1,1
.mpi,text,1,1
.ms-excel,text,1,1
.msbuild,text,1,1
.mscz,archives,1,1
.msg,binary,1,1
.msl2024,text,1,1
.mswmm,binary,1,1
.msys2,text,1,1
.mtl,text,1,1
.multiarch,text,1,1
.multiple-sources,text,1,1
.mvel,text,1,1
.mxml,text,1,1
.my,text,1,1
.myhtaccess,text,1,1
.mypyignore,text,1,1
.mysql,text,1,1
.nc,binary,1,1
.ncx,text,1,1
.ne12bsd,text,1,1
.neoversev1,text,1,1
.newick,text,1,1
.ninja,text,1,1
.ninja_log,text,1,1
.nis,text,1,1
.no-inline,text,1,1
.noconf,text,1,1
.nodelete,text,1,1
.nommx,text,1,1
.norm,text,1,1
.notignored,text,1,1
.noxtree,text,1,1
.npm,text,1,1
.nqp,text,1,1
.nsis,text,1,1
.nss,text,1,1
.nuc,missing,1,1
.nul,binary,1,1
.num,text,1,1
.numbers,archives,1,1
.nvcc,text,1,1
.nvfortran,text,1,1
.nvfortran_bug,text,1,1
.ob2,binary,1,1
.obbt,text,1,1
.ocamlinit-cudf,text,1,1
.ocioz,archives,1,1
.ocp,text,1,1
.ocplint,text,1,1
.offline,text,1,1
.ok2,text,1,1
.okay,text,1,1
.oma,text,1,1
.omwscripts,text,1,1
.oonith,text,1,1
.opensuse,text,1,1
.opensuse-leap,text,1,1
.opf,text,1,1
.org,missing,1,1
.orig2,text,1,1
.orig3,text,1,1
.orig4,text,1,1
.orig5,text,1,1
.original,text,1,1
.oro,text,1,1
.osxlion,text,1,1
.oth,text,1,1
.out,missing,1,1
.out2,text,1,1
.out3,text,1,1
.out4,text,1,1
.outlang,text,1,1
.output3232,text,1,1
.output3264,text,1,1
.output6432,text,1,1
.output6464,text,1,1
.overflow,text,1,1
.ovl,binary,1,1
.ovms,text,1,1
.p12,binary,1,1
.pac,text,1,1
.paint,text,1,1
.pak,text,1,1
.pal,text,1,1
.pango,text,1,1
.parlour,text,1,1
.parm7,text,1,1
.parquet,text,1,1
.partaa,binary,1,1
.partae,binary,1,1
.parts_exp,text,1,1
.pass,text,1,1
.passphrase,text,1,1
.pat,text,1,1
.patch2,text,1,1
.patch_rick_romero,text,1,1
.patches,text,1,1
.path,text,1,1
.payload,text,1,1
.payloadout,text,1,1
.pbm,text,1,1
.pcap,text,1,1
.pcap-body,binary,1,1
.pcap-footer,text,1,1
.pcap-header,binary,1,1
.pcd,binary,1,1
.pcf,binary,1,1
.pdml,text,1,1
.pdml-body,text,1,1
.pdml-footer,text,1,1
.pdml-header,text,1,1
.perspectivev3,text,1,1
.pest,text,1,1
.pg,text,1,1
.phar,text,1,1
.php,binary,1,1
.php-dist,text,1,1
.phpcode,text,1,1
.phtml,text,1,1
.pict,text,1,1
.pio,text,1,1
.pkcs12,binary,1,1
.pkgproj_template_with_plugins,text,1,1
.pkt,binary,1,1
.pl,missing,1,1
.placeholder,text,1,1
.plain,text,1,1
.pld,binary,1,1
.plist,missing,1,1
.plug,text,1,1
.pluxinc,text,1,1
.pnm,text,1,1
.pnr,text,1,1
.pod,binary,1,1
.poly,text,1,1
.poml,text,1,1
.popt,text,1,1
.postfix,text,1,1
.pov,text,1,1
.pp_data,text,1,1
.prawn,text,1,1
.prettierignore,text,1,1
.prev-version,text,1,1
.preview,text,1,1
.privateserver,text,1,1
.prmtop,text,1,1
.product,text,1,1
.products,text,1,1
.prof,binary,1,1
.prof,text,1,1
.project-root,text,1,1
.projectinfo,text,1,1
.projects,text,1,1
.properties-rename,text,1,1
.proto,missing,1,1
.protobuf,text,1,1
.pryrc,text,1,1
.psl,text,1,1
.psml,text,1,1
.psml-body,text,1,1
.psml-footer,text,1,1
.psml-header,text,1,1
.psr,text,1,1
.ptm,binary,1,1
.ptx,text,1,1
.puremagic_multi_footer,text,1,1
.pythoncode,text,1,1
.pzfx,text,1,1
.pzx,text,1,1
.qch,binary,1,1
.qdc,text,1,1
.qdocconf,text,1,1
.qp,text,1,1
.qs,text,1,1
.qsf,text,1,1
.quirk,text,1,1
.quirks,text,1,1
.r,binary,1,1
.r00,text,1,1
.radexample,text,1,1
.rails-main,text,1,1
.rails5,text,1,1
.rails6,text,1,1
.rails6_rmagick,text,1,1
.rails8,text,1,1
.rails8_rmagick,text,1,1
.rawacf,text,1,1
.rchit,text,1,1
.rdfs,text,1,1
.rds,text,1,1
.rebuild,text,1,1
.rec,missing,1,1
.recommended,text,1,1
.recording,text,1,1
.redhat,text,1,1
.redir,text,1,1
.redist,text,1,1
.reek,text,1,1
.regex,text,1,1
.relignore,text,1,1
.removal,text,1,1
.rendered,text,1,1
.replay,text,1,1
.report_all,text,1,1
.resolving,text,1,1
.resw,text,1,1
.rft,binary,1,1
.rhel,text,1,1
.ris,text,1,1
.rlx,text,1,1
.rmiss,text,1,1
.ro,binary,1,1
.roc,text,1,1
.root-setup,text,1,1
.roots,text,1,1
.rpmlintrc,text,1,1
.rsc,binary,1,1
.rso,binary,1,1
.rss,text,1,1
.rst_,text,1,1
.rtd,binary,1,1
.rte,binary,1,1
.ru,archives,1,1
.ruby-gemset,text,1,1
.rul,text,1,1
.runsettings,text,1,1
.rvnamed,text,1,1
.s,binary,1,1
.s,missing,1,1
.s20,text,1,1
.same-git,text,1,1
.samples,text,1,1
.save,text,1,1
.sbxls,text,1,1
.scale,text,1,1
.scan-build,text,1,1
.schemas,text,1,1
.sco,text,1,1
.scopy,text,1,1
.scores,text,1,1
.scratch,text,1,1
.scripts,binary,1,1
.sd7,text,1,1
.sda,binary,1,1
.sdc,binary,1,1
.sdw,binary,1,1
.sed1,text,1,1
.sed2,text,1,1
.service (user),text,1,1
.service-example,text,1,1
.service-type,text,1,1
.settings-ported,text,1,1
.setup,text,1,1
.sf,text,1,1
.sggcc,text,1,1
.sgi,text,1,1
.sh-temp-disable,text,1,1
.sh2,text,1,1
.sh3,text,1,1
.shapes,text,1,1
.shellspec,text,1,1
.shs,binary,1,1
.shtml_,text,1,1
.sif,text,1,1
.sig_suppress,text,1,1
.sit,binary,1,1
.siva,binary,1,1
.six,text,1,1
.sk,binary,1,1
.skk,text,1,1
.skkdic-diff,binary,1,1
.skkdic-diff,text,1,1
.skkdic-expr2,binary,1,1
.skkdic-expr2,text,1,1
.slackbuild,text,1,1
.slackware,text,1,1
.smil,text,1,1
.smooth,text,1,1
.so9,text,1,1
.sockstat,text,1,1
.solaris-x86,text,1,1
.something,text,1,1
.sort,text,1,1
.sorted,text,1,1
.spe,archives,1,1
.spec,missing,1,1
.special-ft,text,1,1
.spell1,text,1,1
.split,text,1,1
.split1,binary,1,1
.split2,binary,1,1
.split3,binary,1,1
.sql-mysql,text,1,1
.sql-pg,text,1,1
.sqlite,binary,1,1
.srv,text,1,1
.ssl11,text,1,1
.ssml,text,1,1
.st7565r-reel,text,1,1
.startcfg,text,1,1
.stream,text,1,1
.stream-error,text,1,1
.strf,text,1,1
.strong_extreme,text,1,1
.strong_int_br,text,1,1
.sty,missing,1,1
.styledown,text,1,1
.stylelintignore,text,1,1
.stylus,text,1,1
.sub,binary,1,1
.subclass_blacklist,text,1,1
.sublist,text,1,1
.submit,text,1,1
.subunit,text,1,1
.sunos,text,1,1
.sunxi,binary,1,1
.suppr,text,1,1
.suppression,text,1,1
.suppressions,text,1,1
.svd,text,1,1
.svn,text,1,1
.svs,text,1,1
.swi,text,1,1
.swtpm,text,1,1
.sxc,archives,1,1
.sy,text,1,1
.sycl,text,1,1
.symvers,text,1,1
.syn,binary,1,1
.syn,text,1,1
.synaptics,text,1,1
.synth,text,1,1
.sysc,text,1,1
.syx,text,1,1
.t1x,text,1,1
.t42,text,1,1
.tail,text,1,1
.tal,text,1,1
.tarball-version-git,text,1,1
.tasks,text,1,1
.tbx,text,1,1
.tc3,text,1,1
.tcl,binary,1,1
.tcp3333,text,1,1
.tcsh,text,1,1
.tcss,text,1,1
.tdy,text,1,1
.term,binary,1,1
.test1,text,1,1
.test_1_comma_split1,text,1,1
.test_1_comma_split2,text,1,1
.test_1_hostrange_split1,text,1,1
.test_1_hostrange_split2,text,1,1
.test_4,text,1,1
.test_4_comma,text,1,1
.test_4_comma_reorder,text,1,1
.test_4_comma_split,text,1,1
.test_4_comma_split_reorder,text,1,1
.test_4_hostrange,text,1,1
.test_4_hostrange_reorder,text,1,1
.test_4_hostrange_split,text,1,1
.test_4_hostrange_split_reorder,text,1,1
.test_4_reorder,text,1,1
.test_5,text,1,1
.test_5_comma,text,1,1
.test_5_hostrange,text,1,1
.test_islice,text,1,1
.test_the_detection_of_the_dependency_libpostgres,text,1,1
.test_the_detection_of_the_dependency_libpq,text,1,1
.test_the_detection_of_the_dependency_libr,text,1,1
.testengine,text,1,1
.testmain,text,1,1
.textwidth,text,1,1
.theme-brila,text,1,1
.theme-brila-eta,text,1,1
.theme-eta,text,1,1
.theme-nokto,text,1,1
.theme-nokto-eta,text,1,1
.thrift,text,1,1
.tidyallrc,text,1,1
.tlr,text,1,1
.tlsh,text,1,1
.tlv,binary,1,1
.tmi,text,1,1
.tmk,text,1,1
.tmproj,text,1,1
.tmtheme,text,1,1
.to,text,1,1
.tok,text,1,1
".toml""",missing,1,1
.ton,text,1,1
.toon,text,1,1
.tpr,binary,1,1
.tpt,text,1,1
.traceevent,text,1,1
.traceroute,text,1,1
.traineddata,text,1,1
.trans,text,1,1
.transifexrc,text,1,1
.translators,text,1,1
.travis_get_mainline_kernel,text,1,1
.tree,text,1,1
.trs,text,1,1
.true,text,1,1
.tty10,text,1,1
.turbovnc,text,1,1
.txt~,text,1,1
.tzip,text,1,1
.tzmap,text,1,1
.ubuntu-2404,text,1,1
.ubuntu-devel,text,1,1
.ubuntu-oracular,text,1,1
.ubuntu-plucky,text,1,1
.ubuntu_focal,text,1,1
.ubuntu_trusty,text,1,1
.ubuntu_xenial,text,1,1
.ubuntu_xenial_qt510,text,1,1
.ubuntu_xenial_qt511,text,1,1
.ubuntu_xenial_qt562,text,1,1
.ubuntu_xenial_qt59,text,1,1
.umap,binary,1,1
.umk,text,1,1
.unformatted,text,1,1
.unit,text,1,1
.unitstatus,text,1,1
.unshield,text,1,1
.unused,text,1,1
.un~,binary,1,1
.upstart,text,1,1
.uptermd,text,1,1
.uptimed,text,1,1
.user,missing,1,1
.users,text,1,1
.uw,text,1,1
.uxf,text,1,1
.v4,text,1,1
.v6,text,1,1
.validator,text,1,1
.variable,text,1,1
.variables,text,1,1
.varlink,text,1,1
.vbs,text,1,1
.vbw,text,1,1
.vcawin32,text,1,1
.vcwin32,text,1,1
.vcxitems,text,1,1
.vde_vxlan,text,1,1
.vers,text,1,1
.version-info,text,1,1
.versionrc,text,1,1
.vertical_align,text,1,1
.vgm,text,1,1
.visualc,text,1,1
.vital,text,1,1
.vmdk,binary,1,1
.vmdk,text,1,1
.vnc,text,1,1
.vrp,text,1,1
.vrrp,text,1,1
.vsixmanifest,text,1,1
.vssscc,text,1,1
.vt,text,1,1
.vtt,text,1,1
.vys,text,1,1
.w32-vc,text,1,1
.wapproj,text,1,1
.wasm,text,1,1
.wbmp,binary,1,1
.web,text,1,1
.webapp,text,1,1
.wheelmouse,text,1,1
.wheezy,text,1,1
.widget,text,1,1
.windows-x64,text,1,1
.wip,text,1,1
.with-categories,text,1,1
.wmi,text,1,1
.wml,text,1,1
.wmmixer,text,1,1
.wmsmixer,text,1,1
.wmv,binary,1,1
.wokeignore,text,1,1
.wol,text,1,1
.wox,text,1,1
.wrapper,text,1,1
.wrongext,text,1,1
.wx,text,1,1
.x-tex,text,1,1
.xae,text,1,1
.xc,text,1,1
.xcf,missing,1,1
.xcsettings,text,1,1
.xcuserstate,binary,1,1
.xcuserstate,text,1,1
.xferlog,text,1,1
.xhp,text,1,1
.xiph,text,1,1
.xjb,text,1,1
.xkb,text,1,1
.xlb,text,1,1
".xml""",missing,1,1
.xover,text,1,1
.xpress,text,1,1
.xsession,text,1,1
.xx,text,1,1
.xxhash,text,1,1
.xyz,text,1,1
.yaml,missing,1,1
.yamlfmt,text,1,1
.yarnrc,text,1,1
.yasnippet,text,1,1
.yet,text,1,1
".yml""",missing,1,1
.yml-disabled,text,1,1
.yts,text,1,1
.yuck,text,1,1
.yuv,binary,1,1
.zck,text,1,1
.zdl,binary,1,1
.zdp,binary,1,1
.zip,failed:archives,1,1
.zlib_ng,text,1,1
.zzz,text,1,1
0,archives,1,1
00008160000006810000408080010102,cursors,1,1
0084_subscription_with_clause_0,text,1,1
00_tuned,text,1,1
00_wait_for_media,text,1,1
00check,text,1,1
00dist,text,1,1
00readme,text,1,1
018_various,text,1,1
01_connect,text,1,1
028006030e0e7ebffc7f7070c0600140,cursors,1,1
02_append_string,text,1,1
03799ab60143654e260d91049a99551299b2a5,binary,1,1
03_message_to_file,text,1,1
03b6e0fcb3499374a867c041f52298f0,cursors,1,1
04_parse_headers,text,1,1
051_softroot,text,1,1
05_parse_headers_ssl,text,1,1
05btrfs,text,1,1
05customdir,text,1,1
05lvm,text,1,1
05zfs,text,1,1
06-03-02,binary,1,1
06-05-00,binary,1,1
06-05-01,binary,1,1
06-05-02,binary,1,1
06-06-00,binary,1,1
06-06-05,binary,1,1
06-06-0d,binary,1,1
06-07-01,binary,1,1
06-07-02,binary,1,1
06-07-03,binary,1,1
06-08-0a,binary,1,1
06-09-05,binary,1,1
06-0a-00,binary,1,1
06-0a-01,binary,1,1
06-0b-01,binary,1,1
06-0b-04,binary,1,1
06-0d-06,binary,1,1
06-0e-08,binary,1,1
06-0e-0c,binary,1,1
06-0f-02,binary,1,1
06-0f-07,binary,1,1
06-0f-0a,binary,1,1
06-0f-0b,binary,1,1
06-0f-0d,binary,1,1
06-16-01,binary,1,1
06-17-06,binary,1,1
06-17-07,binary,1,1
06-17-0a,binary,1,1
06-1a-04,binary,1,1
06-1a-05,binary,1,1
06-1c-02,binary,1,1
06-1c-0a,binary,1,1
06-1d-01,binary,1,1
06-1e-05,binary,1,1
06-25-02,binary,1,1
06-25-05,binary,1,1
06-26-01,binary,1,1
06-2c-02,binary,1,1
06-2e-06,binary,1,1
06-2f-02,binary,1,1
06-37-08,binary,1,1
06-3e-06,binary,1,1
06-4c-03,binary,1,1
06-4c-04,binary,1,1
06-4d-08,binary,1,1
06-55-05,binary,1,1
06-5c-02,binary,1,1
06-66-03,binary,1,1
06-6a-05,binary,1,1
06-ae-01,binary,1,1
06-b5-00,binary,1,1
062_readonly_conf,text,1,1
06_parse_headers_ssl_titi,text,1,1
086a3aa337038cac8a75a05131444f222e48aee8,text,1,1
09fsck,text,1,1
0anacron,text,1,1
0f-00-07,binary,1,1
0f-00-0a,binary,1,1
0f-01-02,binary,1,1
0f-02-04,binary,1,1
0f-02-05,binary,1,1
0f-02-06,binary,1,1
0f-02-07,binary,1,1
0f-02-09,binary,1,1
0f-03-02,binary,1,1
0f-03-03,binary,1,1
0f-03-04,binary,1,1
0f-04-01,binary,1,1
0f-04-03,binary,1,1
0f-04-04,binary,1,1
0f-04-07,binary,1,1
0f-04-08,binary,1,1
0f-04-09,binary,1,1
0f-04-0a,binary,1,1
0f-06-02,binary,1,1
0f-06-04,binary,1,1
0f-06-05,binary,1,1
0f-06-08,binary,1,1
0install,missing,1,1
1,binary,1,1
1-motifs,text,1,1
1-tiling-drag,text,1,1
10,text,1,1
10-dpkg,text,1,1
1081e37283d90000800003c07f3ef6bf,cursors,1,1
10cc,text,1,1
10dinge,text,1,1
10magicrescue_defs,text,1,1
114431182,text,1,1
116495682_1,text,1,1
134172128,text,1,1
143431863,text,1,1
145684916,text,1,1
149757877,text,1,1
149962816,text,1,1
149962877,text,1,1
14fef782d02440884392942c11205230,cursors,1,1
150245846,text,1,1
150280258,text,1,1
150310130,text,1,1
151151704,text,1,1
151882032,text,1,1
153757612,text,1,1
153891703,text,1,1
154985893,text,1,1
155506346,text,1,1
155578201,text,1,1
155689090,text,1,1
156414349,text,1,1
157091836,text,1,1
157921572,text,1,1
159389429_08,text,1,1
159389429_16,text,1,1
159475529_1,text,1,1
159475529_2,text,1,1
159478550,text,1,1
160997543,text,1,1
161236205,text,1,1
168158647,text,1,1
1plus1,text,1,1
2-focus-click,text,1,1
2-tiling-drag-targets,text,1,1
20-rpm,text,1,1
200-write,text,1,1
20251019wichrowski,text,1,1
20251021wichrowski,text,1,1
20251027wichrowski,text,1,1
20251105wichrowski,text,1,1
20251107reinhold,text,1,1
20251110moulday,text,1,1
20251121lucaheltai,text,1,1
20251123tjhei,text,1,1
212_en,binary,1,1
214120190,text,1,1
221_en,binary,1,1
229_fr,binary,1,1
236_en,binary,1,1
255_en,binary,1,1
2614,binary,1,1
261_en,binary,1,1
2870a09082c103050810ffdffffe0204,cursors,1,1
3-drag-cursor,text,1,1
30-pacman,text,1,1
3085a0e285430894940527032f8b26df,cursors,1,1
34_en,binary,1,1
372_en,binary,1,1
377_en,binary,1,1
3dd951802bf189790e9a5cff9b269fd295896dbd3938f5518ec8f2e93c05fb57,text,1,1
4,text,1,1
4-drop-scratchpad,text,1,1
400-notify-send,text,1,1
4498f0e0c1937ffe01fd06f973665830,cursors,1,1
45_en,binary,1,1
47b7ebef46fb8de5bdd1d911867e916c421871b9ebc694c31cbe3e8a74ee7a33,text,1,1
4c6d9d6ba363e3352f7c21807ca3a7835072b2,binary,1,1
50-import-pools,text,1,1
50chrootname,text,1,1
50gtk-automagic,text,1,1
50static-lto,text,1,1
55cinnamon-session_gnomerc,text,1,1
57_en,binary,1,1
5825285b785e1db13bf36d2d11a19aba41c6ae,binary,1,1
5c6cd98b3f3ebcb1f9c7f1c204630408,cursors,1,1
600-mail,text,1,1
6407b0e94181790501fd1e167b474872,cursors,1,1
640fb0e74195791501fd1ed57b41487f,cursors,1,1
6fa527fd62979afab1d2346828c7e801daac32,binary,1,1
7-translation,text,1,1
70services,text,1,1
8-bar-font,text,1,1
8-bar-output-trailing-whitespace,text,1,1
819c39b998a284fe6dc7cdcfaa6fdca914d862401a2ba98644975fc54bba4e5e,text,1,1
852_zh,binary,1,1
8bcd544b7573eefaad18c278473e5f255d10b8,binary,1,1
8ebaef2304e91465585c8d7fcf4d9f939e08d6b4,text,1,1
9-bs-normal,text,1,1
90-none,text,1,1
9081237383d90e509aa00f00170e968f,cursors,1,1
90dep,text,1,1
972_en,binary,1,1
98_en,binary,1,1
98_fa,binary,1,1
992_en,binary,1,1
995_en,binary,1,1
9b9a5984d19db4a566151374762e2628ec26b3,binary,1,1
9d800788f1b08800ae810202380a0822,cursors,1,1
9d891e731f75deae56884d79e9816736b7488080,text,1,1
9eaf592a23b84a809ba68b7d37f1b8e9b7eef7c398cc4599b5137048348271eb,text,1,1
[,text,1,1
"\346\224\266\344\273\266\347\256\261""",missing,1,1
__abs__,text,1,1
__add__,text,1,1
__aenter__,text,1,1
__aexit__,text,1,1
__aiter__,text,1,1
__and__,text,1,1
__anext__,text,1,1
__await__,text,1,1
__bool__,text,1,1
__bytes__,text,1,1
__call__,text,1,1
__ceil__,text,1,1
__class_getitem__,text,1,1
__cmp__,text,1,1
__complex__,text,1,1
__contains__,text,1,1
__del__,text,1,1
__delattr__,text,1,1
__delete__,text,1,1
__delitem__,text,1,1
__dir__,text,1,1
__div__,text,1,1
__divmod__,text,1,1
__enter__,text,1,1
__eq__,text,1,1
__exit__,text,1,1
__float__,text,1,1
__floor__,text,1,1
__floordiv__,text,1,1
__format__,text,1,1
__ge__,text,1,1
__get__,text,1,1
__getattr__,text,1,1
__getattribute__,text,1,1
__getitem__,text,1,1
__gt__,text,1,1
__hash__,text,1,1
__iadd__,text,1,1
__iand__,text,1,1
__idiv__,text,1,1
__ifloordiv__,text,1,1
__ilshift__,text,1,1
__imatmul__,text,1,1
__imod__,text,1,1
__imul__,text,1,1
__index__,text,1,1
__init__,text,1,1
__init__py,text,1,1
__init_subclass__,text,1,1
__instancecheck__,text,1,1
__int__,text,1,1
__invert__,text,1,1
__ior__,text,1,1
__ipow__,text,1,1
__irshift__,text,1,1
__isub__,text,1,1
__iter__,text,1,1
__itruediv__,text,1,1
__ixor__,text,1,1
__le__,text,1,1
__len__,text,1,1
__length_hint__,text,1,1
__lshift__,text,1,1
__lt__,text,1,1
__matmul__,text,1,1
__mod__,text,1,1
__mul__,text,1,1
__ne__,text,1,1
__neg__,text,1,1
__new__,text,1,1
__next__,text,1,1
__or__,text,1,1
__pos__,text,1,1
__pow__,text,1,1
__prepare__,text,1,1
__radd__,text,1,1
__rand__,text,1,1
__rdivmod__,text,1,1
__repr__,text,1,1
__reversed__,text,1,1
__rfloordiv__,text,1,1
__rlshift__,text,1,1
__rmatmul__,text,1,1
__rmod__,text,1,1
__rmul__,text,1,1
__ror__,text,1,1
__round__,text,1,1
__rpow__,text,1,1
__rrshift__,text,1,1
__rshift__,text,1,1
__rsub__,text,1,1
__rtruediv__,text,1,1
__rxor__,text,1,1
__set__,text,1,1
__set_name__,text,1,1
__setattr__,text,1,1
__setitem__,text,1,1
__slots__,text,1,1
__str__,text,1,1
__sub__,text,1,1
__subclasscheck__,text,1,1
__truediv__,text,1,1
__trunc__,text,1,1
__xor__,text,1,1
_archinstallscripts,text,1,1
_augmatch,text,1,1
_augparse,text,1,1
_augprint,text,1,1
_cap,text,1,1
_certbot,text,1,1
_clang-format,text,1,1
_cyme,text,1,1
_diskutil,text,1,1
_dust,text,1,1
_eix-layman,text,1,1
_eix-remote,text,1,1
_ekeyword,text,1,1
_fnottctl,text,1,1
_foot,text,1,1
_footclient,text,1,1
_g-cpan,text,1,1
_gentoo_repos_conf,text,1,1
_ghq,text,1,1
_jp2a,text,1,1
_lftp,text,1,1
_lr,text,1,1
_mise,text,1,1
_pass-update,text,1,1
_progress,text,1,1
_pybugz,text,1,1
_run,text,1,1
_screencapture,text,1,1
_scrot,text,1,1
_selx,text,1,1
_service,text,1,1
_sf,text,1,1
_show,text,1,1
_sslscan,text,1,1
_sxcs,text,1,1
_test_tpm2_save_load_state_locking,text,1,1
_textutil,text,1,1
_tremc,text,1,1
_ug,text,1,1
_ug+,text,1,1
_ugrep,text,1,1
_ugrep+,text,1,1
_vifm,text,1,1
_wgetpaste,text,1,1
_xe,text,1,1
_xpanes,text,1,1
_yamllint,text,1,1
a,text,1,1
a2,text,1,1
a2a266d0498c3104214a47bd64ab0fc8,cursors,1,1
a_file,text,1,1
aa,text,1,1
abbrev,text,1,1
abc,text,1,1
abi,text,1,1
abi-compliance-checker,missing,1,1
abootimg-pack-initrd,text,1,1
abootimg-unpack-initrd,text,1,1
abstract-theory,text,1,1
acc_examples,text,1,1
account,text,1,1
accuraterip-checksum,text,1,1
actions-readme,text,1,1
activate-hermit,text,1,1
add,pictures,1,1
addfromifmissing,text,1,1
addfromifmissing2,text,1,1
additional_license_info,text,1,1
addjailsw,text,1,1
addjailuser,text,1,1
addlisting,text,1,1
addrmap-common,text,1,1
addrmap-overlap-begin,text,1,1
addrmap-overlap-end,text,1,1
addrmap-reduce,text,1,1
addrmap-replace,text,1,1
addrmap-single-begin,text,1,1
addrmap-single-end,text,1,1
addrmap-single-middle,text,1,1
addrxlat-aarch64-16k,text,1,1
addrxlat-aarch64-4k,text,1,1
addrxlat-aarch64-64k,text,1,1
addrxlat-aarch64-lpa-64k,text,1,1
addrxlat-aarch64-lpa2-16k,text,1,1
addrxlat-aarch64-lpa2-4k,text,1,1
addrxlat-arm-short,text,1,1
addrxlat-common,text,1,1
addrxlat-ia32,text,1,1
addrxlat-ia32-pae,text,1,1
addrxlat-identity,text,1,1
addrxlat-invalid,text,1,1
addrxlat-invalid-aarch64-16k,text,1,1
addrxlat-invalid-aarch64-4k,text,1,1
addrxlat-invalid-aarch64-64k,text,1,1
addrxlat-invalid-aarch64-lpa-64k,text,1,1
addrxlat-invalid-aarch64-lpa2-16k,text,1,1
addrxlat-invalid-aarch64-lpa2-4k,text,1,1
addrxlat-invalid-ia32,text,1,1
addrxlat-invalid-ia32-pae,text,1,1
addrxlat-invalid-pfn32,text,1,1
addrxlat-invalid-pfn64,text,1,1
addrxlat-invalid-s390x-2l,text,1,1
addrxlat-invalid-s390x-5l,text,1,1
addrxlat-invalid-x86_64,text,1,1
addrxlat-linear,text,1,1
addrxlat-memarr,text,1,1
addrxlat-null,text,1,1
addrxlat-pfn32,text,1,1
addrxlat-pfn64,text,1,1
addrxlat-ppc64-64k,text,1,1
addrxlat-riscv-sv39,text,1,1
addrxlat-riscv-sv48,text,1,1
addrxlat-riscv-sv57,text,1,1
addrxlat-s390x-2l,text,1,1
addrxlat-s390x-3l,text,1,1
addrxlat-s390x-4l,text,1,1
addrxlat-s390x-5l,text,1,1
addrxlat-table,text,1,1
addrxlat-x86_64-4l,text,1,1
addrxlat-x86_64-5l,text,1,1
addrxlat-x86_64-sme,text,1,1
adfls_dir1_1_long_msys,text,1,1
adfls_file_long_msys,text,1,1
adfls_hardlink_dir_msys,text,1,1
adfls_hardlink_file_msys,text,1,1
adfls_main_dir_long_msys,text,1,1
adfls_main_dir_msys,text,1,1
adfls_softlink_msys,text,1,1
adjacent_find_config_template,text,1,1
adv-socat,text,1,1
adv-socat-endpoint,text,1,1
adv-standalone,text,1,1
adv-standalone-endpoint,text,1,1
advanced,text,1,1
affiliation,text,1,1
afio_pack_gpg,text,1,1
afio_pack_gpg_zip,text,1,1
afio_unpack_gpg,text,1,1
afio_unpack_gpg_zip,text,1,1
afl-cmin,text,1,1
afl-plot,text,1,1
afn,text,1,1
afnr,text,1,1
afns,text,1,1
afnw,text,1,1
after_deploy,text,1,1
agrep,binary,1,1
agrep,text,1,1
ai0-sourcehanmono,text,1,1
ainm-b,text,1,1
ainm-f,text,1,1
airodump-ng-oui-update,text,1,1
airsaned,text,1,1
alaska,text,1,1
alias-with,text,1,1
alias1,text,1,1
alias1-with,text,1,1
alias2,text,1,1
alias2-with,text,1,1
aliaswith,text,1,1
aliaswith1,text,1,1
aliaswith2,text,1,1
alice,text,1,1
all-wcprops,text,1,1
allnewnoad,text,1,1
allnoad,text,1,1
allnoadnice,text,1,1
almalinux,text,1,1
alpine,text,1,1
amanda-catalog,text,1,1
amazon,text,1,1
ambiance,text,1,1
amdfan,text,1,1
amix,text,1,1
amsterdam,binary,1,1
and1,text,1,1
and2,text,1,1
ann_script_list,text,1,1
announce-gen,text,1,1
ansilove,text,1,1
answers,missing,1,1
aoe-mkdevs,text,1,1
aoe-version,text,1,1
apache-badbots,text,1,1
apache-fakegooglebot,text,1,1
apache2,text,1,1
apache_vhosts,text,1,1
apertium-filter-rules,text,1,1
api-requirements,text,1,1
apic,binary,1,1
apost,text,1,1
app,text,1,1
append,text,1,1
appimage_apprun_wrapper,text,1,1
applauncher_aarch64,binary,1,1
applauncher_x64,binary,1,1
applauncher_x86_64,binary,1,1
apply-args,text,1,1
apply-format,text,1,1
apply-in,text,1,1
apply-proof-term,text,1,1
apt-pinvoke,text,1,1
aranet4,text,1,1
arcconf31000,text,1,1
arch,text,1,1
arch-syscall-validate,text,1,1
arch-update,text,1,1
arch_retrieve,text,1,1
arch_trunc,text,1,1
archive-contents,text,1,1
archlinux,text,1,1
arcinfo,text,1,1
arg_positional,text,1,1
argtable3,missing,1,1
aria2c,text,1,1
arno-fwfilter,binary,1,1
arrow,cursors,1,1
artistic,text,1,1
arxiv,text,1,1
as,text,1,1
as-backdoor,binary,1,1
as-backdoor,text,1,1
asan_blacklist,text,1,1
ase,text,1,1
asio,missing,1,1
asn2c,text,1,1
asne,text,1,1
asr,text,1,1
assembly_exception,text,1,1
assertequal,text,1,1
assertfalse,text,1,1
assertin,text,1,1
assertnotequal,text,1,1
assertnotin,text,1,1
assertraises,text,1,1
asserttrue,text,1,1
assign,text,1,1
assumptionviolatedexceptionwithoutvalueandmatchercanbereserialized_v4_13,binary,1,1
assumptionviolatedexceptionwithvalueandmatchercanbereserialized_v4_13,binary,1,1
async-while,text,1,1
at,text,1,1
atomsp,text,1,1
attributes_test,text,1,1
augmatch,text,1,1
augprint,text,1,1
augtool,text,1,1
austlii,text,1,1
auth,binary,1,1
authenticators,text,1,1
auto,text,1,1
auto-completion,text,1,1
autobuild,text,1,1
automap_languages,text,1,1
automatic,text,1,1
automaticcomponenttoolkit,missing,1,1
autorandr,text,1,1
autostart,text,1,1
autotest-daemon-monitor,text,1,1
autotest-db-delete-job,text,1,1
autotest-install-packages-deps,text,1,1
autoupdate,text,1,1
avi,binary,1,1
awg,text,1,1
aws-c-auth,missing,1,1
aws-c-s3,missing,1,1
aws_s3_object_manifests-etcdmanager-cilium-master-us-test-1a_content,text,1,1
aws_s3_object_manifests-etcdmanager-events-control-plane-fr-par-1_content,text,1,1
aws_s3_object_manifests-etcdmanager-events-master-fsn1_content,text,1,1
aws_s3_object_manifests-etcdmanager-events-master-us-test1-b_content,text,1,1
aws_s3_object_manifests-etcdmanager-events-master-us-test1-c_content,text,1,1
aws_s3_object_manifests-etcdmanager-main-control-plane-fr-par-1_content,text,1,1
aws_s3_object_manifests-etcdmanager-main-master-fsn1_content,text,1,1
aws_s3_object_manifests-etcdmanager-main-master-us-test1-b_content,text,1,1
aws_s3_object_manifests-etcdmanager-main-master-us-test1-c_content,text,1,1
axiom,text,1,1
axiomatized,text,1,1
azote,text,1,1
azure-disk,text,1,1
azure-unmanaged-sriov,text,1,1
b1,text,1,1
b2,text,1,1
ba528234d9f6949ed9c9626c08a782f6e7c15b8b,text,1,1
background_resize,text,1,1
background_stretch,text,1,1
backup_old_dist,text,1,1
backuppc_archivehost,text,1,1
backuppc_refcountupdate,text,1,1
backuppc_restore,text,1,1
bad-smt,text,1,1
bad_request_test,text,1,1
badmailfromto,text,1,1
bandit,missing,1,1
bandwidth,text,1,1
bang,text,1,1
barnyard2,text,1,1
base_url,text,1,1
bash,text,1,1
basic_entity_tests,text,1,1
batman_plot,text,1,1
bats-all,missing,1,1
bats-preprocess,text,1,1
batteries,text,1,1
battery,text,1,1
bbcnews,text,1,1
becareful,text,1,1
beers,text,1,1
befor64,missing,1,1
before_deploy,text,1,1
before_install,text,1,1
before_install_darwin,text,1,1
begin,text,1,1
bench,text,1,1
bench-syntax,text,1,1
bench_as,binary,1,1
bench_max_retries,binary,1,1
big5-hkscs,binary,1,1
big5hkscs,binary,1,1
bind_source_test,text,1,1
bindings,text,1,1
bionic,text,1,1
bitfile,text,1,1
black,text,1,1
blackandwhite,text,1,1
blackbox_cat,text,1,1
blackbox_decrypt_all_files,text,1,1
blackbox_decrypt_file,text,1,1
blackbox_deregister_file,text,1,1
blackbox_diff,text,1,1
blackbox_edit,text,1,1
blackbox_edit_end,text,1,1
blackbox_edit_start,text,1,1
blackbox_list_admins,text,1,1
blackbox_list_files,text,1,1
blackbox_listadmins,text,1,1
blackbox_postdeploy,text,1,1
blackbox_removeadmin,text,1,1
blackbox_shred_all_files,text,1,1
blackbox_update_all_files,text,1,1
blackbox_view,text,1,1
blackbox_whatsnew,text,1,1
blame__git,text,1,1
blame__linux,text,1,1
blame__simple,text,1,1
blconf,text,1,1
blink1-tool,missing,1,1
blueprint-compiler,text,1,1
blurb,text,1,1
bnx2,text,1,1
bnxt_en,text,1,1
bob,text,1,1
boeufbourguignon,text,1,1
book,missing,1,1
bookfinder,text,1,1
bookinbook,text,1,1
bookmarks,text,1,1
boost,missing,1,1
bottom,text,1,1
bottom1,text,1,1
bottom2,text,1,1
boundingsphere,text,1,1
bounds_dq1,text,1,1
bounds_dq2,text,1,1
bounds_dq3,text,1,1
bounds_dq4,text,1,1
bounds_dq5,text,1,1
bounds_dq6,text,1,1
bpsync,text,1,1
branches,text,1,1
brave,text,1,1
breakingnews,text,1,1
brewfile-static_deps_all,text,1,1
brewfile-travis,text,1,1
brfac10,text,1,1
brfac1001,text,1,1
brfac1002,text,1,1
brfac1003,text,1,1
brfac1004,text,1,1
brfac1005,text,1,1
brfac1006,text,1,1
brfac1007,text,1,1
brfac1008,text,1,1
brfac1009,text,1,1
brfac101,text,1,1
brfac1010,text,1,1
brfac1011,text,1,1
brfac1012,text,1,1
brfac1013,text,1,1
brfac1014,text,1,1
brfac1015,text,1,1
brfac1016,text,1,1
brfac1017,text,1,1
brfac1018,text,1,1
brfac1019,text,1,1
brfac102,text,1,1
brfac1020,text,1,1
brfac1021,text,1,1
brfac1022,text,1,1
brfac1023,text,1,1
brfac1025,text,1,1
brfac1026,text,1,1
brfac1027,text,1,1
brfac1028,text,1,1
brfac1029,text,1,1
brfac103,text,1,1
brfac1030,text,1,1
brfac1031,text,1,1
brfac1032,text,1,1
brfac1033,text,1,1
brfac1034,text,1,1
brfac1035,text,1,1
brfac1036,text,1,1
brfac1037,text,1,1
brfac1038,text,1,1
brfac1039,text,1,1
brfac104,text,1,1
brfac1040,text,1,1
brfac1041,text,1,1
brfac1042,text,1,1
brfac1043,text,1,1
brfac1044,text,1,1
brfac1045,text,1,1
brfac1046,text,1,1
brfac1047,text,1,1
brfac1048,text,1,1
brfac1049,text,1,1
brfac105,text,1,1
brfac1050,text,1,1
brfac1051,text,1,1
brfac1052,text,1,1
brfac1053,text,1,1
brfac1054,text,1,1
brfac1055,text,1,1
brfac1056,text,1,1
brfac1057,text,1,1
brfac1058,text,1,1
brfac1059,text,1,1
brfac106,text,1,1
brfac1060,text,1,1
brfac1061,text,1,1
brfac1062,text,1,1
brfac1063,text,1,1
brfac1064,text,1,1
brfac1065,text,1,1
brfac1066,text,1,1
brfac1067,text,1,1
brfac1068,text,1,1
brfac1069,text,1,1
brfac107,text,1,1
brfac1070,text,1,1
brfac1071,text,1,1
brfac1072,text,1,1
brfac1073,text,1,1
brfac1074,text,1,1
brfac1075,text,1,1
brfac1076,text,1,1
brfac1077,text,1,1
brfac1078,text,1,1
brfac1079,text,1,1
brfac108,text,1,1
brfac1080,text,1,1
brfac1081,text,1,1
brfac1082,text,1,1
brfac1083,text,1,1
brfac1084,text,1,1
brfac1085,text,1,1
brfac1086,text,1,1
brfac1087,text,1,1
brfac1088,text,1,1
brfac109,text,1,1
brfac1090,text,1,1
brfac1091,text,1,1
brfac1092,text,1,1
brfac1093,text,1,1
brfac1094,text,1,1
brfac1095,text,1,1
brfac1096,text,1,1
brfac1097,text,1,1
brfac1098,text,1,1
brfac1099,text,1,1
brfac11,text,1,1
brfac110,text,1,1
brfac1100,text,1,1
brfac1101,text,1,1
brfac1102,text,1,1
brfac1103,text,1,1
brfac1104,text,1,1
brfac1105,text,1,1
brfac1106,text,1,1
brfac1107,text,1,1
brfac1108,text,1,1
brfac1109,text,1,1
brfac111,text,1,1
brfac1110,text,1,1
brfac1111,text,1,1
brfac1112,text,1,1
brfac1113,text,1,1
brfac1114,text,1,1
brfac1115,text,1,1
brfac1116,text,1,1
brfac1117,text,1,1
brfac1118,text,1,1
brfac1119,text,1,1
brfac112,text,1,1
brfac1120,text,1,1
brfac1121,text,1,1
brfac1122,text,1,1
brfac1123,text,1,1
brfac1124,text,1,1
brfac1125,text,1,1
brfac1126,text,1,1
brfac1127,text,1,1
brfac1128,text,1,1
brfac1129,text,1,1
brfac113,text,1,1
brfac1130,text,1,1
brfac1131,text,1,1
brfac1132,text,1,1
brfac1133,text,1,1
brfac1134,text,1,1
brfac1135,text,1,1
brfac1136,text,1,1
brfac1137,text,1,1
brfac1138,text,1,1
brfac1139,text,1,1
brfac114,text,1,1
brfac1140,text,1,1
brfac1141,text,1,1
brfac1142,text,1,1
brfac1143,text,1,1
brfac1144,text,1,1
brfac1145,text,1,1
brfac1146,text,1,1
brfac1147,text,1,1
brfac1148,text,1,1
brfac1149,text,1,1
brfac115,text,1,1
brfac1150,text,1,1
brfac1151,text,1,1
brfac1152,text,1,1
brfac1153,text,1,1
brfac1154,text,1,1
brfac1155,text,1,1
brfac1157,text,1,1
brfac1158,text,1,1
brfac1159,text,1,1
brfac116,text,1,1
brfac1160,text,1,1
brfac1161,text,1,1
brfac1162,text,1,1
brfac1163,text,1,1
brfac1164,text,1,1
brfac1165,text,1,1
brfac1166,text,1,1
brfac1167,text,1,1
brfac1168,text,1,1
brfac1169,text,1,1
brfac117,text,1,1
brfac1170,text,1,1
brfac1171,text,1,1
brfac1172,text,1,1
brfac1173,text,1,1
brfac1174,text,1,1
brfac1175,text,1,1
brfac1176,text,1,1
brfac1177,text,1,1
brfac1178,text,1,1
brfac1179,text,1,1
brfac118,text,1,1
brfac1180,text,1,1
brfac1181,text,1,1
brfac1182,text,1,1
brfac1183,text,1,1
brfac1184,text,1,1
brfac1185,text,1,1
brfac1186,text,1,1
brfac1187,text,1,1
brfac1188,text,1,1
brfac1189,text,1,1
brfac119,text,1,1
brfac1190,text,1,1
brfac1191,text,1,1
brfac1192,text,1,1
brfac1193,text,1,1
brfac1194,text,1,1
brfac1195,text,1,1
brfac1196,text,1,1
brfac1197,text,1,1
brfac1198,text,1,1
brfac1199,text,1,1
brfac12,text,1,1
brfac120,text,1,1
brfac1200,text,1,1
brfac1201,text,1,1
brfac1202,text,1,1
brfac1203,text,1,1
brfac1204,text,1,1
brfac1205,text,1,1
brfac1206,text,1,1
brfac1207,text,1,1
brfac1208,text,1,1
brfac1209,text,1,1
brfac1210,text,1,1
brfac1211,text,1,1
brfac1212,text,1,1
brfac1213,text,1,1
brfac1214,text,1,1
brfac1215,text,1,1
brfac1216,text,1,1
brfac1217,text,1,1
brfac1218,text,1,1
brfac1219,text,1,1
brfac122,text,1,1
brfac1220,text,1,1
brfac1221,text,1,1
brfac1222,text,1,1
brfac1223,text,1,1
brfac1224,text,1,1
brfac1226,text,1,1
brfac1227,text,1,1
brfac1228,text,1,1
brfac1229,text,1,1
brfac123,text,1,1
brfac1230,text,1,1
brfac1231,text,1,1
brfac1232,text,1,1
brfac1233,text,1,1
brfac1234,text,1,1
brfac1235,text,1,1
brfac1236,text,1,1
brfac1237,text,1,1
brfac1238,text,1,1
brfac1239,text,1,1
brfac124,text,1,1
brfac1240,text,1,1
brfac1241,text,1,1
brfac1242,text,1,1
brfac1243,text,1,1
brfac1244,text,1,1
brfac1245,text,1,1
brfac1246,text,1,1
brfac1247,text,1,1
brfac1248,text,1,1
brfac1249,text,1,1
brfac1250,text,1,1
brfac1251,text,1,1
brfac1252,text,1,1
brfac1253,text,1,1
brfac1254,text,1,1
brfac1255,text,1,1
brfac1256,text,1,1
brfac1257,text,1,1
brfac1258,text,1,1
brfac1259,text,1,1
brfac126,text,1,1
brfac1260,text,1,1
brfac1261,text,1,1
brfac1262,text,1,1
brfac1263,text,1,1
brfac1264,text,1,1
brfac1265,text,1,1
brfac1266,text,1,1
brfac1267,text,1,1
brfac1268,text,1,1
brfac1269,text,1,1
brfac127,text,1,1
brfac1270,text,1,1
brfac1271,text,1,1
brfac1272,text,1,1
brfac1273,text,1,1
brfac1274,text,1,1
brfac1275,text,1,1
brfac1276,text,1,1
brfac1277,text,1,1
brfac1278,text,1,1
brfac1279,text,1,1
brfac1280,text,1,1
brfac1281,text,1,1
brfac1282,text,1,1
brfac1283,text,1,1
brfac1284,text,1,1
brfac1285,text,1,1
brfac1286,text,1,1
brfac1287,text,1,1
brfac1288,text,1,1
brfac1289,text,1,1
brfac129,text,1,1
brfac1290,text,1,1
brfac1291,text,1,1
brfac1292,text,1,1
brfac1293,text,1,1
brfac1294,text,1,1
brfac1295,text,1,1
brfac1297,text,1,1
brfac1298,text,1,1
brfac1299,text,1,1
brfac13,text,1,1
brfac130,text,1,1
brfac1300,text,1,1
brfac1301,text,1,1
brfac1302,text,1,1
brfac1303,text,1,1
brfac1304,text,1,1
brfac1305,text,1,1
brfac1306,text,1,1
brfac1307,text,1,1
brfac1308,text,1,1
brfac1309,text,1,1
brfac131,text,1,1
brfac1310,text,1,1
brfac1311,text,1,1
brfac1312,text,1,1
brfac1313,text,1,1
brfac1314,text,1,1
brfac1315,text,1,1
brfac1316,text,1,1
brfac1317,text,1,1
brfac1318,text,1,1
brfac1319,text,1,1
brfac132,text,1,1
brfac1320,text,1,1
brfac1321,text,1,1
brfac1322,text,1,1
brfac1323,text,1,1
brfac1324,text,1,1
brfac1325,text,1,1
brfac1326,text,1,1
brfac1327,text,1,1
brfac1328,text,1,1
brfac1329,text,1,1
brfac133,text,1,1
brfac1330,text,1,1
brfac1332,text,1,1
brfac1333,text,1,1
brfac1334,text,1,1
brfac1335,text,1,1
brfac1336,text,1,1
brfac1337,text,1,1
brfac1338,text,1,1
brfac1339,text,1,1
brfac134,text,1,1
brfac1340,text,1,1
brfac1341,text,1,1
brfac1342,text,1,1
brfac1343,text,1,1
brfac1344,text,1,1
brfac1345,text,1,1
brfac1346,text,1,1
brfac1347,text,1,1
brfac1348,text,1,1
brfac1349,text,1,1
brfac135,text,1,1
brfac1350,text,1,1
brfac1351,text,1,1
brfac1352,text,1,1
brfac1353,text,1,1
brfac1354,text,1,1
brfac1355,text,1,1
brfac1356,text,1,1
brfac1357,text,1,1
brfac1358,text,1,1
brfac1359,text,1,1
brfac136,text,1,1
brfac1360,text,1,1
brfac1361,text,1,1
brfac1362,text,1,1
brfac1363,text,1,1
brfac1364,text,1,1
brfac1365,text,1,1
brfac1366,text,1,1
brfac1367,text,1,1
brfac1368,text,1,1
brfac137,text,1,1
brfac1370,text,1,1
brfac1371,text,1,1
brfac1372,text,1,1
brfac1373,text,1,1
brfac1374,text,1,1
brfac1375,text,1,1
brfac1376,text,1,1
brfac1377,text,1,1
brfac1378,text,1,1
brfac1379,text,1,1
brfac138,text,1,1
brfac1380,text,1,1
brfac1381,text,1,1
brfac1382,text,1,1
brfac1383,text,1,1
brfac1384,text,1,1
brfac1385,text,1,1
brfac1386,text,1,1
brfac1387,text,1,1
brfac1388,text,1,1
brfac1389,text,1,1
brfac139,text,1,1
brfac1390,text,1,1
brfac1391,text,1,1
brfac1392,text,1,1
brfac1393,text,1,1
brfac1394,text,1,1
brfac1395,text,1,1
brfac1396,text,1,1
brfac1397,text,1,1
brfac1398,text,1,1
brfac1399,text,1,1
brfac14,text,1,1
brfac140,text,1,1
brfac1400,text,1,1
brfac1401,text,1,1
brfac1402,text,1,1
brfac1403,text,1,1
brfac1404,text,1,1
brfac1405,text,1,1
brfac1406,text,1,1
brfac1407,text,1,1
brfac1408,text,1,1
brfac1409,text,1,1
brfac141,text,1,1
brfac1410,text,1,1
brfac1411,text,1,1
brfac1412,text,1,1
brfac1413,text,1,1
brfac1414,text,1,1
brfac1415,text,1,1
brfac1416,text,1,1
brfac1417,text,1,1
brfac1418,text,1,1
brfac1419,text,1,1
brfac142,text,1,1
brfac1420,text,1,1
brfac1421,text,1,1
brfac1422,text,1,1
brfac1423,text,1,1
brfac1424,text,1,1
brfac1425,text,1,1
brfac1426,text,1,1
brfac1427,text,1,1
brfac1428,text,1,1
brfac1429,text,1,1
brfac143,text,1,1
brfac1430,text,1,1
brfac1431,text,1,1
brfac1432,text,1,1
brfac1433,text,1,1
brfac1434,text,1,1
brfac1435,text,1,1
brfac1436,text,1,1
brfac1437,text,1,1
brfac1438,text,1,1
brfac1439,text,1,1
brfac1440,text,1,1
brfac1441,text,1,1
brfac1442,text,1,1
brfac1443,text,1,1
brfac1444,text,1,1
brfac1445,text,1,1
brfac1446,text,1,1
brfac1447,text,1,1
brfac1448,text,1,1
brfac1449,text,1,1
brfac145,text,1,1
brfac1450,text,1,1
brfac1451,text,1,1
brfac1452,text,1,1
brfac1453,text,1,1
brfac1454,text,1,1
brfac1455,text,1,1
brfac1456,text,1,1
brfac1457,text,1,1
brfac1458,text,1,1
brfac1459,text,1,1
brfac146,text,1,1
brfac1460,text,1,1
brfac1461,text,1,1
brfac1462,text,1,1
brfac1463,text,1,1
brfac1464,text,1,1
brfac1465,text,1,1
brfac1466,text,1,1
brfac1467,text,1,1
brfac1468,text,1,1
brfac1469,text,1,1
brfac147,text,1,1
brfac1470,text,1,1
brfac1471,text,1,1
brfac1472,text,1,1
brfac1473,text,1,1
brfac1474,text,1,1
brfac1475,text,1,1
brfac1476,text,1,1
brfac1477,text,1,1
brfac1478,text,1,1
brfac1479,text,1,1
brfac148,text,1,1
brfac1480,text,1,1
brfac1481,text,1,1
brfac1482,text,1,1
brfac1483,text,1,1
brfac1484,text,1,1
brfac1485,text,1,1
brfac1486,text,1,1
brfac1487,text,1,1
brfac1488,text,1,1
brfac1489,text,1,1
brfac149,text,1,1
brfac1490,text,1,1
brfac1491,text,1,1
brfac1492,text,1,1
brfac1493,text,1,1
brfac1494,text,1,1
brfac1495,text,1,1
brfac1496,text,1,1
brfac1497,text,1,1
brfac1498,text,1,1
brfac1499,text,1,1
brfac15,text,1,1
brfac150,text,1,1
brfac1500,text,1,1
brfac1501,text,1,1
brfac1502,text,1,1
brfac1503,text,1,1
brfac1504,text,1,1
brfac1505,text,1,1
brfac1506,text,1,1
brfac1507,text,1,1
brfac1508,text,1,1
brfac1509,text,1,1
brfac151,text,1,1
brfac1510,text,1,1
brfac1511,text,1,1
brfac1512,text,1,1
brfac1513,text,1,1
brfac1514,text,1,1
brfac1515,text,1,1
brfac1516,text,1,1
brfac1517,text,1,1
brfac1518,text,1,1
brfac1519,text,1,1
brfac152,text,1,1
brfac1520,text,1,1
brfac1522,text,1,1
brfac1523,text,1,1
brfac1524,text,1,1
brfac1525,text,1,1
brfac1526,text,1,1
brfac1527,text,1,1
brfac1528,text,1,1
brfac1529,text,1,1
brfac153,text,1,1
brfac1530,text,1,1
brfac1531,text,1,1
brfac1532,text,1,1
brfac1533,text,1,1
brfac1534,text,1,1
brfac1535,text,1,1
brfac1536,text,1,1
brfac1537,text,1,1
brfac1538,text,1,1
brfac1539,text,1,1
brfac154,text,1,1
brfac1540,text,1,1
brfac1541,text,1,1
brfac1542,text,1,1
brfac1543,text,1,1
brfac1544,text,1,1
brfac1545,text,1,1
brfac1546,text,1,1
brfac1547,text,1,1
brfac1548,text,1,1
brfac1549,text,1,1
brfac155,text,1,1
brfac1550,text,1,1
brfac1551,text,1,1
brfac1552,text,1,1
brfac1553,text,1,1
brfac1554,text,1,1
brfac1555,text,1,1
brfac1556,text,1,1
brfac1557,text,1,1
brfac1558,text,1,1
brfac1559,text,1,1
brfac156,text,1,1
brfac1560,text,1,1
brfac1561,text,1,1
brfac1562,text,1,1
brfac1563,text,1,1
brfac1564,text,1,1
brfac1565,text,1,1
brfac1566,text,1,1
brfac1567,text,1,1
brfac1568,text,1,1
brfac1569,text,1,1
brfac157,text,1,1
brfac1570,text,1,1
brfac1571,text,1,1
brfac1572,text,1,1
brfac1573,text,1,1
brfac1574,text,1,1
brfac1575,text,1,1
brfac1576,text,1,1
brfac1577,text,1,1
brfac1578,text,1,1
brfac1579,text,1,1
brfac158,text,1,1
brfac1580,text,1,1
brfac1581,text,1,1
brfac1582,text,1,1
brfac1583,text,1,1
brfac1584,text,1,1
brfac1585,text,1,1
brfac1586,text,1,1
brfac1587,text,1,1
brfac1588,text,1,1
brfac1589,text,1,1
brfac159,text,1,1
brfac1590,text,1,1
brfac1591,text,1,1
brfac1592,text,1,1
brfac1593,text,1,1
brfac1594,text,1,1
brfac1595,text,1,1
brfac1596,text,1,1
brfac1597,text,1,1
brfac1598,text,1,1
brfac1599,text,1,1
brfac160,text,1,1
brfac1600,text,1,1
brfac1601,text,1,1
brfac1602,text,1,1
brfac1603,text,1,1
brfac1604,text,1,1
brfac1605,text,1,1
brfac1606,text,1,1
brfac1607,text,1,1
brfac1608,text,1,1
brfac1609,text,1,1
brfac161,text,1,1
brfac1610,text,1,1
brfac1611,text,1,1
brfac1612,text,1,1
brfac1613,text,1,1
brfac1614,text,1,1
brfac1615,text,1,1
brfac1616,text,1,1
brfac1617,text,1,1
brfac1618,text,1,1
brfac1619,text,1,1
brfac162,text,1,1
brfac1620,text,1,1
brfac1621,text,1,1
brfac1622,text,1,1
brfac1623,text,1,1
brfac1624,text,1,1
brfac1625,text,1,1
brfac1626,text,1,1
brfac1627,text,1,1
brfac1628,text,1,1
brfac1629,text,1,1
brfac163,text,1,1
brfac1630,text,1,1
brfac1631,text,1,1
brfac1632,text,1,1
brfac1633,text,1,1
brfac1634,text,1,1
brfac1635,text,1,1
brfac1636,text,1,1
brfac1637,text,1,1
brfac1638,text,1,1
brfac1639,text,1,1
brfac164,text,1,1
brfac1640,text,1,1
brfac1641,text,1,1
brfac1642,text,1,1
brfac1643,text,1,1
brfac1644,text,1,1
brfac1645,text,1,1
brfac1646,text,1,1
brfac1647,text,1,1
brfac1648,text,1,1
brfac1649,text,1,1
brfac165,text,1,1
brfac1650,text,1,1
brfac1651,text,1,1
brfac1652,text,1,1
brfac1653,text,1,1
brfac1654,text,1,1
brfac1655,text,1,1
brfac1656,text,1,1
brfac1657,text,1,1
brfac1658,text,1,1
brfac1659,text,1,1
brfac166,text,1,1
brfac1660,text,1,1
brfac1661,text,1,1
brfac1662,text,1,1
brfac1663,text,1,1
brfac1664,text,1,1
brfac1665,text,1,1
brfac1666,text,1,1
brfac1667,text,1,1
brfac1668,text,1,1
brfac1669,text,1,1
brfac167,text,1,1
brfac1670,text,1,1
brfac1671,text,1,1
brfac1672,text,1,1
brfac1673,text,1,1
brfac1674,text,1,1
brfac1675,text,1,1
brfac1676,text,1,1
brfac1677,text,1,1
brfac1678,text,1,1
brfac1679,text,1,1
brfac168,text,1,1
brfac1680,text,1,1
brfac1682,text,1,1
brfac1683,text,1,1
brfac1684,text,1,1
brfac1685,text,1,1
brfac1686,text,1,1
brfac1687,text,1,1
brfac1688,text,1,1
brfac1689,text,1,1
brfac1690,text,1,1
brfac1691,text,1,1
brfac1692,text,1,1
brfac1693,text,1,1
brfac1694,text,1,1
brfac1695,text,1,1
brfac1696,text,1,1
brfac1697,text,1,1
brfac1698,text,1,1
brfac1699,text,1,1
brfac17,text,1,1
brfac170,text,1,1
brfac1700,text,1,1
brfac1701,text,1,1
brfac1702,text,1,1
brfac1703,text,1,1
brfac1704,text,1,1
brfac1705,text,1,1
brfac1706,text,1,1
brfac1707,text,1,1
brfac1708,text,1,1
brfac1709,text,1,1
brfac171,text,1,1
brfac1710,text,1,1
brfac1711,text,1,1
brfac1712,text,1,1
brfac1713,text,1,1
brfac1714,text,1,1
brfac1715,text,1,1
brfac1716,text,1,1
brfac1717,text,1,1
brfac1718,text,1,1
brfac1719,text,1,1
brfac172,text,1,1
brfac1720,text,1,1
brfac1721,text,1,1
brfac1722,text,1,1
brfac1723,text,1,1
brfac1724,text,1,1
brfac1725,text,1,1
brfac1726,text,1,1
brfac1727,text,1,1
brfac1729,text,1,1
brfac173,text,1,1
brfac1730,text,1,1
brfac1731,text,1,1
brfac1732,text,1,1
brfac1733,text,1,1
brfac1734,text,1,1
brfac1735,text,1,1
brfac1736,text,1,1
brfac1737,text,1,1
brfac1738,text,1,1
brfac1739,text,1,1
brfac174,text,1,1
brfac1740,text,1,1
brfac1741,text,1,1
brfac1742,text,1,1
brfac1743,text,1,1
brfac1744,text,1,1
brfac1745,text,1,1
brfac1746,text,1,1
brfac1747,text,1,1
brfac1748,text,1,1
brfac1749,text,1,1
brfac175,text,1,1
brfac1750,text,1,1
brfac1751,text,1,1
brfac1752,text,1,1
brfac1753,text,1,1
brfac1754,text,1,1
brfac1755,text,1,1
brfac1756,text,1,1
brfac1757,text,1,1
brfac1758,text,1,1
brfac1759,text,1,1
brfac176,text,1,1
brfac1760,text,1,1
brfac1761,text,1,1
brfac1762,text,1,1
brfac1763,text,1,1
brfac1764,text,1,1
brfac1765,text,1,1
brfac1766,text,1,1
brfac1767,text,1,1
brfac1768,text,1,1
brfac1769,text,1,1
brfac177,text,1,1
brfac1770,text,1,1
brfac1771,text,1,1
brfac1772,text,1,1
brfac1773,text,1,1
brfac1774,text,1,1
brfac1775,text,1,1
brfac1776,text,1,1
brfac1777,text,1,1
brfac1778,text,1,1
brfac1779,text,1,1
brfac178,text,1,1
brfac1780,text,1,1
brfac1781,text,1,1
brfac1782,text,1,1
brfac1783,text,1,1
brfac1784,text,1,1
brfac1785,text,1,1
brfac1786,text,1,1
brfac1787,text,1,1
brfac1788,text,1,1
brfac1789,text,1,1
brfac179,text,1,1
brfac1790,text,1,1
brfac1791,text,1,1
brfac1792,text,1,1
brfac1793,text,1,1
brfac1794,text,1,1
brfac1795,text,1,1
brfac1796,text,1,1
brfac1797,text,1,1
brfac1798,text,1,1
brfac1799,text,1,1
brfac18,text,1,1
brfac180,text,1,1
brfac1800,text,1,1
brfac1801,text,1,1
brfac1802,text,1,1
brfac1803,text,1,1
brfac1804,text,1,1
brfac1805,text,1,1
brfac1806,text,1,1
brfac1807,text,1,1
brfac1808,text,1,1
brfac1809,text,1,1
brfac181,text,1,1
brfac1810,text,1,1
brfac1811,text,1,1
brfac1812,text,1,1
brfac1813,text,1,1
brfac1814,text,1,1
brfac1815,text,1,1
brfac1816,text,1,1
brfac1817,text,1,1
brfac1818,text,1,1
brfac1819,text,1,1
brfac182,text,1,1
brfac1820,text,1,1
brfac1821,text,1,1
brfac1822,text,1,1
brfac1823,text,1,1
brfac1824,text,1,1
brfac1825,text,1,1
brfac1826,text,1,1
brfac1827,text,1,1
brfac1828,text,1,1
brfac1829,text,1,1
brfac183,text,1,1
brfac1830,text,1,1
brfac1831,text,1,1
brfac1832,text,1,1
brfac1833,text,1,1
brfac1834,text,1,1
brfac1835,text,1,1
brfac1836,text,1,1
brfac1837,text,1,1
brfac1838,text,1,1
brfac1839,text,1,1
brfac184,text,1,1
brfac1840,text,1,1
brfac1841,text,1,1
brfac1842,text,1,1
brfac1843,text,1,1
brfac1844,text,1,1
brfac1845,text,1,1
brfac1846,text,1,1
brfac1847,text,1,1
brfac1848,text,1,1
brfac185,text,1,1
brfac1850,text,1,1
brfac1851,text,1,1
brfac1852,text,1,1
brfac1853,text,1,1
brfac1854,text,1,1
brfac1855,text,1,1
brfac1856,text,1,1
brfac1857,text,1,1
brfac1858,text,1,1
brfac1859,text,1,1
brfac186,text,1,1
brfac1860,text,1,1
brfac1861,text,1,1
brfac1862,text,1,1
brfac1863,text,1,1
brfac1864,text,1,1
brfac1865,text,1,1
brfac1866,text,1,1
brfac1867,text,1,1
brfac1868,text,1,1
brfac1869,text,1,1
brfac187,text,1,1
brfac1870,text,1,1
brfac1871,text,1,1
brfac1872,text,1,1
brfac1873,text,1,1
brfac1874,text,1,1
brfac1875,text,1,1
brfac1876,text,1,1
brfac1877,text,1,1
brfac1878,text,1,1
brfac1879,text,1,1
brfac188,text,1,1
brfac1880,text,1,1
brfac1881,text,1,1
brfac1882,text,1,1
brfac1883,text,1,1
brfac1884,text,1,1
brfac1885,text,1,1
brfac1886,text,1,1
brfac1887,text,1,1
brfac1888,text,1,1
brfac1889,text,1,1
brfac189,text,1,1
brfac1890,text,1,1
brfac1891,text,1,1
brfac1892,text,1,1
brfac1893,text,1,1
brfac1894,text,1,1
brfac1895,text,1,1
brfac1896,text,1,1
brfac1897,text,1,1
brfac1898,text,1,1
brfac1899,text,1,1
brfac19,text,1,1
brfac190,text,1,1
brfac1900,text,1,1
brfac1901,text,1,1
brfac1902,text,1,1
brfac1903,text,1,1
brfac1904,text,1,1
brfac1905,text,1,1
brfac1906,text,1,1
brfac1907,text,1,1
brfac1908,text,1,1
brfac1909,text,1,1
brfac191,text,1,1
brfac1910,text,1,1
brfac1911,text,1,1
brfac1912,text,1,1
brfac1913,text,1,1
brfac1914,text,1,1
brfac1915,text,1,1
brfac1916,text,1,1
brfac1917,text,1,1
brfac1918,text,1,1
brfac1919,text,1,1
brfac192,text,1,1
brfac1920,text,1,1
brfac1921,text,1,1
brfac1922,text,1,1
brfac1923,text,1,1
brfac1924,text,1,1
brfac1925,text,1,1
brfac1926,text,1,1
brfac1927,text,1,1
brfac1928,text,1,1
brfac1929,text,1,1
brfac193,text,1,1
brfac1930,text,1,1
brfac1931,text,1,1
brfac1932,text,1,1
brfac1933,text,1,1
brfac1934,text,1,1
brfac1935,text,1,1
brfac1936,text,1,1
brfac1937,text,1,1
brfac1938,text,1,1
brfac1939,text,1,1
brfac194,text,1,1
brfac1940,text,1,1
brfac1941,text,1,1
brfac1942,text,1,1
brfac1943,text,1,1
brfac1944,text,1,1
brfac1945,text,1,1
brfac1946,text,1,1
brfac1947,text,1,1
brfac1948,text,1,1
brfac1949,text,1,1
brfac195,text,1,1
brfac1950,text,1,1
brfac1951,text,1,1
brfac1952,text,1,1
brfac1953,text,1,1
brfac1954,text,1,1
brfac1955,text,1,1
brfac1956,text,1,1
brfac1957,text,1,1
brfac1958,text,1,1
brfac1959,text,1,1
brfac1960,text,1,1
brfac1961,text,1,1
brfac1962,text,1,1
brfac1963,text,1,1
brfac1964,text,1,1
brfac1965,text,1,1
brfac1966,text,1,1
brfac1967,text,1,1
brfac1968,text,1,1
brfac1969,text,1,1
brfac197,text,1,1
brfac1970,text,1,1
brfac1971,text,1,1
brfac1972,text,1,1
brfac1973,text,1,1
brfac1974,text,1,1
brfac1975,text,1,1
brfac1976,text,1,1
brfac1977,text,1,1
brfac1978,text,1,1
brfac1979,text,1,1
brfac198,text,1,1
brfac1980,text,1,1
brfac1981,text,1,1
brfac1982,text,1,1
brfac1983,text,1,1
brfac1984,text,1,1
brfac1985,text,1,1
brfac1986,text,1,1
brfac1987,text,1,1
brfac1988,text,1,1
brfac1989,text,1,1
brfac199,text,1,1
brfac1990,text,1,1
brfac1991,text,1,1
brfac1992,text,1,1
brfac1993,text,1,1
brfac1994,text,1,1
brfac1995,text,1,1
brfac1996,text,1,1
brfac1997,text,1,1
brfac1998,text,1,1
brfac1999,text,1,1
brfac2,text,1,1
brfac20,text,1,1
brfac200,text,1,1
brfac2000,text,1,1
brfac2001,text,1,1
brfac2002,text,1,1
brfac2003,text,1,1
brfac2004,text,1,1
brfac2005,text,1,1
brfac2006,text,1,1
brfac2007,text,1,1
brfac2008,text,1,1
brfac2009,text,1,1
brfac201,text,1,1
brfac2010,text,1,1
brfac2011,text,1,1
brfac2012,text,1,1
brfac2013,text,1,1
brfac2014,text,1,1
brfac2015,text,1,1
brfac2016,text,1,1
brfac2017,text,1,1
brfac2018,text,1,1
brfac2019,text,1,1
brfac202,text,1,1
brfac2020,text,1,1
brfac2021,text,1,1
brfac2022,text,1,1
brfac2023,text,1,1
brfac2024,text,1,1
brfac2026,text,1,1
brfac2027,text,1,1
brfac2028,text,1,1
brfac2029,text,1,1
brfac203,text,1,1
brfac2030,text,1,1
brfac2031,text,1,1
brfac2032,text,1,1
brfac2033,text,1,1
brfac2034,text,1,1
brfac2035,text,1,1
brfac2036,text,1,1
brfac2037,text,1,1
brfac2038,text,1,1
brfac2039,text,1,1
brfac204,text,1,1
brfac2040,text,1,1
brfac2041,text,1,1
brfac2042,text,1,1
brfac2043,text,1,1
brfac2044,text,1,1
brfac2045,text,1,1
brfac2046,text,1,1
brfac2047,text,1,1
brfac2049,text,1,1
brfac205,text,1,1
brfac2050,text,1,1
brfac2051,text,1,1
brfac2052,text,1,1
brfac2053,text,1,1
brfac2054,text,1,1
brfac2055,text,1,1
brfac2056,text,1,1
brfac2057,text,1,1
brfac2058,text,1,1
brfac2059,text,1,1
brfac206,text,1,1
brfac2060,text,1,1
brfac2061,text,1,1
brfac2062,text,1,1
brfac2063,text,1,1
brfac2064,text,1,1
brfac2065,text,1,1
brfac2066,text,1,1
brfac2067,text,1,1
brfac2068,text,1,1
brfac2069,text,1,1
brfac207,text,1,1
brfac2070,text,1,1
brfac2071,text,1,1
brfac2072,text,1,1
brfac2073,text,1,1
brfac2074,text,1,1
brfac2075,text,1,1
brfac2076,text,1,1
brfac2077,text,1,1
brfac2078,text,1,1
brfac2079,text,1,1
brfac208,text,1,1
brfac2080,text,1,1
brfac2081,text,1,1
brfac2082,text,1,1
brfac2083,text,1,1
brfac2084,text,1,1
brfac2085,text,1,1
brfac2086,text,1,1
brfac2087,text,1,1
brfac2088,text,1,1
brfac2089,text,1,1
brfac209,text,1,1
brfac2090,text,1,1
brfac2091,text,1,1
brfac2092,text,1,1
brfac2093,text,1,1
brfac2094,text,1,1
brfac2095,text,1,1
brfac2096,text,1,1
brfac2097,text,1,1
brfac2098,text,1,1
brfac2099,text,1,1
brfac21,text,1,1
brfac210,text,1,1
brfac2100,text,1,1
brfac2101,text,1,1
brfac2102,text,1,1
brfac2103,text,1,1
brfac2104,text,1,1
brfac2105,text,1,1
brfac2106,text,1,1
brfac2107,text,1,1
brfac2108,text,1,1
brfac2109,text,1,1
brfac211,text,1,1
brfac2110,text,1,1
brfac2111,text,1,1
brfac2112,text,1,1
brfac2113,text,1,1
brfac2114,text,1,1
brfac2115,text,1,1
brfac2117,text,1,1
brfac2118,text,1,1
brfac2119,text,1,1
brfac212,text,1,1
brfac2120,text,1,1
brfac2121,text,1,1
brfac2122,text,1,1
brfac2123,text,1,1
brfac2124,text,1,1
brfac2125,text,1,1
brfac2126,text,1,1
brfac2127,text,1,1
brfac2128,text,1,1
brfac2129,text,1,1
brfac213,text,1,1
brfac2130,text,1,1
brfac2131,text,1,1
brfac2132,text,1,1
brfac2133,text,1,1
brfac2134,text,1,1
brfac2135,text,1,1
brfac2136,text,1,1
brfac2137,text,1,1
brfac2138,text,1,1
brfac2139,text,1,1
brfac214,text,1,1
brfac2140,text,1,1
brfac2141,text,1,1
brfac2142,text,1,1
brfac2143,text,1,1
brfac2144,text,1,1
brfac2145,text,1,1
brfac2146,text,1,1
brfac2147,text,1,1
brfac2148,text,1,1
brfac2149,text,1,1
brfac215,text,1,1
brfac2150,text,1,1
brfac2151,text,1,1
brfac2152,text,1,1
brfac2153,text,1,1
brfac2154,text,1,1
brfac2155,text,1,1
brfac2156,text,1,1
brfac2157,text,1,1
brfac2158,text,1,1
brfac2159,text,1,1
brfac2160,text,1,1
brfac2161,text,1,1
brfac2162,text,1,1
brfac2163,text,1,1
brfac2164,text,1,1
brfac2165,text,1,1
brfac2166,text,1,1
brfac2167,text,1,1
brfac2168,text,1,1
brfac2169,text,1,1
brfac217,text,1,1
brfac2170,text,1,1
brfac2171,text,1,1
brfac2172,text,1,1
brfac2173,text,1,1
brfac2174,text,1,1
brfac2175,text,1,1
brfac2176,text,1,1
brfac2177,text,1,1
brfac2178,text,1,1
brfac2179,text,1,1
brfac218,text,1,1
brfac2180,text,1,1
brfac2181,text,1,1
brfac2182,text,1,1
brfac2183,text,1,1
brfac2184,text,1,1
brfac2185,text,1,1
brfac2186,text,1,1
brfac2188,text,1,1
brfac2189,text,1,1
brfac219,text,1,1
brfac2190,text,1,1
brfac2191,text,1,1
brfac2192,text,1,1
brfac2193,text,1,1
brfac2194,text,1,1
brfac2195,text,1,1
brfac2196,text,1,1
brfac2198,text,1,1
brfac2199,text,1,1
brfac22,text,1,1
brfac220,text,1,1
brfac2200,text,1,1
brfac2201,text,1,1
brfac2202,text,1,1
brfac2203,text,1,1
brfac2204,text,1,1
brfac2205,text,1,1
brfac2206,text,1,1
brfac2207,text,1,1
brfac2208,text,1,1
brfac221,text,1,1
brfac2210,text,1,1
brfac2211,text,1,1
brfac2212,text,1,1
brfac2213,text,1,1
brfac2214,text,1,1
brfac2215,text,1,1
brfac2216,text,1,1
brfac2217,text,1,1
brfac2218,text,1,1
brfac2219,text,1,1
brfac222,text,1,1
brfac2220,text,1,1
brfac2221,text,1,1
brfac2222,text,1,1
brfac2223,text,1,1
brfac2224,text,1,1
brfac2225,text,1,1
brfac2226,text,1,1
brfac2227,text,1,1
brfac2228,text,1,1
brfac2229,text,1,1
brfac223,text,1,1
brfac2230,text,1,1
brfac2231,text,1,1
brfac2232,text,1,1
brfac2233,text,1,1
brfac2234,text,1,1
brfac2235,text,1,1
brfac2236,text,1,1
brfac2237,text,1,1
brfac2238,text,1,1
brfac2239,text,1,1
brfac224,text,1,1
brfac2240,text,1,1
brfac2241,text,1,1
brfac2242,text,1,1
brfac2243,text,1,1
brfac2244,text,1,1
brfac2245,text,1,1
brfac2246,text,1,1
brfac2247,text,1,1
brfac2248,text,1,1
brfac2249,text,1,1
brfac2250,text,1,1
brfac2251,text,1,1
brfac2252,text,1,1
brfac2253,text,1,1
brfac2254,text,1,1
brfac2255,text,1,1
brfac2256,text,1,1
brfac2257,text,1,1
brfac2258,text,1,1
brfac2259,text,1,1
brfac226,text,1,1
brfac2260,text,1,1
brfac2261,text,1,1
brfac2262,text,1,1
brfac2263,text,1,1
brfac2264,text,1,1
brfac2265,text,1,1
brfac2266,text,1,1
brfac2267,text,1,1
brfac2268,text,1,1
brfac2269,text,1,1
brfac227,text,1,1
brfac2270,text,1,1
brfac2271,text,1,1
brfac2272,text,1,1
brfac2273,text,1,1
brfac2274,text,1,1
brfac2275,text,1,1
brfac2276,text,1,1
brfac2277,text,1,1
brfac2278,text,1,1
brfac2279,text,1,1
brfac228,text,1,1
brfac2280,text,1,1
brfac2281,text,1,1
brfac2282,text,1,1
brfac2283,text,1,1
brfac2284,text,1,1
brfac2285,text,1,1
brfac2286,text,1,1
brfac2287,text,1,1
brfac2288,text,1,1
brfac2289,text,1,1
brfac229,text,1,1
brfac2290,text,1,1
brfac2291,text,1,1
brfac2292,text,1,1
brfac2293,text,1,1
brfac2294,text,1,1
brfac2295,text,1,1
brfac2296,text,1,1
brfac2297,text,1,1
brfac2298,text,1,1
brfac2299,text,1,1
brfac23,text,1,1
brfac230,text,1,1
brfac2300,text,1,1
brfac2301,text,1,1
brfac2302,text,1,1
brfac2303,text,1,1
brfac2304,text,1,1
brfac2305,text,1,1
brfac2306,text,1,1
brfac2307,text,1,1
brfac2308,text,1,1
brfac2309,text,1,1
brfac231,text,1,1
brfac2310,text,1,1
brfac2311,text,1,1
brfac2312,text,1,1
brfac2313,text,1,1
brfac2314,text,1,1
brfac2315,text,1,1
brfac2316,text,1,1
brfac2317,text,1,1
brfac2318,text,1,1
brfac2319,text,1,1
brfac232,text,1,1
brfac2320,text,1,1
brfac2321,text,1,1
brfac2322,text,1,1
brfac2323,text,1,1
brfac2324,text,1,1
brfac2325,text,1,1
brfac2326,text,1,1
brfac2327,text,1,1
brfac2328,text,1,1
brfac2329,text,1,1
brfac233,text,1,1
brfac2330,text,1,1
brfac2331,text,1,1
brfac2332,text,1,1
brfac2333,text,1,1
brfac2334,text,1,1
brfac2335,text,1,1
brfac2336,text,1,1
brfac2337,text,1,1
brfac2338,text,1,1
brfac2339,text,1,1
brfac234,text,1,1
brfac2340,text,1,1
brfac2341,text,1,1
brfac2342,text,1,1
brfac2343,text,1,1
brfac2344,text,1,1
brfac2345,text,1,1
brfac2346,text,1,1
brfac2347,text,1,1
brfac2348,text,1,1
brfac2349,text,1,1
brfac235,text,1,1
brfac2350,text,1,1
brfac2351,text,1,1
brfac2352,text,1,1
brfac2353,text,1,1
brfac2354,text,1,1
brfac2355,text,1,1
brfac2356,text,1,1
brfac2357,text,1,1
brfac2358,text,1,1
brfac2359,text,1,1
brfac236,text,1,1
brfac2360,text,1,1
brfac2361,text,1,1
brfac2362,text,1,1
brfac2363,text,1,1
brfac2364,text,1,1
brfac2365,text,1,1
brfac2366,text,1,1
brfac2367,text,1,1
brfac2368,text,1,1
brfac2369,text,1,1
brfac237,text,1,1
brfac2370,text,1,1
brfac2371,text,1,1
brfac2372,text,1,1
brfac2373,text,1,1
brfac2374,text,1,1
brfac2375,text,1,1
brfac2376,text,1,1
brfac2377,text,1,1
brfac2378,text,1,1
brfac2379,text,1,1
brfac238,text,1,1
brfac2380,text,1,1
brfac2381,text,1,1
brfac2382,text,1,1
brfac2383,text,1,1
brfac2384,text,1,1
brfac2385,text,1,1
brfac2386,text,1,1
brfac2387,text,1,1
brfac2388,text,1,1
brfac2389,text,1,1
brfac239,text,1,1
brfac2390,text,1,1
brfac2391,text,1,1
brfac2392,text,1,1
brfac2393,text,1,1
brfac2394,text,1,1
brfac2395,text,1,1
brfac2396,text,1,1
brfac2397,text,1,1
brfac2398,text,1,1
brfac2399,text,1,1
brfac24,text,1,1
brfac240,text,1,1
brfac2400,text,1,1
brfac2402,text,1,1
brfac2403,text,1,1
brfac2404,text,1,1
brfac2405,text,1,1
brfac2406,text,1,1
brfac2407,text,1,1
brfac2408,text,1,1
brfac2409,text,1,1
brfac241,text,1,1
brfac2410,text,1,1
brfac2411,text,1,1
brfac2412,text,1,1
brfac2413,text,1,1
brfac2414,text,1,1
brfac2415,text,1,1
brfac2416,text,1,1
brfac2417,text,1,1
brfac2418,text,1,1
brfac2419,text,1,1
brfac242,text,1,1
brfac2420,text,1,1
brfac2421,text,1,1
brfac2422,text,1,1
brfac2423,text,1,1
brfac2424,text,1,1
brfac2425,text,1,1
brfac2426,text,1,1
brfac2427,text,1,1
brfac2428,text,1,1
brfac2429,text,1,1
brfac2430,text,1,1
brfac2431,text,1,1
brfac2432,text,1,1
brfac2433,text,1,1
brfac2434,text,1,1
brfac2435,text,1,1
brfac2436,text,1,1
brfac2437,text,1,1
brfac2438,text,1,1
brfac2439,text,1,1
brfac244,text,1,1
brfac2440,text,1,1
brfac2441,text,1,1
brfac2442,text,1,1
brfac2443,text,1,1
brfac2444,text,1,1
brfac2445,text,1,1
brfac2446,text,1,1
brfac2447,text,1,1
brfac2448,text,1,1
brfac2449,text,1,1
brfac245,text,1,1
brfac2450,text,1,1
brfac2451,text,1,1
brfac2452,text,1,1
brfac2453,text,1,1
brfac2454,text,1,1
brfac2455,text,1,1
brfac2456,text,1,1
brfac2457,text,1,1
brfac2458,text,1,1
brfac2459,text,1,1
brfac246,text,1,1
brfac2460,text,1,1
brfac2461,text,1,1
brfac2462,text,1,1
brfac2463,text,1,1
brfac2464,text,1,1
brfac2465,text,1,1
brfac2466,text,1,1
brfac2467,text,1,1
brfac2468,text,1,1
brfac2469,text,1,1
brfac247,text,1,1
brfac2470,text,1,1
brfac2471,text,1,1
brfac2472,text,1,1
brfac2473,text,1,1
brfac2474,text,1,1
brfac2475,text,1,1
brfac2476,text,1,1
brfac2477,text,1,1
brfac2478,text,1,1
brfac2479,text,1,1
brfac248,text,1,1
brfac2480,text,1,1
brfac2481,text,1,1
brfac2482,text,1,1
brfac2483,text,1,1
brfac2484,text,1,1
brfac2485,text,1,1
brfac2486,text,1,1
brfac2487,text,1,1
brfac2488,text,1,1
brfac2489,text,1,1
brfac249,text,1,1
brfac2490,text,1,1
brfac2491,text,1,1
brfac2492,text,1,1
brfac2493,text,1,1
brfac2494,text,1,1
brfac2495,text,1,1
brfac2496,text,1,1
brfac2497,text,1,1
brfac2498,text,1,1
brfac2499,text,1,1
brfac250,text,1,1
brfac2500,text,1,1
brfac2501,text,1,1
brfac2502,text,1,1
brfac2503,text,1,1
brfac2504,text,1,1
brfac2505,text,1,1
brfac2506,text,1,1
brfac2507,text,1,1
brfac2508,text,1,1
brfac2509,text,1,1
brfac251,text,1,1
brfac2510,text,1,1
brfac2511,text,1,1
brfac2512,text,1,1
brfac2513,text,1,1
brfac2514,text,1,1
brfac2515,text,1,1
brfac2516,text,1,1
brfac2517,text,1,1
brfac2518,text,1,1
brfac2519,text,1,1
brfac252,text,1,1
brfac2520,text,1,1
brfac2521,text,1,1
brfac2522,text,1,1
brfac2523,text,1,1
brfac2524,text,1,1
brfac2525,text,1,1
brfac2526,text,1,1
brfac2527,text,1,1
brfac2528,text,1,1
brfac2529,text,1,1
brfac253,text,1,1
brfac2530,text,1,1
brfac2531,text,1,1
brfac2532,text,1,1
brfac2533,text,1,1
brfac2534,text,1,1
brfac2535,text,1,1
brfac2536,text,1,1
brfac2537,text,1,1
brfac2538,text,1,1
brfac2539,text,1,1
brfac254,text,1,1
brfac2540,text,1,1
brfac2541,text,1,1
brfac2542,text,1,1
brfac2543,text,1,1
brfac2544,text,1,1
brfac2545,text,1,1
brfac2546,text,1,1
brfac2547,text,1,1
brfac2548,text,1,1
brfac2549,text,1,1
brfac255,text,1,1
brfac2550,text,1,1
brfac2551,text,1,1
brfac2552,text,1,1
brfac2553,text,1,1
brfac2554,text,1,1
brfac2555,text,1,1
brfac2556,text,1,1
brfac2557,text,1,1
brfac2558,text,1,1
brfac2559,text,1,1
brfac2560,text,1,1
brfac2561,text,1,1
brfac2562,text,1,1
brfac2563,text,1,1
brfac2564,text,1,1
brfac2565,text,1,1
brfac2566,text,1,1
brfac2567,text,1,1
brfac2568,text,1,1
brfac2569,text,1,1
brfac257,text,1,1
brfac2570,text,1,1
brfac2571,text,1,1
brfac2572,text,1,1
brfac2573,text,1,1
brfac2574,text,1,1
brfac2575,text,1,1
brfac2576,text,1,1
brfac2577,text,1,1
brfac2578,text,1,1
brfac2579,text,1,1
brfac258,text,1,1
brfac2580,text,1,1
brfac2581,text,1,1
brfac2582,text,1,1
brfac2583,text,1,1
brfac2584,text,1,1
brfac2585,text,1,1
brfac2586,text,1,1
brfac2587,text,1,1
brfac2588,text,1,1
brfac2589,text,1,1
brfac259,text,1,1
brfac2590,text,1,1
brfac2591,text,1,1
brfac2592,text,1,1
brfac2593,text,1,1
brfac2594,text,1,1
brfac2595,text,1,1
brfac2596,text,1,1
brfac2597,text,1,1
brfac2598,text,1,1
brfac2599,text,1,1
brfac26,text,1,1
brfac260,text,1,1
brfac2600,text,1,1
brfac2602,text,1,1
brfac2603,text,1,1
brfac2604,text,1,1
brfac2605,text,1,1
brfac2606,text,1,1
brfac2607,text,1,1
brfac2608,text,1,1
brfac2609,text,1,1
brfac261,text,1,1
brfac2610,text,1,1
brfac2611,text,1,1
brfac2612,text,1,1
brfac2613,text,1,1
brfac2614,text,1,1
brfac2615,text,1,1
brfac2616,text,1,1
brfac2617,text,1,1
brfac2618,text,1,1
brfac2619,text,1,1
brfac262,text,1,1
brfac2620,text,1,1
brfac2621,text,1,1
brfac2622,text,1,1
brfac2623,text,1,1
brfac2624,text,1,1
brfac2625,text,1,1
brfac2626,text,1,1
brfac2627,text,1,1
brfac2628,text,1,1
brfac2629,text,1,1
brfac263,text,1,1
brfac2630,text,1,1
brfac2631,text,1,1
brfac2632,text,1,1
brfac2633,text,1,1
brfac2634,text,1,1
brfac2635,text,1,1
brfac2636,text,1,1
brfac2637,text,1,1
brfac2638,text,1,1
brfac2639,text,1,1
brfac264,text,1,1
brfac2640,text,1,1
brfac2641,text,1,1
brfac2642,text,1,1
brfac2643,text,1,1
brfac2644,text,1,1
brfac2645,text,1,1
brfac2646,text,1,1
brfac2647,text,1,1
brfac2648,text,1,1
brfac2649,text,1,1
brfac265,text,1,1
brfac2650,text,1,1
brfac2651,text,1,1
brfac2652,text,1,1
brfac2653,text,1,1
brfac2654,text,1,1
brfac2655,text,1,1
brfac2656,text,1,1
brfac2657,text,1,1
brfac2658,text,1,1
brfac2659,text,1,1
brfac266,text,1,1
brfac2660,text,1,1
brfac2661,text,1,1
brfac2662,text,1,1
brfac2663,text,1,1
brfac2664,text,1,1
brfac2665,text,1,1
brfac2666,text,1,1
brfac2667,text,1,1
brfac2668,text,1,1
brfac2669,text,1,1
brfac267,text,1,1
brfac2670,text,1,1
brfac2671,text,1,1
brfac2672,text,1,1
brfac2673,text,1,1
brfac2674,text,1,1
brfac2675,text,1,1
brfac2676,text,1,1
brfac2677,text,1,1
brfac2678,text,1,1
brfac2679,text,1,1
brfac268,text,1,1
brfac2680,text,1,1
brfac2681,text,1,1
brfac2682,text,1,1
brfac2683,text,1,1
brfac2684,text,1,1
brfac2685,text,1,1
brfac2686,text,1,1
brfac2687,text,1,1
brfac2688,text,1,1
brfac2689,text,1,1
brfac269,text,1,1
brfac2690,text,1,1
brfac2691,text,1,1
brfac2692,text,1,1
brfac2693,text,1,1
brfac2694,text,1,1
brfac2695,text,1,1
brfac2696,text,1,1
brfac2697,text,1,1
brfac2698,text,1,1
brfac2699,text,1,1
brfac270,text,1,1
brfac2700,text,1,1
brfac2701,text,1,1
brfac2702,text,1,1
brfac2703,text,1,1
brfac2704,text,1,1
brfac2705,text,1,1
brfac2706,text,1,1
brfac2707,text,1,1
brfac2708,text,1,1
brfac2709,text,1,1
brfac271,text,1,1
brfac2710,text,1,1
brfac2711,text,1,1
brfac2712,text,1,1
brfac2713,text,1,1
brfac2714,text,1,1
brfac2715,text,1,1
brfac2716,text,1,1
brfac2717,text,1,1
brfac2718,text,1,1
brfac2719,text,1,1
brfac272,text,1,1
brfac2720,text,1,1
brfac2721,text,1,1
brfac2722,text,1,1
brfac2723,text,1,1
brfac2724,text,1,1
brfac2725,text,1,1
brfac2726,text,1,1
brfac2727,text,1,1
brfac2728,text,1,1
brfac2729,text,1,1
brfac273,text,1,1
brfac2730,text,1,1
brfac2731,text,1,1
brfac2732,text,1,1
brfac2733,text,1,1
brfac2734,text,1,1
brfac2735,text,1,1
brfac2736,text,1,1
brfac2737,text,1,1
brfac2738,text,1,1
brfac2739,text,1,1
brfac274,text,1,1
brfac2740,text,1,1
brfac2741,text,1,1
brfac2742,text,1,1
brfac2743,text,1,1
brfac2745,text,1,1
brfac2746,text,1,1
brfac2747,text,1,1
brfac2748,text,1,1
brfac2749,text,1,1
brfac275,text,1,1
brfac2750,text,1,1
brfac2751,text,1,1
brfac2752,text,1,1
brfac2753,text,1,1
brfac2754,text,1,1
brfac2755,text,1,1
brfac2756,text,1,1
brfac2757,text,1,1
brfac2758,text,1,1
brfac2759,text,1,1
brfac276,text,1,1
brfac2760,text,1,1
brfac2761,text,1,1
brfac2762,text,1,1
brfac2763,text,1,1
brfac2764,text,1,1
brfac2765,text,1,1
brfac2766,text,1,1
brfac2767,text,1,1
brfac2768,text,1,1
brfac2769,text,1,1
brfac277,text,1,1
brfac2770,text,1,1
brfac2771,text,1,1
brfac2772,text,1,1
brfac2773,text,1,1
brfac2774,text,1,1
brfac2775,text,1,1
brfac2776,text,1,1
brfac2777,text,1,1
brfac2778,text,1,1
brfac2779,text,1,1
brfac278,text,1,1
brfac2780,text,1,1
brfac2781,text,1,1
brfac2782,text,1,1
brfac2783,text,1,1
brfac2784,text,1,1
brfac2785,text,1,1
brfac2786,text,1,1
brfac2787,text,1,1
brfac2788,text,1,1
brfac2789,text,1,1
brfac279,text,1,1
brfac2790,text,1,1
brfac2791,text,1,1
brfac2792,text,1,1
brfac2793,text,1,1
brfac2794,text,1,1
brfac2795,text,1,1
brfac2796,text,1,1
brfac2797,text,1,1
brfac2798,text,1,1
brfac2799,text,1,1
brfac28,text,1,1
brfac280,text,1,1
brfac2800,text,1,1
brfac2801,text,1,1
brfac2802,text,1,1
brfac2803,text,1,1
brfac2804,text,1,1
brfac2805,text,1,1
brfac2806,text,1,1
brfac2807,text,1,1
brfac2808,text,1,1
brfac281,text,1,1
brfac2810,text,1,1
brfac2811,text,1,1
brfac2812,text,1,1
brfac2813,text,1,1
brfac2814,text,1,1
brfac2815,text,1,1
brfac2816,text,1,1
brfac2817,text,1,1
brfac2818,text,1,1
brfac2819,text,1,1
brfac282,text,1,1
brfac2820,text,1,1
brfac2821,text,1,1
brfac2822,text,1,1
brfac2823,text,1,1
brfac2824,text,1,1
brfac2825,text,1,1
brfac2826,text,1,1
brfac2827,text,1,1
brfac2828,text,1,1
brfac2829,text,1,1
brfac283,text,1,1
brfac2830,text,1,1
brfac2831,text,1,1
brfac2832,text,1,1
brfac2833,text,1,1
brfac2834,text,1,1
brfac2835,text,1,1
brfac2836,text,1,1
brfac2837,text,1,1
brfac2838,text,1,1
brfac2839,text,1,1
brfac284,text,1,1
brfac2840,text,1,1
brfac2841,text,1,1
brfac2842,text,1,1
brfac2843,text,1,1
brfac2844,text,1,1
brfac2845,text,1,1
brfac2846,text,1,1
brfac2847,text,1,1
brfac2848,text,1,1
brfac2849,text,1,1
brfac285,text,1,1
brfac2850,text,1,1
brfac2851,text,1,1
brfac2852,text,1,1
brfac2853,text,1,1
brfac2854,text,1,1
brfac2855,text,1,1
brfac2856,text,1,1
brfac2857,text,1,1
brfac2858,text,1,1
brfac2859,text,1,1
brfac286,text,1,1
brfac2860,text,1,1
brfac2861,text,1,1
brfac2862,text,1,1
brfac2863,text,1,1
brfac2864,text,1,1
brfac2865,text,1,1
brfac2866,text,1,1
brfac2867,text,1,1
brfac2868,text,1,1
brfac2869,text,1,1
brfac287,text,1,1
brfac2870,text,1,1
brfac2871,text,1,1
brfac2872,text,1,1
brfac2873,text,1,1
brfac2874,text,1,1
brfac2875,text,1,1
brfac2876,text,1,1
brfac2877,text,1,1
brfac2878,text,1,1
brfac2879,text,1,1
brfac288,text,1,1
brfac2880,text,1,1
brfac2881,text,1,1
brfac2882,text,1,1
brfac2883,text,1,1
brfac2884,text,1,1
brfac2885,text,1,1
brfac2886,text,1,1
brfac2887,text,1,1
brfac2888,text,1,1
brfac2889,text,1,1
brfac2890,text,1,1
brfac2891,text,1,1
brfac2892,text,1,1
brfac2893,text,1,1
brfac2894,text,1,1
brfac2895,text,1,1
brfac2896,text,1,1
brfac2897,text,1,1
brfac2898,text,1,1
brfac2899,text,1,1
brfac29,text,1,1
brfac290,text,1,1
brfac2900,text,1,1
brfac2901,text,1,1
brfac2902,text,1,1
brfac2903,text,1,1
brfac2904,text,1,1
brfac2905,text,1,1
brfac2906,text,1,1
brfac2907,text,1,1
brfac2908,text,1,1
brfac2909,text,1,1
brfac291,text,1,1
brfac2910,text,1,1
brfac2911,text,1,1
brfac2912,text,1,1
brfac2913,text,1,1
brfac2914,text,1,1
brfac2915,text,1,1
brfac2917,text,1,1
brfac2918,text,1,1
brfac2919,text,1,1
brfac292,text,1,1
brfac2920,text,1,1
brfac2921,text,1,1
brfac2922,text,1,1
brfac2923,text,1,1
brfac2924,text,1,1
brfac2925,text,1,1
brfac2926,text,1,1
brfac2927,text,1,1
brfac2928,text,1,1
brfac2929,text,1,1
brfac293,text,1,1
brfac2930,text,1,1
brfac2931,text,1,1
brfac2932,text,1,1
brfac2933,text,1,1
brfac2934,text,1,1
brfac2935,text,1,1
brfac2936,text,1,1
brfac2937,text,1,1
brfac2938,text,1,1
brfac2939,text,1,1
brfac294,text,1,1
brfac2940,text,1,1
brfac2941,text,1,1
brfac2942,text,1,1
brfac2943,text,1,1
brfac2944,text,1,1
brfac2945,text,1,1
brfac2946,text,1,1
brfac2947,text,1,1
brfac2948,text,1,1
brfac2949,text,1,1
brfac295,text,1,1
brfac2950,text,1,1
brfac2951,text,1,1
brfac2952,text,1,1
brfac2953,text,1,1
brfac2954,text,1,1
brfac2955,text,1,1
brfac2956,text,1,1
brfac2957,text,1,1
brfac2958,text,1,1
brfac2959,text,1,1
brfac296,text,1,1
brfac2960,text,1,1
brfac2961,text,1,1
brfac2962,text,1,1
brfac2963,text,1,1
brfac2964,text,1,1
brfac2965,text,1,1
brfac2966,text,1,1
brfac2967,text,1,1
brfac2968,text,1,1
brfac2969,text,1,1
brfac297,text,1,1
brfac2970,text,1,1
brfac2971,text,1,1
brfac2972,text,1,1
brfac2973,text,1,1
brfac2974,text,1,1
brfac2975,text,1,1
brfac2976,text,1,1
brfac2977,text,1,1
brfac2978,text,1,1
brfac2979,text,1,1
brfac298,text,1,1
brfac2980,text,1,1
brfac2981,text,1,1
brfac2982,text,1,1
brfac2983,text,1,1
brfac2984,text,1,1
brfac2985,text,1,1
brfac2986,text,1,1
brfac2987,text,1,1
brfac2988,text,1,1
brfac2989,text,1,1
brfac299,text,1,1
brfac2990,text,1,1
brfac2991,text,1,1
brfac2992,text,1,1
brfac2993,text,1,1
brfac2994,text,1,1
brfac2995,text,1,1
brfac2996,text,1,1
brfac2997,text,1,1
brfac2998,text,1,1
brfac2999,text,1,1
brfac3,text,1,1
brfac30,text,1,1
brfac300,text,1,1
brfac3000,text,1,1
brfac3001,text,1,1
brfac3002,text,1,1
brfac3003,text,1,1
brfac3004,text,1,1
brfac3005,text,1,1
brfac3006,text,1,1
brfac3007,text,1,1
brfac3008,text,1,1
brfac3009,text,1,1
brfac301,text,1,1
brfac3010,text,1,1
brfac3011,text,1,1
brfac3012,text,1,1
brfac3013,text,1,1
brfac3014,text,1,1
brfac3015,text,1,1
brfac3016,text,1,1
brfac3017,text,1,1
brfac3018,text,1,1
brfac3019,text,1,1
brfac302,text,1,1
brfac3020,text,1,1
brfac3021,text,1,1
brfac3022,text,1,1
brfac3023,text,1,1
brfac3024,text,1,1
brfac3026,text,1,1
brfac3027,text,1,1
brfac3028,text,1,1
brfac3029,text,1,1
brfac303,text,1,1
brfac3030,text,1,1
brfac3031,text,1,1
brfac3032,text,1,1
brfac3033,text,1,1
brfac3034,text,1,1
brfac3035,text,1,1
brfac3036,text,1,1
brfac3037,text,1,1
brfac3038,text,1,1
brfac3039,text,1,1
brfac304,text,1,1
brfac3040,text,1,1
brfac3041,text,1,1
brfac3042,text,1,1
brfac3043,text,1,1
brfac3044,text,1,1
brfac3045,text,1,1
brfac3046,text,1,1
brfac3047,text,1,1
brfac3048,text,1,1
brfac3049,text,1,1
brfac305,text,1,1
brfac3050,text,1,1
brfac3051,text,1,1
brfac3052,text,1,1
brfac3053,text,1,1
brfac3054,text,1,1
brfac3055,text,1,1
brfac3056,text,1,1
brfac3057,text,1,1
brfac3058,text,1,1
brfac3059,text,1,1
brfac306,text,1,1
brfac3060,text,1,1
brfac3061,text,1,1
brfac3062,text,1,1
brfac3063,text,1,1
brfac3064,text,1,1
brfac3065,text,1,1
brfac3066,text,1,1
brfac3067,text,1,1
brfac3068,text,1,1
brfac3069,text,1,1
brfac307,text,1,1
brfac3070,text,1,1
brfac3071,text,1,1
brfac3072,text,1,1
brfac3073,text,1,1
brfac3074,text,1,1
brfac3075,text,1,1
brfac3076,text,1,1
brfac3077,text,1,1
brfac3078,text,1,1
brfac3079,text,1,1
brfac308,text,1,1
brfac3080,text,1,1
brfac3081,text,1,1
brfac3082,text,1,1
brfac3083,text,1,1
brfac3084,text,1,1
brfac3085,text,1,1
brfac3086,text,1,1
brfac3087,text,1,1
brfac3088,text,1,1
brfac3089,text,1,1
brfac309,text,1,1
brfac3090,text,1,1
brfac3091,text,1,1
brfac3092,text,1,1
brfac3093,text,1,1
brfac3094,text,1,1
brfac3095,text,1,1
brfac3096,text,1,1
brfac3097,text,1,1
brfac3098,text,1,1
brfac3099,text,1,1
brfac31,text,1,1
brfac310,text,1,1
brfac3100,text,1,1
brfac3101,text,1,1
brfac3102,text,1,1
brfac3103,text,1,1
brfac3104,text,1,1
brfac3105,text,1,1
brfac3106,text,1,1
brfac3107,text,1,1
brfac3108,text,1,1
brfac3109,text,1,1
brfac311,text,1,1
brfac3110,text,1,1
brfac3111,text,1,1
brfac3112,text,1,1
brfac3113,text,1,1
brfac3114,text,1,1
brfac3115,text,1,1
brfac3116,text,1,1
brfac3117,text,1,1
brfac3118,text,1,1
brfac3119,text,1,1
brfac312,text,1,1
brfac3120,text,1,1
brfac3121,text,1,1
brfac3122,text,1,1
brfac3123,text,1,1
brfac3124,text,1,1
brfac3126,text,1,1
brfac3127,text,1,1
brfac3128,text,1,1
brfac3129,text,1,1
brfac313,text,1,1
brfac3130,text,1,1
brfac3131,text,1,1
brfac3132,text,1,1
brfac3133,text,1,1
brfac3134,text,1,1
brfac3135,text,1,1
brfac3136,text,1,1
brfac3137,text,1,1
brfac3138,text,1,1
brfac3139,text,1,1
brfac314,text,1,1
brfac3140,text,1,1
brfac3141,text,1,1
brfac3142,text,1,1
brfac3143,text,1,1
brfac3144,text,1,1
brfac3145,text,1,1
brfac3146,text,1,1
brfac3147,text,1,1
brfac3148,text,1,1
brfac3149,text,1,1
brfac315,text,1,1
brfac3150,text,1,1
brfac3151,text,1,1
brfac3152,text,1,1
brfac3153,text,1,1
brfac3154,text,1,1
brfac3155,text,1,1
brfac3156,text,1,1
brfac3157,text,1,1
brfac3158,text,1,1
brfac3159,text,1,1
brfac316,text,1,1
brfac3160,text,1,1
brfac3161,text,1,1
brfac3162,text,1,1
brfac3163,text,1,1
brfac3164,text,1,1
brfac3165,text,1,1
brfac3166,text,1,1
brfac3167,text,1,1
brfac3168,text,1,1
brfac3169,text,1,1
brfac317,text,1,1
brfac3170,text,1,1
brfac3171,text,1,1
brfac3172,text,1,1
brfac3173,text,1,1
brfac3174,text,1,1
brfac3175,text,1,1
brfac3176,text,1,1
brfac3177,text,1,1
brfac3178,text,1,1
brfac3179,text,1,1
brfac318,text,1,1
brfac3180,text,1,1
brfac3181,text,1,1
brfac3182,text,1,1
brfac3183,text,1,1
brfac3184,text,1,1
brfac3185,text,1,1
brfac3186,text,1,1
brfac3187,text,1,1
brfac3188,text,1,1
brfac3189,text,1,1
brfac319,text,1,1
brfac3190,text,1,1
brfac3191,text,1,1
brfac3192,text,1,1
brfac3193,text,1,1
brfac3194,text,1,1
brfac3195,text,1,1
brfac3196,text,1,1
brfac3197,text,1,1
brfac3198,text,1,1
brfac3199,text,1,1
brfac320,text,1,1
brfac3200,text,1,1
brfac3201,text,1,1
brfac3202,text,1,1
brfac3203,text,1,1
brfac3204,text,1,1
brfac3205,text,1,1
brfac3206,text,1,1
brfac3207,text,1,1
brfac3208,text,1,1
brfac3209,text,1,1
brfac321,text,1,1
brfac3210,text,1,1
brfac3211,text,1,1
brfac3212,text,1,1
brfac3213,text,1,1
brfac3214,text,1,1
brfac3215,text,1,1
brfac3216,text,1,1
brfac3217,text,1,1
brfac3218,text,1,1
brfac3219,text,1,1
brfac322,text,1,1
brfac3220,text,1,1
brfac3221,text,1,1
brfac3222,text,1,1
brfac3223,text,1,1
brfac3224,text,1,1
brfac3225,text,1,1
brfac3226,text,1,1
brfac3227,text,1,1
brfac3228,text,1,1
brfac3229,text,1,1
brfac323,text,1,1
brfac3230,text,1,1
brfac3231,text,1,1
brfac3232,text,1,1
brfac3233,text,1,1
brfac3234,text,1,1
brfac3235,text,1,1
brfac3236,text,1,1
brfac3237,text,1,1
brfac3238,text,1,1
brfac3239,text,1,1
brfac3240,text,1,1
brfac3241,text,1,1
brfac3242,text,1,1
brfac3243,text,1,1
brfac3244,text,1,1
brfac3245,text,1,1
brfac3246,text,1,1
brfac3247,text,1,1
brfac3248,text,1,1
brfac325,text,1,1
brfac3250,text,1,1
brfac3251,text,1,1
brfac3252,text,1,1
brfac3253,text,1,1
brfac3254,text,1,1
brfac3255,text,1,1
brfac3256,text,1,1
brfac3257,text,1,1
brfac3258,text,1,1
brfac3259,text,1,1
brfac326,text,1,1
brfac3260,text,1,1
brfac3261,text,1,1
brfac3262,text,1,1
brfac3263,text,1,1
brfac3264,text,1,1
brfac3265,text,1,1
brfac3266,text,1,1
brfac3267,text,1,1
brfac3268,text,1,1
brfac3269,text,1,1
brfac327,text,1,1
brfac3270,text,1,1
brfac3271,text,1,1
brfac3272,text,1,1
brfac3273,text,1,1
brfac3274,text,1,1
brfac3275,text,1,1
brfac3276,text,1,1
brfac3277,text,1,1
brfac3278,text,1,1
brfac3279,text,1,1
brfac328,text,1,1
brfac3280,text,1,1
brfac3281,text,1,1
brfac3282,text,1,1
brfac3283,text,1,1
brfac3284,text,1,1
brfac3285,text,1,1
brfac3286,text,1,1
brfac3287,text,1,1
brfac3288,text,1,1
brfac3289,text,1,1
brfac329,text,1,1
brfac3290,text,1,1
brfac3291,text,1,1
brfac3292,text,1,1
brfac3293,text,1,1
brfac3294,text,1,1
brfac3295,text,1,1
brfac3296,text,1,1
brfac3297,text,1,1
brfac3298,text,1,1
brfac3299,text,1,1
brfac33,text,1,1
brfac330,text,1,1
brfac3300,text,1,1
brfac3301,text,1,1
brfac3302,text,1,1
brfac3303,text,1,1
brfac3304,text,1,1
brfac3305,text,1,1
brfac3306,text,1,1
brfac3307,text,1,1
brfac3308,text,1,1
brfac3309,text,1,1
brfac331,text,1,1
brfac3310,text,1,1
brfac3311,text,1,1
brfac3312,text,1,1
brfac3313,text,1,1
brfac3314,text,1,1
brfac3315,text,1,1
brfac3316,text,1,1
brfac3317,text,1,1
brfac3318,text,1,1
brfac3319,text,1,1
brfac332,text,1,1
brfac3320,text,1,1
brfac3321,text,1,1
brfac3322,text,1,1
brfac3323,text,1,1
brfac3324,text,1,1
brfac3325,text,1,1
brfac3326,text,1,1
brfac3327,text,1,1
brfac3328,text,1,1
brfac3329,text,1,1
brfac333,text,1,1
brfac3330,text,1,1
brfac3331,text,1,1
brfac3332,text,1,1
brfac3333,text,1,1
brfac3334,text,1,1
brfac3335,text,1,1
brfac3336,text,1,1
brfac3337,text,1,1
brfac3338,text,1,1
brfac3339,text,1,1
brfac334,text,1,1
brfac3340,text,1,1
brfac3341,text,1,1
brfac3342,text,1,1
brfac3343,text,1,1
brfac3344,text,1,1
brfac3345,text,1,1
brfac3346,text,1,1
brfac3347,text,1,1
brfac3348,text,1,1
brfac3349,text,1,1
brfac335,text,1,1
brfac3350,text,1,1
brfac3351,text,1,1
brfac3352,text,1,1
brfac3353,text,1,1
brfac3354,text,1,1
brfac3355,text,1,1
brfac3356,text,1,1
brfac3357,text,1,1
brfac3358,text,1,1
brfac3359,text,1,1
brfac336,text,1,1
brfac3360,text,1,1
brfac3361,text,1,1
brfac3362,text,1,1
brfac3363,text,1,1
brfac3364,text,1,1
brfac3365,text,1,1
brfac3366,text,1,1
brfac3367,text,1,1
brfac3368,text,1,1
brfac3369,text,1,1
brfac337,text,1,1
brfac3370,text,1,1
brfac3371,text,1,1
brfac3372,text,1,1
brfac3373,text,1,1
brfac3374,text,1,1
brfac3376,text,1,1
brfac3377,text,1,1
brfac3378,text,1,1
brfac3379,text,1,1
brfac338,text,1,1
brfac3380,text,1,1
brfac3381,text,1,1
brfac3382,text,1,1
brfac3383,text,1,1
brfac3384,text,1,1
brfac3385,text,1,1
brfac3386,text,1,1
brfac3387,text,1,1
brfac3388,text,1,1
brfac3389,text,1,1
brfac339,text,1,1
brfac3390,text,1,1
brfac3391,text,1,1
brfac3392,text,1,1
brfac3393,text,1,1
brfac3394,text,1,1
brfac3395,text,1,1
brfac3396,text,1,1
brfac3397,text,1,1
brfac3398,text,1,1
brfac3399,text,1,1
brfac34,text,1,1
brfac340,text,1,1
brfac3400,text,1,1
brfac3401,text,1,1
brfac3402,text,1,1
brfac3403,text,1,1
brfac3404,text,1,1
brfac3405,text,1,1
brfac3406,text,1,1
brfac3407,text,1,1
brfac3408,text,1,1
brfac3409,text,1,1
brfac341,text,1,1
brfac3410,text,1,1
brfac3411,text,1,1
brfac3412,text,1,1
brfac3413,text,1,1
brfac3414,text,1,1
brfac3415,text,1,1
brfac3416,text,1,1
brfac3417,text,1,1
brfac3418,text,1,1
brfac3419,text,1,1
brfac342,text,1,1
brfac3420,text,1,1
brfac3421,text,1,1
brfac3422,text,1,1
brfac3423,text,1,1
brfac3424,text,1,1
brfac3425,text,1,1
brfac3426,text,1,1
brfac3427,text,1,1
brfac3428,text,1,1
brfac3429,text,1,1
brfac3430,text,1,1
brfac3431,text,1,1
brfac3432,text,1,1
brfac3433,text,1,1
brfac3434,text,1,1
brfac3435,text,1,1
brfac3436,text,1,1
brfac3437,text,1,1
brfac3438,text,1,1
brfac3439,text,1,1
brfac344,text,1,1
brfac3440,text,1,1
brfac3441,text,1,1
brfac3442,text,1,1
brfac3443,text,1,1
brfac3444,text,1,1
brfac3445,text,1,1
brfac3446,text,1,1
brfac3447,text,1,1
brfac3448,text,1,1
brfac3449,text,1,1
brfac345,text,1,1
brfac3450,text,1,1
brfac3451,text,1,1
brfac3452,text,1,1
brfac3453,text,1,1
brfac3454,text,1,1
brfac3455,text,1,1
brfac3456,text,1,1
brfac3457,text,1,1
brfac3458,text,1,1
brfac3459,text,1,1
brfac346,text,1,1
brfac3460,text,1,1
brfac3461,text,1,1
brfac3462,text,1,1
brfac3463,text,1,1
brfac3464,text,1,1
brfac3465,text,1,1
brfac3466,text,1,1
brfac3467,text,1,1
brfac3468,text,1,1
brfac3469,text,1,1
brfac347,text,1,1
brfac3470,text,1,1
brfac3471,text,1,1
brfac3472,text,1,1
brfac3473,text,1,1
brfac3474,text,1,1
brfac3475,text,1,1
brfac3476,text,1,1
brfac3477,text,1,1
brfac3478,text,1,1
brfac3479,text,1,1
brfac348,text,1,1
brfac3480,text,1,1
brfac3482,text,1,1
brfac3483,text,1,1
brfac3484,text,1,1
brfac3485,text,1,1
brfac3486,text,1,1
brfac3487,text,1,1
brfac3488,text,1,1
brfac3489,text,1,1
brfac349,text,1,1
brfac3490,text,1,1
brfac3491,text,1,1
brfac3492,text,1,1
brfac3493,text,1,1
brfac3494,text,1,1
brfac3495,text,1,1
brfac3496,text,1,1
brfac3497,text,1,1
brfac3498,text,1,1
brfac3499,text,1,1
brfac35,text,1,1
brfac350,text,1,1
brfac3500,text,1,1
brfac3501,text,1,1
brfac3502,text,1,1
brfac3503,text,1,1
brfac3504,text,1,1
brfac3505,text,1,1
brfac3506,text,1,1
brfac3507,text,1,1
brfac3508,text,1,1
brfac3509,text,1,1
brfac351,text,1,1
brfac3510,text,1,1
brfac3511,text,1,1
brfac3512,text,1,1
brfac3513,text,1,1
brfac3514,text,1,1
brfac3515,text,1,1
brfac3516,text,1,1
brfac3517,text,1,1
brfac3518,text,1,1
brfac3519,text,1,1
brfac352,text,1,1
brfac3520,text,1,1
brfac3521,text,1,1
brfac3522,text,1,1
brfac3523,text,1,1
brfac3524,text,1,1
brfac3525,text,1,1
brfac3526,text,1,1
brfac3527,text,1,1
brfac3528,text,1,1
brfac3529,text,1,1
brfac353,text,1,1
brfac3530,text,1,1
brfac3531,text,1,1
brfac3532,text,1,1
brfac3533,text,1,1
brfac3534,text,1,1
brfac3535,text,1,1
brfac3536,text,1,1
brfac3537,text,1,1
brfac3538,text,1,1
brfac3539,text,1,1
brfac354,text,1,1
brfac3540,text,1,1
brfac3541,text,1,1
brfac3542,text,1,1
brfac3543,text,1,1
brfac3544,text,1,1
brfac3545,text,1,1
brfac3546,text,1,1
brfac3547,text,1,1
brfac3548,text,1,1
brfac3549,text,1,1
brfac355,text,1,1
brfac3550,text,1,1
brfac3551,text,1,1
brfac3552,text,1,1
brfac3553,text,1,1
brfac3554,text,1,1
brfac3555,text,1,1
brfac3556,text,1,1
brfac3557,text,1,1
brfac3558,text,1,1
brfac3559,text,1,1
brfac356,text,1,1
brfac3560,text,1,1
brfac3561,text,1,1
brfac3562,text,1,1
brfac3563,text,1,1
brfac3564,text,1,1
brfac3565,text,1,1
brfac3566,text,1,1
brfac3567,text,1,1
brfac3568,text,1,1
brfac3569,text,1,1
brfac357,text,1,1
brfac3570,text,1,1
brfac3571,text,1,1
brfac3572,text,1,1
brfac3573,text,1,1
brfac3574,text,1,1
brfac3575,text,1,1
brfac3576,text,1,1
brfac3577,text,1,1
brfac3578,text,1,1
brfac3579,text,1,1
brfac358,text,1,1
brfac3580,text,1,1
brfac3581,text,1,1
brfac3582,text,1,1
brfac3583,text,1,1
brfac3584,text,1,1
brfac3585,text,1,1
brfac3586,text,1,1
brfac3587,text,1,1
brfac3588,text,1,1
brfac3589,text,1,1
brfac359,text,1,1
brfac3590,text,1,1
brfac3591,text,1,1
brfac3592,text,1,1
brfac3593,text,1,1
brfac3594,text,1,1
brfac3595,text,1,1
brfac3596,text,1,1
brfac3597,text,1,1
brfac3598,text,1,1
brfac3599,text,1,1
brfac360,text,1,1
brfac3600,text,1,1
brfac3601,text,1,1
brfac3602,text,1,1
brfac3603,text,1,1
brfac3604,text,1,1
brfac3605,text,1,1
brfac3606,text,1,1
brfac3607,text,1,1
brfac3608,text,1,1
brfac3609,text,1,1
brfac3610,text,1,1
brfac3611,text,1,1
brfac3612,text,1,1
brfac3613,text,1,1
brfac3614,text,1,1
brfac3615,text,1,1
brfac3616,text,1,1
brfac3617,text,1,1
brfac3618,text,1,1
brfac3619,text,1,1
brfac362,text,1,1
brfac3620,text,1,1
brfac3621,text,1,1
brfac3622,text,1,1
brfac3623,text,1,1
brfac3624,text,1,1
brfac3625,text,1,1
brfac3626,text,1,1
brfac3627,text,1,1
brfac3628,text,1,1
brfac3629,text,1,1
brfac363,text,1,1
brfac3630,text,1,1
brfac3631,text,1,1
brfac3632,text,1,1
brfac3633,text,1,1
brfac3634,text,1,1
brfac3635,text,1,1
brfac3636,text,1,1
brfac3637,text,1,1
brfac3638,text,1,1
brfac3639,text,1,1
brfac364,text,1,1
brfac3640,text,1,1
brfac3641,text,1,1
brfac3642,text,1,1
brfac3643,text,1,1
brfac3644,text,1,1
brfac3645,text,1,1
brfac3646,text,1,1
brfac3647,text,1,1
brfac3648,text,1,1
brfac3649,text,1,1
brfac365,text,1,1
brfac3650,text,1,1
brfac3651,text,1,1
brfac3652,text,1,1
brfac3653,text,1,1
brfac3654,text,1,1
brfac3655,text,1,1
brfac3656,text,1,1
brfac3657,text,1,1
brfac3658,text,1,1
brfac3659,text,1,1
brfac366,text,1,1
brfac3660,text,1,1
brfac3661,text,1,1
brfac3662,text,1,1
brfac3663,text,1,1
brfac3664,text,1,1
brfac3665,text,1,1
brfac3666,text,1,1
brfac3667,text,1,1
brfac3668,text,1,1
brfac3669,text,1,1
brfac367,text,1,1
brfac3670,text,1,1
brfac3671,text,1,1
brfac3672,text,1,1
brfac3673,text,1,1
brfac3674,text,1,1
brfac3675,text,1,1
brfac3676,text,1,1
brfac3677,text,1,1
brfac3678,text,1,1
brfac3679,text,1,1
brfac368,text,1,1
brfac3680,text,1,1
brfac3681,text,1,1
brfac3682,text,1,1
brfac3683,text,1,1
brfac3684,text,1,1
brfac3685,text,1,1
brfac3686,text,1,1
brfac3687,text,1,1
brfac3688,text,1,1
brfac3689,text,1,1
brfac369,text,1,1
brfac3690,text,1,1
brfac3691,text,1,1
brfac3692,text,1,1
brfac3693,text,1,1
brfac3694,text,1,1
brfac3695,text,1,1
brfac3696,text,1,1
brfac3697,text,1,1
brfac3698,text,1,1
brfac3699,text,1,1
brfac37,text,1,1
brfac370,text,1,1
brfac3700,text,1,1
brfac3701,text,1,1
brfac3702,text,1,1
brfac3703,text,1,1
brfac3704,text,1,1
brfac3705,text,1,1
brfac3706,text,1,1
brfac3707,text,1,1
brfac3708,text,1,1
brfac3709,text,1,1
brfac371,text,1,1
brfac3710,text,1,1
brfac3711,text,1,1
brfac3712,text,1,1
brfac3713,text,1,1
brfac3714,text,1,1
brfac3715,text,1,1
brfac3716,text,1,1
brfac3717,text,1,1
brfac3718,text,1,1
brfac3719,text,1,1
brfac372,text,1,1
brfac3720,text,1,1
brfac3722,text,1,1
brfac3723,text,1,1
brfac3724,text,1,1
brfac3725,text,1,1
brfac3726,text,1,1
brfac3727,text,1,1
brfac3728,text,1,1
brfac3729,text,1,1
brfac373,text,1,1
brfac3730,text,1,1
brfac3731,text,1,1
brfac3732,text,1,1
brfac3733,text,1,1
brfac3734,text,1,1
brfac3735,text,1,1
brfac3736,text,1,1
brfac3737,text,1,1
brfac3738,text,1,1
brfac3739,text,1,1
brfac374,text,1,1
brfac3740,text,1,1
brfac3741,text,1,1
brfac3742,text,1,1
brfac3743,text,1,1
brfac3744,text,1,1
brfac3745,text,1,1
brfac3746,text,1,1
brfac3747,text,1,1
brfac3748,text,1,1
brfac3749,text,1,1
brfac375,text,1,1
brfac3750,text,1,1
brfac3751,text,1,1
brfac3752,text,1,1
brfac3753,text,1,1
brfac3754,text,1,1
brfac3755,text,1,1
brfac3756,text,1,1
brfac3757,text,1,1
brfac3758,text,1,1
brfac3759,text,1,1
brfac376,text,1,1
brfac3760,text,1,1
brfac3761,text,1,1
brfac3762,text,1,1
brfac3763,text,1,1
brfac3764,text,1,1
brfac3765,text,1,1
brfac3766,text,1,1
brfac3767,text,1,1
brfac3768,text,1,1
brfac3769,text,1,1
brfac377,text,1,1
brfac3770,text,1,1
brfac3771,text,1,1
brfac3772,text,1,1
brfac3773,text,1,1
brfac3774,text,1,1
brfac3775,text,1,1
brfac3776,text,1,1
brfac3777,text,1,1
brfac3778,text,1,1
brfac3779,text,1,1
brfac378,text,1,1
brfac3780,text,1,1
brfac3781,text,1,1
brfac3782,text,1,1
brfac3783,text,1,1
brfac3784,text,1,1
brfac3785,text,1,1
brfac3786,text,1,1
brfac3787,text,1,1
brfac3788,text,1,1
brfac3789,text,1,1
brfac379,text,1,1
brfac3790,text,1,1
brfac3791,text,1,1
brfac3792,text,1,1
brfac3793,text,1,1
brfac3794,text,1,1
brfac3795,text,1,1
brfac3796,text,1,1
brfac3797,text,1,1
brfac3798,text,1,1
brfac3799,text,1,1
brfac38,text,1,1
brfac380,text,1,1
brfac3800,text,1,1
brfac3801,text,1,1
brfac3802,text,1,1
brfac3803,text,1,1
brfac3804,text,1,1
brfac3805,text,1,1
brfac3806,text,1,1
brfac3807,text,1,1
brfac3808,text,1,1
brfac3809,text,1,1
brfac381,text,1,1
brfac3810,text,1,1
brfac3811,text,1,1
brfac3812,text,1,1
brfac3813,text,1,1
brfac3814,text,1,1
brfac3815,text,1,1
brfac3816,text,1,1
brfac3817,text,1,1
brfac3818,text,1,1
brfac3819,text,1,1
brfac382,text,1,1
brfac3820,text,1,1
brfac3821,text,1,1
brfac3822,text,1,1
brfac3823,text,1,1
brfac3824,text,1,1
brfac3825,text,1,1
brfac3826,text,1,1
brfac3827,text,1,1
brfac3828,text,1,1
brfac3829,text,1,1
brfac383,text,1,1
brfac3830,text,1,1
brfac3831,text,1,1
brfac3832,text,1,1
brfac3833,text,1,1
brfac3834,text,1,1
brfac3835,text,1,1
brfac3836,text,1,1
brfac3837,text,1,1
brfac3838,text,1,1
brfac3839,text,1,1
brfac384,text,1,1
brfac3840,text,1,1
brfac3841,text,1,1
brfac3842,text,1,1
brfac3843,text,1,1
brfac3844,text,1,1
brfac3845,text,1,1
brfac3846,text,1,1
brfac3847,text,1,1
brfac3848,text,1,1
brfac3849,text,1,1
brfac385,text,1,1
brfac3850,text,1,1
brfac3851,text,1,1
brfac3852,text,1,1
brfac3853,text,1,1
brfac3854,text,1,1
brfac3855,text,1,1
brfac3856,text,1,1
brfac3857,text,1,1
brfac3858,text,1,1
brfac3859,text,1,1
brfac386,text,1,1
brfac3860,text,1,1
brfac3861,text,1,1
brfac3862,text,1,1
brfac3863,text,1,1
brfac3864,text,1,1
brfac3865,text,1,1
brfac3866,text,1,1
brfac3867,text,1,1
brfac3868,text,1,1
brfac3869,text,1,1
brfac387,text,1,1
brfac3870,text,1,1
brfac3871,text,1,1
brfac3872,text,1,1
brfac3873,text,1,1
brfac3874,text,1,1
brfac3875,text,1,1
brfac3876,text,1,1
brfac3877,text,1,1
brfac3878,text,1,1
brfac3879,text,1,1
brfac388,text,1,1
brfac3880,text,1,1
brfac3881,text,1,1
brfac3882,text,1,1
brfac3883,text,1,1
brfac3884,text,1,1
brfac3885,text,1,1
brfac3886,text,1,1
brfac3887,text,1,1
brfac3888,text,1,1
brfac3889,text,1,1
brfac389,text,1,1
brfac3890,text,1,1
brfac3891,text,1,1
brfac3892,text,1,1
brfac3893,text,1,1
brfac3894,text,1,1
brfac3895,text,1,1
brfac3896,text,1,1
brfac3897,text,1,1
brfac3898,text,1,1
brfac3899,text,1,1
brfac39,text,1,1
brfac390,text,1,1
brfac3900,text,1,1
brfac3901,text,1,1
brfac3902,text,1,1
brfac3903,text,1,1
brfac3904,text,1,1
brfac3905,text,1,1
brfac3906,text,1,1
brfac3907,text,1,1
brfac3908,text,1,1
brfac3909,text,1,1
brfac391,text,1,1
brfac3910,text,1,1
brfac3911,text,1,1
brfac3912,text,1,1
brfac3913,text,1,1
brfac3914,text,1,1
brfac3915,text,1,1
brfac3916,text,1,1
brfac3917,text,1,1
brfac3918,text,1,1
brfac3919,text,1,1
brfac392,text,1,1
brfac3920,text,1,1
brfac3921,text,1,1
brfac3922,text,1,1
brfac3923,text,1,1
brfac3924,text,1,1
brfac3925,text,1,1
brfac3926,text,1,1
brfac3927,text,1,1
brfac3928,text,1,1
brfac3929,text,1,1
brfac393,text,1,1
brfac3930,text,1,1
brfac3931,text,1,1
brfac3932,text,1,1
brfac3933,text,1,1
brfac3934,text,1,1
brfac3935,text,1,1
brfac3936,text,1,1
brfac3937,text,1,1
brfac3938,text,1,1
brfac3939,text,1,1
brfac394,text,1,1
brfac3940,text,1,1
brfac3941,text,1,1
brfac3942,text,1,1
brfac3943,text,1,1
brfac3944,text,1,1
brfac3945,text,1,1
brfac3946,text,1,1
brfac3947,text,1,1
brfac3948,text,1,1
brfac3949,text,1,1
brfac395,text,1,1
brfac3950,text,1,1
brfac3951,text,1,1
brfac3952,text,1,1
brfac3953,text,1,1
brfac3954,text,1,1
brfac3955,text,1,1
brfac3956,text,1,1
brfac3957,text,1,1
brfac3958,text,1,1
brfac3959,text,1,1
brfac396,text,1,1
brfac3960,text,1,1
brfac3961,text,1,1
brfac3962,text,1,1
brfac3963,text,1,1
brfac3964,text,1,1
brfac3965,text,1,1
brfac3966,text,1,1
brfac3967,text,1,1
brfac3968,text,1,1
brfac397,text,1,1
brfac3970,text,1,1
brfac3971,text,1,1
brfac3972,text,1,1
brfac3973,text,1,1
brfac3974,text,1,1
brfac3975,text,1,1
brfac3976,text,1,1
brfac3977,text,1,1
brfac3978,text,1,1
brfac3979,text,1,1
brfac398,text,1,1
brfac3980,text,1,1
brfac3981,text,1,1
brfac3982,text,1,1
brfac3983,text,1,1
brfac3984,text,1,1
brfac3985,text,1,1
brfac3986,text,1,1
brfac3987,text,1,1
brfac3988,text,1,1
brfac3989,text,1,1
brfac399,text,1,1
brfac3990,text,1,1
brfac3991,text,1,1
brfac3992,text,1,1
brfac3993,text,1,1
brfac3994,text,1,1
brfac3995,text,1,1
brfac3996,text,1,1
brfac3997,text,1,1
brfac3998,text,1,1
brfac3999,text,1,1
brfac40,text,1,1
brfac4000,text,1,1
brfac4001,text,1,1
brfac4002,text,1,1
brfac4003,text,1,1
brfac4004,text,1,1
brfac4005,text,1,1
brfac4006,text,1,1
brfac4007,text,1,1
brfac4008,text,1,1
brfac4009,text,1,1
brfac401,text,1,1
brfac4010,text,1,1
brfac4011,text,1,1
brfac4012,text,1,1
brfac4013,text,1,1
brfac4014,text,1,1
brfac4015,text,1,1
brfac4016,text,1,1
brfac4017,text,1,1
brfac4018,text,1,1
brfac4019,text,1,1
brfac402,text,1,1
brfac4020,text,1,1
brfac4021,text,1,1
brfac4022,text,1,1
brfac4023,text,1,1
brfac4024,text,1,1
brfac4025,text,1,1
brfac4026,text,1,1
brfac4027,text,1,1
brfac4028,text,1,1
brfac4029,text,1,1
brfac403,text,1,1
brfac4030,text,1,1
brfac4031,text,1,1
brfac4032,text,1,1
brfac4033,text,1,1
brfac4034,text,1,1
brfac4035,text,1,1
brfac4036,text,1,1
brfac4037,text,1,1
brfac4038,text,1,1
brfac4039,text,1,1
brfac404,text,1,1
brfac4040,text,1,1
brfac4041,text,1,1
brfac4042,text,1,1
brfac4043,text,1,1
brfac4044,text,1,1
brfac4045,text,1,1
brfac4046,text,1,1
brfac4047,text,1,1
brfac4048,text,1,1
brfac4049,text,1,1
brfac405,text,1,1
brfac4050,text,1,1
brfac4051,text,1,1
brfac4052,text,1,1
brfac4053,text,1,1
brfac4054,text,1,1
brfac4055,text,1,1
brfac4056,text,1,1
brfac4057,text,1,1
brfac4058,text,1,1
brfac4059,text,1,1
brfac406,text,1,1
brfac4060,text,1,1
brfac4061,text,1,1
brfac4062,text,1,1
brfac4063,text,1,1
brfac4064,text,1,1
brfac4065,text,1,1
brfac4066,text,1,1
brfac4067,text,1,1
brfac4068,text,1,1
brfac4069,text,1,1
brfac407,text,1,1
brfac4070,text,1,1
brfac4071,text,1,1
brfac4072,text,1,1
brfac4073,text,1,1
brfac4074,text,1,1
brfac4075,text,1,1
brfac4076,text,1,1
brfac4077,text,1,1
brfac4078,text,1,1
brfac4079,text,1,1
brfac408,text,1,1
brfac4080,text,1,1
brfac4081,text,1,1
brfac4082,text,1,1
brfac4083,text,1,1
brfac4084,text,1,1
brfac4085,text,1,1
brfac4086,text,1,1
brfac4087,text,1,1
brfac4088,text,1,1
brfac4089,text,1,1
brfac409,text,1,1
brfac4090,text,1,1
brfac4091,text,1,1
brfac4092,text,1,1
brfac4093,text,1,1
brfac4094,text,1,1
brfac4095,text,1,1
brfac4097,text,1,1
brfac4098,text,1,1
brfac4099,text,1,1
brfac41,text,1,1
brfac410,text,1,1
brfac4100,text,1,1
brfac4101,text,1,1
brfac4102,text,1,1
brfac4103,text,1,1
brfac4104,text,1,1
brfac4105,text,1,1
brfac4106,text,1,1
brfac4107,text,1,1
brfac4108,text,1,1
brfac4109,text,1,1
brfac411,text,1,1
brfac4110,text,1,1
brfac4111,text,1,1
brfac4112,text,1,1
brfac4113,text,1,1
brfac4114,text,1,1
brfac4115,text,1,1
brfac4116,text,1,1
brfac4117,text,1,1
brfac4118,text,1,1
brfac4119,text,1,1
brfac412,text,1,1
brfac4120,text,1,1
brfac4121,text,1,1
brfac4122,text,1,1
brfac4123,text,1,1
brfac4124,text,1,1
brfac4125,text,1,1
brfac4126,text,1,1
brfac4127,text,1,1
brfac4128,text,1,1
brfac4129,text,1,1
brfac413,text,1,1
brfac4130,text,1,1
brfac4131,text,1,1
brfac4132,text,1,1
brfac4133,text,1,1
brfac4134,text,1,1
brfac4135,text,1,1
brfac4136,text,1,1
brfac4137,text,1,1
brfac4138,text,1,1
brfac4139,text,1,1
brfac414,text,1,1
brfac4140,text,1,1
brfac4141,text,1,1
brfac4142,text,1,1
brfac4143,text,1,1
brfac4144,text,1,1
brfac4145,text,1,1
brfac4146,text,1,1
brfac4147,text,1,1
brfac4148,text,1,1
brfac4149,text,1,1
brfac415,text,1,1
brfac4150,text,1,1
brfac4151,text,1,1
brfac4152,text,1,1
brfac4153,text,1,1
brfac4154,text,1,1
brfac4155,text,1,1
brfac4156,text,1,1
brfac4157,text,1,1
brfac4158,text,1,1
brfac4159,text,1,1
brfac416,text,1,1
brfac4160,text,1,1
brfac4161,text,1,1
brfac4162,text,1,1
brfac4163,text,1,1
brfac4164,text,1,1
brfac4165,text,1,1
brfac4166,text,1,1
brfac4167,text,1,1
brfac4168,text,1,1
brfac4169,text,1,1
brfac417,text,1,1
brfac4170,text,1,1
brfac4171,text,1,1
brfac4172,text,1,1
brfac4173,text,1,1
brfac4174,text,1,1
brfac4175,text,1,1
brfac4176,text,1,1
brfac4177,text,1,1
brfac4178,text,1,1
brfac4179,text,1,1
brfac418,text,1,1
brfac4180,text,1,1
brfac4181,text,1,1
brfac4182,text,1,1
brfac4183,text,1,1
brfac4184,text,1,1
brfac4185,text,1,1
brfac4186,text,1,1
brfac4187,text,1,1
brfac4188,text,1,1
brfac4189,text,1,1
brfac419,text,1,1
brfac4190,text,1,1
brfac4191,text,1,1
brfac4192,text,1,1
brfac4193,text,1,1
brfac4194,text,1,1
brfac4195,text,1,1
brfac4196,text,1,1
brfac4197,text,1,1
brfac4198,text,1,1
brfac4199,text,1,1
brfac42,text,1,1
brfac420,text,1,1
brfac4200,text,1,1
brfac4201,text,1,1
brfac4202,text,1,1
brfac4203,text,1,1
brfac4204,text,1,1
brfac4205,text,1,1
brfac4206,text,1,1
brfac4207,text,1,1
brfac4208,text,1,1
brfac4209,text,1,1
brfac421,text,1,1
brfac4210,text,1,1
brfac4211,text,1,1
brfac4212,text,1,1
brfac4213,text,1,1
brfac4214,text,1,1
brfac4215,text,1,1
brfac4216,text,1,1
brfac4217,text,1,1
brfac4218,text,1,1
brfac4219,text,1,1
brfac422,text,1,1
brfac4220,text,1,1
brfac4221,text,1,1
brfac4222,text,1,1
brfac4223,text,1,1
brfac4224,text,1,1
brfac4226,text,1,1
brfac4227,text,1,1
brfac4228,text,1,1
brfac4229,text,1,1
brfac423,text,1,1
brfac4230,text,1,1
brfac4231,text,1,1
brfac4232,text,1,1
brfac4233,text,1,1
brfac4234,text,1,1
brfac4235,text,1,1
brfac4236,text,1,1
brfac4237,text,1,1
brfac4238,text,1,1
brfac4239,text,1,1
brfac424,text,1,1
brfac4240,text,1,1
brfac4241,text,1,1
brfac4242,text,1,1
brfac4243,text,1,1
brfac4244,text,1,1
brfac4245,text,1,1
brfac4246,text,1,1
brfac4247,text,1,1
brfac4248,text,1,1
brfac4249,text,1,1
brfac425,text,1,1
brfac4250,text,1,1
brfac4251,text,1,1
brfac4252,text,1,1
brfac4253,text,1,1
brfac4254,text,1,1
brfac4255,text,1,1
brfac4256,text,1,1
brfac4257,text,1,1
brfac4258,text,1,1
brfac4259,text,1,1
brfac426,text,1,1
brfac4260,text,1,1
brfac4261,text,1,1
brfac4262,text,1,1
brfac4263,text,1,1
brfac4264,text,1,1
brfac4265,text,1,1
brfac4266,text,1,1
brfac4267,text,1,1
brfac4268,text,1,1
brfac4269,text,1,1
brfac427,text,1,1
brfac4270,text,1,1
brfac4271,text,1,1
brfac4272,text,1,1
brfac4273,text,1,1
brfac4274,text,1,1
brfac4275,text,1,1
brfac4276,text,1,1
brfac4277,text,1,1
brfac4278,text,1,1
brfac4279,text,1,1
brfac428,text,1,1
brfac4280,text,1,1
brfac4281,text,1,1
brfac4282,text,1,1
brfac4283,text,1,1
brfac4284,text,1,1
brfac4285,text,1,1
brfac4286,text,1,1
brfac4287,text,1,1
brfac4288,text,1,1
brfac4289,text,1,1
brfac429,text,1,1
brfac4290,text,1,1
brfac4291,text,1,1
brfac4292,text,1,1
brfac4293,text,1,1
brfac4294,text,1,1
brfac4295,text,1,1
brfac4296,text,1,1
brfac4297,text,1,1
brfac4298,text,1,1
brfac4299,text,1,1
brfac43,text,1,1
brfac430,text,1,1
brfac4300,text,1,1
brfac4301,text,1,1
brfac4302,text,1,1
brfac4303,text,1,1
brfac4304,text,1,1
brfac4305,text,1,1
brfac4306,text,1,1
brfac4307,text,1,1
brfac4308,text,1,1
brfac4309,text,1,1
brfac431,text,1,1
brfac4310,text,1,1
brfac4311,text,1,1
brfac4312,text,1,1
brfac4313,text,1,1
brfac4314,text,1,1
brfac4315,text,1,1
brfac4316,text,1,1
brfac4317,text,1,1
brfac4318,text,1,1
brfac4319,text,1,1
brfac432,text,1,1
brfac4320,text,1,1
brfac4321,text,1,1
brfac4322,text,1,1
brfac4323,text,1,1
brfac4324,text,1,1
brfac4325,text,1,1
brfac4326,text,1,1
brfac4327,text,1,1
brfac4328,text,1,1
brfac4329,text,1,1
brfac433,text,1,1
brfac4330,text,1,1
brfac4331,text,1,1
brfac4332,text,1,1
brfac4333,text,1,1
brfac4334,text,1,1
brfac4335,text,1,1
brfac4336,text,1,1
brfac4337,text,1,1
brfac4338,text,1,1
brfac4339,text,1,1
brfac434,text,1,1
brfac4340,text,1,1
brfac4341,text,1,1
brfac4342,text,1,1
brfac4343,text,1,1
brfac4344,text,1,1
brfac4345,text,1,1
brfac4346,text,1,1
brfac4347,text,1,1
brfac4348,text,1,1
brfac4349,text,1,1
brfac435,text,1,1
brfac4350,text,1,1
brfac4351,text,1,1
brfac4352,text,1,1
brfac4353,text,1,1
brfac4354,text,1,1
brfac4355,text,1,1
brfac4357,text,1,1
brfac4358,text,1,1
brfac4359,text,1,1
brfac436,text,1,1
brfac4360,text,1,1
brfac4361,text,1,1
brfac4362,text,1,1
brfac4363,text,1,1
brfac4364,text,1,1
brfac4365,text,1,1
brfac4366,text,1,1
brfac4367,text,1,1
brfac4368,text,1,1
brfac4369,text,1,1
brfac437,text,1,1
brfac4370,text,1,1
brfac4371,text,1,1
brfac4372,text,1,1
brfac4373,text,1,1
brfac4374,text,1,1
brfac4375,text,1,1
brfac4376,text,1,1
brfac4377,text,1,1
brfac4378,text,1,1
brfac4379,text,1,1
brfac438,text,1,1
brfac4380,text,1,1
brfac4381,text,1,1
brfac4382,text,1,1
brfac4383,text,1,1
brfac4384,text,1,1
brfac4385,text,1,1
brfac4386,text,1,1
brfac4387,text,1,1
brfac4388,text,1,1
brfac4389,text,1,1
brfac439,text,1,1
brfac4390,text,1,1
brfac4391,text,1,1
brfac4392,text,1,1
brfac4393,text,1,1
brfac4394,text,1,1
brfac4395,text,1,1
brfac4396,text,1,1
brfac4397,text,1,1
brfac4398,text,1,1
brfac4399,text,1,1
brfac44,text,1,1
brfac440,text,1,1
brfac4400,text,1,1
brfac4401,text,1,1
brfac4402,text,1,1
brfac4403,text,1,1
brfac4404,text,1,1
brfac4405,text,1,1
brfac4406,text,1,1
brfac4407,text,1,1
brfac4408,text,1,1
brfac4409,text,1,1
brfac4410,text,1,1
brfac4411,text,1,1
brfac4412,text,1,1
brfac4413,text,1,1
brfac4414,text,1,1
brfac4415,text,1,1
brfac4416,text,1,1
brfac4417,text,1,1
brfac4418,text,1,1
brfac4419,text,1,1
brfac442,text,1,1
brfac4420,text,1,1
brfac4421,text,1,1
brfac4422,text,1,1
brfac4423,text,1,1
brfac4424,text,1,1
brfac4425,text,1,1
brfac4426,text,1,1
brfac4427,text,1,1
brfac4428,text,1,1
brfac4429,text,1,1
brfac443,text,1,1
brfac4430,text,1,1
brfac4431,text,1,1
brfac4432,text,1,1
brfac4433,text,1,1
brfac4434,text,1,1
brfac4435,text,1,1
brfac4436,text,1,1
brfac4437,text,1,1
brfac4438,text,1,1
brfac4439,text,1,1
brfac444,text,1,1
brfac4440,text,1,1
brfac4441,text,1,1
brfac4442,text,1,1
brfac4443,text,1,1
brfac4444,text,1,1
brfac4445,text,1,1
brfac4446,text,1,1
brfac4447,text,1,1
brfac4448,text,1,1
brfac4449,text,1,1
brfac445,text,1,1
brfac4450,text,1,1
brfac4451,text,1,1
brfac4452,text,1,1
brfac4453,text,1,1
brfac4454,text,1,1
brfac4455,text,1,1
brfac4456,text,1,1
brfac4457,text,1,1
brfac4458,text,1,1
brfac4459,text,1,1
brfac446,text,1,1
brfac4460,text,1,1
brfac4461,text,1,1
brfac4462,text,1,1
brfac4463,text,1,1
brfac4464,text,1,1
brfac4465,text,1,1
brfac4466,text,1,1
brfac4467,text,1,1
brfac4468,text,1,1
brfac4469,text,1,1
brfac447,text,1,1
brfac4470,text,1,1
brfac4471,text,1,1
brfac4472,text,1,1
brfac4473,text,1,1
brfac4474,text,1,1
brfac4475,text,1,1
brfac4476,text,1,1
brfac4477,text,1,1
brfac4478,text,1,1
brfac4479,text,1,1
brfac448,text,1,1
brfac4480,text,1,1
brfac4481,text,1,1
brfac4482,text,1,1
brfac4483,text,1,1
brfac4484,text,1,1
brfac4485,text,1,1
brfac4486,text,1,1
brfac4487,text,1,1
brfac4488,text,1,1
brfac449,text,1,1
brfac4490,text,1,1
brfac4491,text,1,1
brfac4492,text,1,1
brfac4493,text,1,1
brfac4494,text,1,1
brfac4495,text,1,1
brfac4496,text,1,1
brfac4497,text,1,1
brfac4498,text,1,1
brfac4499,text,1,1
brfac45,text,1,1
brfac450,text,1,1
brfac4500,text,1,1
brfac4501,text,1,1
brfac4502,text,1,1
brfac4503,text,1,1
brfac4504,text,1,1
brfac4505,text,1,1
brfac4506,text,1,1
brfac4507,text,1,1
brfac4508,text,1,1
brfac4509,text,1,1
brfac451,text,1,1
brfac4510,text,1,1
brfac4511,text,1,1
brfac4512,text,1,1
brfac4513,text,1,1
brfac4514,text,1,1
brfac4515,text,1,1
brfac4516,text,1,1
brfac4517,text,1,1
brfac4518,text,1,1
brfac4519,text,1,1
brfac452,text,1,1
brfac4520,text,1,1
brfac4521,text,1,1
brfac4522,text,1,1
brfac4523,text,1,1
brfac4524,text,1,1
brfac4525,text,1,1
brfac4526,text,1,1
brfac4527,text,1,1
brfac4528,text,1,1
brfac4529,text,1,1
brfac453,text,1,1
brfac4530,text,1,1
brfac4531,text,1,1
brfac4532,text,1,1
brfac4533,text,1,1
brfac4534,text,1,1
brfac4535,text,1,1
brfac4536,text,1,1
brfac4537,text,1,1
brfac4538,text,1,1
brfac4539,text,1,1
brfac454,text,1,1
brfac4540,text,1,1
brfac4541,text,1,1
brfac4542,text,1,1
brfac4543,text,1,1
brfac4544,text,1,1
brfac4545,text,1,1
brfac4546,text,1,1
brfac4547,text,1,1
brfac4548,text,1,1
brfac4549,text,1,1
brfac455,text,1,1
brfac4550,text,1,1
brfac4551,text,1,1
brfac4552,text,1,1
brfac4553,text,1,1
brfac4554,text,1,1
brfac4555,text,1,1
brfac4556,text,1,1
brfac4557,text,1,1
brfac4558,text,1,1
brfac4559,text,1,1
brfac456,text,1,1
brfac4560,text,1,1
brfac4561,text,1,1
brfac4562,text,1,1
brfac4563,text,1,1
brfac4564,text,1,1
brfac4565,text,1,1
brfac4566,text,1,1
brfac4567,text,1,1
brfac4568,text,1,1
brfac4569,text,1,1
brfac457,text,1,1
brfac4570,text,1,1
brfac4571,text,1,1
brfac4572,text,1,1
brfac4573,text,1,1
brfac4574,text,1,1
brfac4575,text,1,1
brfac4576,text,1,1
brfac4577,text,1,1
brfac4578,text,1,1
brfac4579,text,1,1
brfac458,text,1,1
brfac4580,text,1,1
brfac4581,text,1,1
brfac4582,text,1,1
brfac4583,text,1,1
brfac4584,text,1,1
brfac4585,text,1,1
brfac4586,text,1,1
brfac4587,text,1,1
brfac4588,text,1,1
brfac4589,text,1,1
brfac459,text,1,1
brfac4590,text,1,1
brfac4591,text,1,1
brfac4592,text,1,1
brfac4593,text,1,1
brfac4594,text,1,1
brfac4595,text,1,1
brfac4596,text,1,1
brfac4597,text,1,1
brfac4598,text,1,1
brfac4599,text,1,1
brfac46,text,1,1
brfac460,text,1,1
brfac4600,text,1,1
brfac4601,text,1,1
brfac4602,text,1,1
brfac4603,text,1,1
brfac4604,text,1,1
brfac4605,text,1,1
brfac4606,text,1,1
brfac4607,text,1,1
brfac4608,text,1,1
brfac4609,text,1,1
brfac461,text,1,1
brfac4610,text,1,1
brfac4611,text,1,1
brfac4612,text,1,1
brfac4613,text,1,1
brfac4614,text,1,1
brfac4615,text,1,1
brfac4616,text,1,1
brfac4617,text,1,1
brfac4618,text,1,1
brfac4619,text,1,1
brfac462,text,1,1
brfac4620,text,1,1
brfac4621,text,1,1
brfac4622,text,1,1
brfac4623,text,1,1
brfac4625,text,1,1
brfac4626,text,1,1
brfac4627,text,1,1
brfac4628,text,1,1
brfac4629,text,1,1
brfac463,text,1,1
brfac4630,text,1,1
brfac4631,text,1,1
brfac4632,text,1,1
brfac4633,text,1,1
brfac4634,text,1,1
brfac4635,text,1,1
brfac4636,text,1,1
brfac4637,text,1,1
brfac4638,text,1,1
brfac4639,text,1,1
brfac464,text,1,1
brfac4640,text,1,1
brfac4641,text,1,1
brfac4642,text,1,1
brfac4643,text,1,1
brfac4644,text,1,1
brfac4645,text,1,1
brfac4646,text,1,1
brfac4647,text,1,1
brfac4648,text,1,1
brfac4649,text,1,1
brfac465,text,1,1
brfac4650,text,1,1
brfac4651,text,1,1
brfac4652,text,1,1
brfac4653,text,1,1
brfac4654,text,1,1
brfac4655,text,1,1
brfac4656,text,1,1
brfac4657,text,1,1
brfac4658,text,1,1
brfac4659,text,1,1
brfac466,text,1,1
brfac4660,text,1,1
brfac4661,text,1,1
brfac4662,text,1,1
brfac4663,text,1,1
brfac4664,text,1,1
brfac4665,text,1,1
brfac4666,text,1,1
brfac4667,text,1,1
brfac4668,text,1,1
brfac4669,text,1,1
brfac467,text,1,1
brfac4670,text,1,1
brfac4671,text,1,1
brfac4672,text,1,1
brfac4673,text,1,1
brfac4674,text,1,1
brfac4675,text,1,1
brfac4676,text,1,1
brfac4677,text,1,1
brfac4678,text,1,1
brfac4679,text,1,1
brfac468,text,1,1
brfac4680,text,1,1
brfac4681,text,1,1
brfac4682,text,1,1
brfac4683,text,1,1
brfac4684,text,1,1
brfac4685,text,1,1
brfac4686,text,1,1
brfac4687,text,1,1
brfac4688,text,1,1
brfac4689,text,1,1
brfac469,text,1,1
brfac4690,text,1,1
brfac4691,text,1,1
brfac4692,text,1,1
brfac4693,text,1,1
brfac4694,text,1,1
brfac4695,text,1,1
brfac4696,text,1,1
brfac4697,text,1,1
brfac4698,text,1,1
brfac4699,text,1,1
brfac47,text,1,1
brfac470,text,1,1
brfac4700,text,1,1
brfac4701,text,1,1
brfac4702,text,1,1
brfac4703,text,1,1
brfac4704,text,1,1
brfac4705,text,1,1
brfac4706,text,1,1
brfac4707,text,1,1
brfac4708,text,1,1
brfac4709,text,1,1
brfac471,text,1,1
brfac4710,text,1,1
brfac4711,text,1,1
brfac4712,text,1,1
brfac4713,text,1,1
brfac4714,text,1,1
brfac4715,text,1,1
brfac4716,text,1,1
brfac4717,text,1,1
brfac4718,text,1,1
brfac4719,text,1,1
brfac472,text,1,1
brfac4720,text,1,1
brfac4721,text,1,1
brfac4722,text,1,1
brfac4723,text,1,1
brfac4724,text,1,1
brfac4725,text,1,1
brfac4726,text,1,1
brfac4727,text,1,1
brfac4728,text,1,1
brfac4729,text,1,1
brfac473,text,1,1
brfac4730,text,1,1
brfac4731,text,1,1
brfac4732,text,1,1
brfac4733,text,1,1
brfac4734,text,1,1
brfac4735,text,1,1
brfac4736,text,1,1
brfac4737,text,1,1
brfac4738,text,1,1
brfac4739,text,1,1
brfac474,text,1,1
brfac4740,text,1,1
brfac4741,text,1,1
brfac4742,text,1,1
brfac4743,text,1,1
brfac4744,text,1,1
brfac4745,text,1,1
brfac4746,text,1,1
brfac4747,text,1,1
brfac4748,text,1,1
brfac4749,text,1,1
brfac475,text,1,1
brfac4750,text,1,1
brfac4751,text,1,1
brfac4752,text,1,1
brfac4753,text,1,1
brfac4754,text,1,1
brfac4755,text,1,1
brfac4756,text,1,1
brfac4757,text,1,1
brfac4758,text,1,1
brfac4759,text,1,1
brfac476,text,1,1
brfac4760,text,1,1
brfac4762,text,1,1
brfac4763,text,1,1
brfac4764,text,1,1
brfac4765,text,1,1
brfac4766,text,1,1
brfac4767,text,1,1
brfac4768,text,1,1
brfac4769,text,1,1
brfac477,text,1,1
brfac4770,text,1,1
brfac4771,text,1,1
brfac4772,text,1,1
brfac4773,text,1,1
brfac4774,text,1,1
brfac4775,text,1,1
brfac4776,text,1,1
brfac4777,text,1,1
brfac4778,text,1,1
brfac4779,text,1,1
brfac478,text,1,1
brfac4780,text,1,1
brfac4781,text,1,1
brfac4782,text,1,1
brfac4783,text,1,1
brfac4784,text,1,1
brfac4785,text,1,1
brfac4786,text,1,1
brfac4787,text,1,1
brfac4788,text,1,1
brfac4789,text,1,1
brfac479,text,1,1
brfac4790,text,1,1
brfac4791,text,1,1
brfac4792,text,1,1
brfac4793,text,1,1
brfac4794,text,1,1
brfac4795,text,1,1
brfac4796,text,1,1
brfac4797,text,1,1
brfac4798,text,1,1
brfac4799,text,1,1
brfac48,text,1,1
brfac480,text,1,1
brfac4800,text,1,1
brfac4801,text,1,1
brfac4802,text,1,1
brfac4803,text,1,1
brfac4804,text,1,1
brfac4805,text,1,1
brfac4806,text,1,1
brfac4807,text,1,1
brfac4808,text,1,1
brfac4809,text,1,1
brfac481,text,1,1
brfac4810,text,1,1
brfac4811,text,1,1
brfac4812,text,1,1
brfac4813,text,1,1
brfac4814,text,1,1
brfac4815,text,1,1
brfac4816,text,1,1
brfac4817,text,1,1
brfac4818,text,1,1
brfac4819,text,1,1
brfac482,text,1,1
brfac4820,text,1,1
brfac4821,text,1,1
brfac4822,text,1,1
brfac4823,text,1,1
brfac4824,text,1,1
brfac4825,text,1,1
brfac4826,text,1,1
brfac4827,text,1,1
brfac4828,text,1,1
brfac4829,text,1,1
brfac483,text,1,1
brfac4830,text,1,1
brfac4831,text,1,1
brfac4832,text,1,1
brfac4833,text,1,1
brfac4834,text,1,1
brfac4835,text,1,1
brfac4836,text,1,1
brfac4837,text,1,1
brfac4838,text,1,1
brfac4839,text,1,1
brfac4840,text,1,1
brfac4841,text,1,1
brfac4842,text,1,1
brfac4843,text,1,1
brfac4844,text,1,1
brfac4845,text,1,1
brfac4846,text,1,1
brfac4847,text,1,1
brfac4848,text,1,1
brfac4849,text,1,1
brfac485,text,1,1
brfac4850,text,1,1
brfac4851,text,1,1
brfac4852,text,1,1
brfac4853,text,1,1
brfac4854,text,1,1
brfac4855,text,1,1
brfac4856,text,1,1
brfac4857,text,1,1
brfac4858,text,1,1
brfac4859,text,1,1
brfac486,text,1,1
brfac4860,text,1,1
brfac4861,text,1,1
brfac4862,text,1,1
brfac4863,text,1,1
brfac4864,text,1,1
brfac4865,text,1,1
brfac4866,text,1,1
brfac4867,text,1,1
brfac4868,text,1,1
brfac4869,text,1,1
brfac487,text,1,1
brfac4870,text,1,1
brfac4871,text,1,1
brfac4872,text,1,1
brfac4873,text,1,1
brfac4874,text,1,1
brfac4875,text,1,1
brfac4876,text,1,1
brfac4877,text,1,1
brfac4878,text,1,1
brfac4879,text,1,1
brfac488,text,1,1
brfac4880,text,1,1
brfac4881,text,1,1
brfac4882,text,1,1
brfac4883,text,1,1
brfac4884,text,1,1
brfac4885,text,1,1
brfac4886,text,1,1
brfac4887,text,1,1
brfac4888,text,1,1
brfac4889,text,1,1
brfac489,text,1,1
brfac4890,text,1,1
brfac4891,text,1,1
brfac4892,text,1,1
brfac4893,text,1,1
brfac4894,text,1,1
brfac4895,text,1,1
brfac4896,text,1,1
brfac4897,text,1,1
brfac4898,text,1,1
brfac4899,text,1,1
brfac490,text,1,1
brfac4900,text,1,1
brfac4901,text,1,1
brfac4902,text,1,1
brfac4903,text,1,1
brfac4904,text,1,1
brfac4905,text,1,1
brfac4906,text,1,1
brfac4907,text,1,1
brfac4908,text,1,1
brfac4909,text,1,1
brfac491,text,1,1
brfac4910,text,1,1
brfac4911,text,1,1
brfac4912,text,1,1
brfac4914,text,1,1
brfac4915,text,1,1
brfac4916,text,1,1
brfac4917,text,1,1
brfac4918,text,1,1
brfac4919,text,1,1
brfac492,text,1,1
brfac4920,text,1,1
brfac4921,text,1,1
brfac4922,text,1,1
brfac4923,text,1,1
brfac4924,text,1,1
brfac4925,text,1,1
brfac4926,text,1,1
brfac4927,text,1,1
brfac4928,text,1,1
brfac4929,text,1,1
brfac493,text,1,1
brfac4930,text,1,1
brfac4931,text,1,1
brfac4932,text,1,1
brfac4933,text,1,1
brfac4934,text,1,1
brfac4935,text,1,1
brfac4936,text,1,1
brfac4937,text,1,1
brfac4938,text,1,1
brfac4939,text,1,1
brfac494,text,1,1
brfac4940,text,1,1
brfac4941,text,1,1
brfac4942,text,1,1
brfac4943,text,1,1
brfac4944,text,1,1
brfac4945,text,1,1
brfac4946,text,1,1
brfac4947,text,1,1
brfac4948,text,1,1
brfac4949,text,1,1
brfac495,text,1,1
brfac4950,text,1,1
brfac4951,text,1,1
brfac4952,text,1,1
brfac4953,text,1,1
brfac4954,text,1,1
brfac4955,text,1,1
brfac4956,text,1,1
brfac4957,text,1,1
brfac4958,text,1,1
brfac4959,text,1,1
brfac496,text,1,1
brfac4960,text,1,1
brfac4961,text,1,1
brfac4962,text,1,1
brfac4963,text,1,1
brfac4964,text,1,1
brfac4965,text,1,1
brfac4966,text,1,1
brfac4967,text,1,1
brfac4968,text,1,1
brfac4969,text,1,1
brfac497,text,1,1
brfac4970,text,1,1
brfac4971,text,1,1
brfac4972,text,1,1
brfac4973,text,1,1
brfac4974,text,1,1
brfac4975,text,1,1
brfac4976,text,1,1
brfac4977,text,1,1
brfac4978,text,1,1
brfac4979,text,1,1
brfac498,text,1,1
brfac4980,text,1,1
brfac4981,text,1,1
brfac4982,text,1,1
brfac4983,text,1,1
brfac4984,text,1,1
brfac4985,text,1,1
brfac4986,text,1,1
brfac4987,text,1,1
brfac4988,text,1,1
brfac4989,text,1,1
brfac499,text,1,1
brfac4990,text,1,1
brfac4991,text,1,1
brfac4992,text,1,1
brfac4993,text,1,1
brfac4994,text,1,1
brfac4995,text,1,1
brfac4996,text,1,1
brfac4997,text,1,1
brfac4998,text,1,1
brfac4999,text,1,1
brfac5,text,1,1
brfac50,text,1,1
brfac500,text,1,1
brfac5000,text,1,1
brfac5001,text,1,1
brfac5002,text,1,1
brfac5003,text,1,1
brfac5004,text,1,1
brfac5005,text,1,1
brfac5006,text,1,1
brfac5007,text,1,1
brfac5008,text,1,1
brfac5009,text,1,1
brfac501,text,1,1
brfac5010,text,1,1
brfac5011,text,1,1
brfac5012,text,1,1
brfac5013,text,1,1
brfac5014,text,1,1
brfac5015,text,1,1
brfac5016,text,1,1
brfac5017,text,1,1
brfac5018,text,1,1
brfac5019,text,1,1
brfac502,text,1,1
brfac5020,text,1,1
brfac5021,text,1,1
brfac5022,text,1,1
brfac5023,text,1,1
brfac5024,text,1,1
brfac5025,text,1,1
brfac5026,text,1,1
brfac5027,text,1,1
brfac5028,text,1,1
brfac5029,text,1,1
brfac503,text,1,1
brfac5030,text,1,1
brfac5031,text,1,1
brfac5032,text,1,1
brfac5033,text,1,1
brfac5034,text,1,1
brfac5035,text,1,1
brfac5036,text,1,1
brfac5037,text,1,1
brfac5038,text,1,1
brfac5039,text,1,1
brfac504,text,1,1
brfac5040,text,1,1
brfac5042,text,1,1
brfac5043,text,1,1
brfac5044,text,1,1
brfac5045,text,1,1
brfac5046,text,1,1
brfac5047,text,1,1
brfac5048,text,1,1
brfac5049,text,1,1
brfac505,text,1,1
brfac5050,text,1,1
brfac5051,text,1,1
brfac5052,text,1,1
brfac5053,text,1,1
brfac5054,text,1,1
brfac5055,text,1,1
brfac5056,text,1,1
brfac5057,text,1,1
brfac5058,text,1,1
brfac5059,text,1,1
brfac506,text,1,1
brfac5060,text,1,1
brfac5061,text,1,1
brfac5062,text,1,1
brfac5063,text,1,1
brfac5064,text,1,1
brfac5065,text,1,1
brfac5066,text,1,1
brfac5067,text,1,1
brfac5068,text,1,1
brfac5069,text,1,1
brfac507,text,1,1
brfac5070,text,1,1
brfac5071,text,1,1
brfac5072,text,1,1
brfac5073,text,1,1
brfac5074,text,1,1
brfac5075,text,1,1
brfac5076,text,1,1
brfac5077,text,1,1
brfac5078,text,1,1
brfac5079,text,1,1
brfac508,text,1,1
brfac5080,text,1,1
brfac5081,text,1,1
brfac5082,text,1,1
brfac5083,text,1,1
brfac5084,text,1,1
brfac5085,text,1,1
brfac5086,text,1,1
brfac5087,text,1,1
brfac5088,text,1,1
brfac5089,text,1,1
brfac509,text,1,1
brfac5090,text,1,1
brfac5091,text,1,1
brfac5092,text,1,1
brfac5093,text,1,1
brfac5094,text,1,1
brfac5095,text,1,1
brfac5096,text,1,1
brfac5097,text,1,1
brfac5098,text,1,1
brfac5099,text,1,1
brfac51,text,1,1
brfac510,text,1,1
brfac5100,text,1,1
brfac5101,text,1,1
brfac5102,text,1,1
brfac5103,text,1,1
brfac5104,text,1,1
brfac5105,text,1,1
brfac5106,text,1,1
brfac5107,text,1,1
brfac5108,text,1,1
brfac5109,text,1,1
brfac511,text,1,1
brfac5110,text,1,1
brfac5111,text,1,1
brfac5112,text,1,1
brfac5113,text,1,1
brfac5114,text,1,1
brfac5115,text,1,1
brfac5116,text,1,1
brfac5117,text,1,1
brfac5118,text,1,1
brfac5119,text,1,1
brfac5120,text,1,1
brfac5121,text,1,1
brfac5122,text,1,1
brfac5123,text,1,1
brfac5124,text,1,1
brfac5125,text,1,1
brfac5126,text,1,1
brfac5127,text,1,1
brfac5128,text,1,1
brfac5129,text,1,1
brfac513,text,1,1
brfac5130,text,1,1
brfac5131,text,1,1
brfac5132,text,1,1
brfac5133,text,1,1
brfac5134,text,1,1
brfac5135,text,1,1
brfac5136,text,1,1
brfac5137,text,1,1
brfac5138,text,1,1
brfac5139,text,1,1
brfac514,text,1,1
brfac5140,text,1,1
brfac5141,text,1,1
brfac5142,text,1,1
brfac5143,text,1,1
brfac5144,text,1,1
brfac5145,text,1,1
brfac5146,text,1,1
brfac5147,text,1,1
brfac5148,text,1,1
brfac5149,text,1,1
brfac515,text,1,1
brfac5150,text,1,1
brfac5151,text,1,1
brfac5152,text,1,1
brfac5153,text,1,1
brfac5154,text,1,1
brfac5155,text,1,1
brfac5156,text,1,1
brfac5157,text,1,1
brfac5158,text,1,1
brfac5159,text,1,1
brfac516,text,1,1
brfac5160,text,1,1
brfac5161,text,1,1
brfac5162,text,1,1
brfac5163,text,1,1
brfac5164,text,1,1
brfac5165,text,1,1
brfac5166,text,1,1
brfac5167,text,1,1
brfac5168,text,1,1
brfac5169,text,1,1
brfac517,text,1,1
brfac5170,text,1,1
brfac5171,text,1,1
brfac5172,text,1,1
brfac5173,text,1,1
brfac5174,text,1,1
brfac5175,text,1,1
brfac5176,text,1,1
brfac5177,text,1,1
brfac5178,text,1,1
brfac5179,text,1,1
brfac518,text,1,1
brfac5180,text,1,1
brfac5181,text,1,1
brfac5182,text,1,1
brfac5183,text,1,1
brfac5185,text,1,1
brfac5186,text,1,1
brfac5187,text,1,1
brfac5188,text,1,1
brfac5189,text,1,1
brfac519,text,1,1
brfac5190,text,1,1
brfac5191,text,1,1
brfac5192,text,1,1
brfac5193,text,1,1
brfac5194,text,1,1
brfac5195,text,1,1
brfac5196,text,1,1
brfac5197,text,1,1
brfac5198,text,1,1
brfac5199,text,1,1
brfac52,text,1,1
brfac520,text,1,1
brfac5200,text,1,1
brfac5201,text,1,1
brfac5202,text,1,1
brfac5203,text,1,1
brfac5204,text,1,1
brfac5205,text,1,1
brfac5206,text,1,1
brfac5207,text,1,1
brfac5208,text,1,1
brfac5209,text,1,1
brfac521,text,1,1
brfac5210,text,1,1
brfac5211,text,1,1
brfac5212,text,1,1
brfac5213,text,1,1
brfac5214,text,1,1
brfac5215,text,1,1
brfac5216,text,1,1
brfac5217,text,1,1
brfac5218,text,1,1
brfac5219,text,1,1
brfac522,text,1,1
brfac5220,text,1,1
brfac5221,text,1,1
brfac5222,text,1,1
brfac5223,text,1,1
brfac5224,text,1,1
brfac5225,text,1,1
brfac5226,text,1,1
brfac5227,text,1,1
brfac5228,text,1,1
brfac5229,text,1,1
brfac523,text,1,1
brfac5230,text,1,1
brfac5231,text,1,1
brfac5232,text,1,1
brfac5233,text,1,1
brfac5234,text,1,1
brfac5235,text,1,1
brfac5236,text,1,1
brfac5237,text,1,1
brfac5238,text,1,1
brfac5239,text,1,1
brfac524,text,1,1
brfac5240,text,1,1
brfac5241,text,1,1
brfac5242,text,1,1
brfac5243,text,1,1
brfac5244,text,1,1
brfac5245,text,1,1
brfac5246,text,1,1
brfac5247,text,1,1
brfac5248,text,1,1
brfac5249,text,1,1
brfac525,text,1,1
brfac5250,text,1,1
brfac5251,text,1,1
brfac5252,text,1,1
brfac5253,text,1,1
brfac5254,text,1,1
brfac5255,text,1,1
brfac5256,text,1,1
brfac5257,text,1,1
brfac5258,text,1,1
brfac5259,text,1,1
brfac526,text,1,1
brfac5260,text,1,1
brfac5261,text,1,1
brfac5262,text,1,1
brfac5263,text,1,1
brfac5264,text,1,1
brfac5265,text,1,1
brfac5266,text,1,1
brfac5267,text,1,1
brfac5268,text,1,1
brfac5269,text,1,1
brfac527,text,1,1
brfac5270,text,1,1
brfac5271,text,1,1
brfac5272,text,1,1
brfac5273,text,1,1
brfac5274,text,1,1
brfac5275,text,1,1
brfac5276,text,1,1
brfac5277,text,1,1
brfac5278,text,1,1
brfac5279,text,1,1
brfac528,text,1,1
brfac5280,text,1,1
brfac5281,text,1,1
brfac5282,text,1,1
brfac5283,text,1,1
brfac5284,text,1,1
brfac5285,text,1,1
brfac5286,text,1,1
brfac5287,text,1,1
brfac5288,text,1,1
brfac5289,text,1,1
brfac5290,text,1,1
brfac5291,text,1,1
brfac5292,text,1,1
brfac5293,text,1,1
brfac5294,text,1,1
brfac5295,text,1,1
brfac5296,text,1,1
brfac5297,text,1,1
brfac5298,text,1,1
brfac5299,text,1,1
brfac53,text,1,1
brfac530,text,1,1
brfac5300,text,1,1
brfac5301,text,1,1
brfac5302,text,1,1
brfac5303,text,1,1
brfac5304,text,1,1
brfac5305,text,1,1
brfac5306,text,1,1
brfac5307,text,1,1
brfac5308,text,1,1
brfac5309,text,1,1
brfac531,text,1,1
brfac5310,text,1,1
brfac5311,text,1,1
brfac5312,text,1,1
brfac5313,text,1,1
brfac5314,text,1,1
brfac5315,text,1,1
brfac5316,text,1,1
brfac5317,text,1,1
brfac5318,text,1,1
brfac5319,text,1,1
brfac532,text,1,1
brfac5320,text,1,1
brfac5321,text,1,1
brfac5322,text,1,1
brfac5323,text,1,1
brfac5324,text,1,1
brfac5325,text,1,1
brfac5326,text,1,1
brfac5327,text,1,1
brfac5328,text,1,1
brfac533,text,1,1
brfac5330,text,1,1
brfac5331,text,1,1
brfac5332,text,1,1
brfac5333,text,1,1
brfac5334,text,1,1
brfac5335,text,1,1
brfac5336,text,1,1
brfac5337,text,1,1
brfac5338,text,1,1
brfac5339,text,1,1
brfac534,text,1,1
brfac5340,text,1,1
brfac5341,text,1,1
brfac5342,text,1,1
brfac5343,text,1,1
brfac5344,text,1,1
brfac5345,text,1,1
brfac5346,text,1,1
brfac5347,text,1,1
brfac5348,text,1,1
brfac5349,text,1,1
brfac535,text,1,1
brfac5350,text,1,1
brfac5351,text,1,1
brfac5352,text,1,1
brfac5353,text,1,1
brfac5354,text,1,1
brfac5355,text,1,1
brfac5356,text,1,1
brfac5357,text,1,1
brfac5358,text,1,1
brfac5359,text,1,1
brfac536,text,1,1
brfac5360,text,1,1
brfac5361,text,1,1
brfac5362,text,1,1
brfac5363,text,1,1
brfac5364,text,1,1
brfac5365,text,1,1
brfac5366,text,1,1
brfac5367,text,1,1
brfac5368,text,1,1
brfac5369,text,1,1
brfac537,text,1,1
brfac5370,text,1,1
brfac5371,text,1,1
brfac5372,text,1,1
brfac5373,text,1,1
brfac5374,text,1,1
brfac5375,text,1,1
brfac5376,text,1,1
brfac5377,text,1,1
brfac5378,text,1,1
brfac5379,text,1,1
brfac538,text,1,1
brfac5380,text,1,1
brfac5381,text,1,1
brfac5382,text,1,1
brfac5383,text,1,1
brfac5384,text,1,1
brfac5385,text,1,1
brfac5386,text,1,1
brfac5387,text,1,1
brfac5388,text,1,1
brfac5389,text,1,1
brfac539,text,1,1
brfac5390,text,1,1
brfac5391,text,1,1
brfac5392,text,1,1
brfac5393,text,1,1
brfac5394,text,1,1
brfac5395,text,1,1
brfac5396,text,1,1
brfac5397,text,1,1
brfac5398,text,1,1
brfac5399,text,1,1
brfac54,text,1,1
brfac540,text,1,1
brfac5400,text,1,1
brfac5401,text,1,1
brfac5402,text,1,1
brfac5403,text,1,1
brfac5404,text,1,1
brfac5405,text,1,1
brfac5406,text,1,1
brfac5407,text,1,1
brfac5408,text,1,1
brfac5409,text,1,1
brfac541,text,1,1
brfac5410,text,1,1
brfac5411,text,1,1
brfac5412,text,1,1
brfac5413,text,1,1
brfac5414,text,1,1
brfac5415,text,1,1
brfac5416,text,1,1
brfac5417,text,1,1
brfac5418,text,1,1
brfac5419,text,1,1
brfac542,text,1,1
brfac5420,text,1,1
brfac5421,text,1,1
brfac5422,text,1,1
brfac5423,text,1,1
brfac5424,text,1,1
brfac5425,text,1,1
brfac5426,text,1,1
brfac5427,text,1,1
brfac5428,text,1,1
brfac5429,text,1,1
brfac543,text,1,1
brfac5430,text,1,1
brfac5431,text,1,1
brfac5432,text,1,1
brfac5433,text,1,1
brfac5434,text,1,1
brfac5435,text,1,1
brfac5436,text,1,1
brfac5437,text,1,1
brfac5438,text,1,1
brfac5439,text,1,1
brfac544,text,1,1
brfac5440,text,1,1
brfac5441,text,1,1
brfac5442,text,1,1
brfac5443,text,1,1
brfac5444,text,1,1
brfac5445,text,1,1
brfac5446,text,1,1
brfac5447,text,1,1
brfac5448,text,1,1
brfac5449,text,1,1
brfac545,text,1,1
brfac5450,text,1,1
brfac5451,text,1,1
brfac5452,text,1,1
brfac5453,text,1,1
brfac5454,text,1,1
brfac5455,text,1,1
brfac5456,text,1,1
brfac5457,text,1,1
brfac5458,text,1,1
brfac5459,text,1,1
brfac546,text,1,1
brfac5460,text,1,1
brfac5461,text,1,1
brfac5462,text,1,1
brfac5463,text,1,1
brfac5464,text,1,1
brfac5465,text,1,1
brfac5466,text,1,1
brfac5467,text,1,1
brfac5468,text,1,1
brfac5469,text,1,1
brfac547,text,1,1
brfac5470,text,1,1
brfac5471,text,1,1
brfac5472,text,1,1
brfac5473,text,1,1
brfac5474,text,1,1
brfac5475,text,1,1
brfac5477,text,1,1
brfac5478,text,1,1
brfac5479,text,1,1
brfac548,text,1,1
brfac5480,text,1,1
brfac5481,text,1,1
brfac5482,text,1,1
brfac5483,text,1,1
brfac5484,text,1,1
brfac5485,text,1,1
brfac5486,text,1,1
brfac5487,text,1,1
brfac5488,text,1,1
brfac5489,text,1,1
brfac549,text,1,1
brfac5490,text,1,1
brfac5491,text,1,1
brfac5492,text,1,1
brfac5493,text,1,1
brfac5494,text,1,1
brfac5495,text,1,1
brfac5496,text,1,1
brfac5497,text,1,1
brfac5498,text,1,1
brfac5499,text,1,1
brfac55,text,1,1
brfac550,text,1,1
brfac5500,text,1,1
brfac5501,text,1,1
brfac5502,text,1,1
brfac5503,text,1,1
brfac5504,text,1,1
brfac5505,text,1,1
brfac5506,text,1,1
brfac5507,text,1,1
brfac5508,text,1,1
brfac5509,text,1,1
brfac551,text,1,1
brfac5510,text,1,1
brfac5511,text,1,1
brfac5512,text,1,1
brfac5513,text,1,1
brfac5514,text,1,1
brfac5515,text,1,1
brfac5516,text,1,1
brfac5517,text,1,1
brfac5518,text,1,1
brfac5519,text,1,1
brfac552,text,1,1
brfac5520,text,1,1
brfac5521,text,1,1
brfac5522,text,1,1
brfac5523,text,1,1
brfac5524,text,1,1
brfac5525,text,1,1
brfac5526,text,1,1
brfac5527,text,1,1
brfac5528,text,1,1
brfac5529,text,1,1
brfac553,text,1,1
brfac5530,text,1,1
brfac5531,text,1,1
brfac5532,text,1,1
brfac5533,text,1,1
brfac5534,text,1,1
brfac5535,text,1,1
brfac5536,text,1,1
brfac5537,text,1,1
brfac5538,text,1,1
brfac5539,text,1,1
brfac554,text,1,1
brfac5540,text,1,1
brfac5541,text,1,1
brfac5542,text,1,1
brfac5543,text,1,1
brfac5544,text,1,1
brfac5545,text,1,1
brfac5546,text,1,1
brfac5547,text,1,1
brfac5548,text,1,1
brfac5549,text,1,1
brfac555,text,1,1
brfac5550,text,1,1
brfac5551,text,1,1
brfac5552,text,1,1
brfac5553,text,1,1
brfac5554,text,1,1
brfac5555,text,1,1
brfac5556,text,1,1
brfac5557,text,1,1
brfac5558,text,1,1
brfac5559,text,1,1
brfac556,text,1,1
brfac5560,text,1,1
brfac5561,text,1,1
brfac5562,text,1,1
brfac5563,text,1,1
brfac5564,text,1,1
brfac5565,text,1,1
brfac5566,text,1,1
brfac5567,text,1,1
brfac5568,text,1,1
brfac5569,text,1,1
brfac557,text,1,1
brfac5570,text,1,1
brfac5571,text,1,1
brfac5572,text,1,1
brfac5573,text,1,1
brfac5574,text,1,1
brfac5575,text,1,1
brfac5576,text,1,1
brfac5577,text,1,1
brfac5578,text,1,1
brfac5579,text,1,1
brfac558,text,1,1
brfac5580,text,1,1
brfac5581,text,1,1
brfac5582,text,1,1
brfac5583,text,1,1
brfac5584,text,1,1
brfac5585,text,1,1
brfac5586,text,1,1
brfac5587,text,1,1
brfac5588,text,1,1
brfac5589,text,1,1
brfac559,text,1,1
brfac5590,text,1,1
brfac5591,text,1,1
brfac5592,text,1,1
brfac5593,text,1,1
brfac5594,text,1,1
brfac5595,text,1,1
brfac5596,text,1,1
brfac5597,text,1,1
brfac5598,text,1,1
brfac5599,text,1,1
brfac56,text,1,1
brfac560,text,1,1
brfac5600,text,1,1
brfac5601,text,1,1
brfac5602,text,1,1
brfac5603,text,1,1
brfac5604,text,1,1
brfac5605,text,1,1
brfac5606,text,1,1
brfac5607,text,1,1
brfac5608,text,1,1
brfac5609,text,1,1
brfac561,text,1,1
brfac5610,text,1,1
brfac5611,text,1,1
brfac5612,text,1,1
brfac5613,text,1,1
brfac5614,text,1,1
brfac5615,text,1,1
brfac5616,text,1,1
brfac5617,text,1,1
brfac5618,text,1,1
brfac5619,text,1,1
brfac562,text,1,1
brfac5620,text,1,1
brfac5621,text,1,1
brfac5622,text,1,1
brfac5623,text,1,1
brfac5624,text,1,1
brfac5626,text,1,1
brfac5627,text,1,1
brfac5628,text,1,1
brfac5629,text,1,1
brfac563,text,1,1
brfac5630,text,1,1
brfac5631,text,1,1
brfac5632,text,1,1
brfac5633,text,1,1
brfac5634,text,1,1
brfac5635,text,1,1
brfac5636,text,1,1
brfac5637,text,1,1
brfac5638,text,1,1
brfac5639,text,1,1
brfac564,text,1,1
brfac5640,text,1,1
brfac5641,text,1,1
brfac5642,text,1,1
brfac5643,text,1,1
brfac5644,text,1,1
brfac5645,text,1,1
brfac5646,text,1,1
brfac5647,text,1,1
brfac5648,text,1,1
brfac5649,text,1,1
brfac565,text,1,1
brfac5650,text,1,1
brfac5651,text,1,1
brfac5652,text,1,1
brfac5653,text,1,1
brfac5654,text,1,1
brfac5655,text,1,1
brfac5656,text,1,1
brfac5657,text,1,1
brfac5658,text,1,1
brfac5659,text,1,1
brfac566,text,1,1
brfac5660,text,1,1
brfac5661,text,1,1
brfac5662,text,1,1
brfac5663,text,1,1
brfac5664,text,1,1
brfac5665,text,1,1
brfac5666,text,1,1
brfac5667,text,1,1
brfac5668,text,1,1
brfac5669,text,1,1
brfac567,text,1,1
brfac5670,text,1,1
brfac5671,text,1,1
brfac5672,text,1,1
brfac5673,text,1,1
brfac5674,text,1,1
brfac5675,text,1,1
brfac5676,text,1,1
brfac5677,text,1,1
brfac5678,text,1,1
brfac5679,text,1,1
brfac568,text,1,1
brfac5680,text,1,1
brfac5681,text,1,1
brfac5682,text,1,1
brfac5683,text,1,1
brfac5684,text,1,1
brfac5685,text,1,1
brfac5686,text,1,1
brfac5687,text,1,1
brfac5688,text,1,1
brfac5689,text,1,1
brfac569,text,1,1
brfac5690,text,1,1
brfac5691,text,1,1
brfac5692,text,1,1
brfac5693,text,1,1
brfac5694,text,1,1
brfac5695,text,1,1
brfac5696,text,1,1
brfac5697,text,1,1
brfac5698,text,1,1
brfac5699,text,1,1
brfac57,text,1,1
brfac570,text,1,1
brfac5700,text,1,1
brfac5701,text,1,1
brfac5702,text,1,1
brfac5703,text,1,1
brfac5704,text,1,1
brfac5705,text,1,1
brfac5706,text,1,1
brfac5707,text,1,1
brfac5708,text,1,1
brfac5709,text,1,1
brfac571,text,1,1
brfac5710,text,1,1
brfac5711,text,1,1
brfac5712,text,1,1
brfac5713,text,1,1
brfac5714,text,1,1
brfac5715,text,1,1
brfac5716,text,1,1
brfac5717,text,1,1
brfac5718,text,1,1
brfac5719,text,1,1
brfac572,text,1,1
brfac5720,text,1,1
brfac5721,text,1,1
brfac5722,text,1,1
brfac5723,text,1,1
brfac5724,text,1,1
brfac5725,text,1,1
brfac5726,text,1,1
brfac5727,text,1,1
brfac5728,text,1,1
brfac5729,text,1,1
brfac573,text,1,1
brfac5730,text,1,1
brfac5731,text,1,1
brfac5732,text,1,1
brfac5733,text,1,1
brfac5734,text,1,1
brfac5735,text,1,1
brfac5736,text,1,1
brfac5737,text,1,1
brfac5738,text,1,1
brfac5739,text,1,1
brfac574,text,1,1
brfac5740,text,1,1
brfac5741,text,1,1
brfac5742,text,1,1
brfac5743,text,1,1
brfac5744,text,1,1
brfac5745,text,1,1
brfac5746,text,1,1
brfac5747,text,1,1
brfac5748,text,1,1
brfac5749,text,1,1
brfac575,text,1,1
brfac5750,text,1,1
brfac5751,text,1,1
brfac5752,text,1,1
brfac5753,text,1,1
brfac5754,text,1,1
brfac5755,text,1,1
brfac5756,text,1,1
brfac5757,text,1,1
brfac5758,text,1,1
brfac5759,text,1,1
brfac5760,text,1,1
brfac5761,text,1,1
brfac5762,text,1,1
brfac5763,text,1,1
brfac5764,text,1,1
brfac5765,text,1,1
brfac5766,text,1,1
brfac5767,text,1,1
brfac5768,text,1,1
brfac5769,text,1,1
brfac577,text,1,1
brfac5770,text,1,1
brfac5771,text,1,1
brfac5772,text,1,1
brfac5773,text,1,1
brfac5774,text,1,1
brfac5775,text,1,1
brfac5776,text,1,1
brfac5777,text,1,1
brfac5778,text,1,1
brfac5779,text,1,1
brfac578,text,1,1
brfac5780,text,1,1
brfac5781,text,1,1
brfac5782,text,1,1
brfac5783,text,1,1
brfac5784,text,1,1
brfac5785,text,1,1
brfac5786,text,1,1
brfac5787,text,1,1
brfac5788,text,1,1
brfac5789,text,1,1
brfac579,text,1,1
brfac5790,text,1,1
brfac5791,text,1,1
brfac5792,text,1,1
brfac5793,text,1,1
brfac5794,text,1,1
brfac5795,text,1,1
brfac5796,text,1,1
brfac5797,text,1,1
brfac5798,text,1,1
brfac5799,text,1,1
brfac58,text,1,1
brfac580,text,1,1
brfac5800,text,1,1
brfac5801,text,1,1
brfac5802,text,1,1
brfac5803,text,1,1
brfac5804,text,1,1
brfac5805,text,1,1
brfac5806,text,1,1
brfac5807,text,1,1
brfac5808,text,1,1
brfac5809,text,1,1
brfac581,text,1,1
brfac5810,text,1,1
brfac5811,text,1,1
brfac5812,text,1,1
brfac5813,text,1,1
brfac5814,text,1,1
brfac5815,text,1,1
brfac5816,text,1,1
brfac5817,text,1,1
brfac5818,text,1,1
brfac5819,text,1,1
brfac582,text,1,1
brfac5820,text,1,1
brfac5821,text,1,1
brfac5822,text,1,1
brfac5823,text,1,1
brfac5824,text,1,1
brfac5825,text,1,1
brfac5826,text,1,1
brfac5827,text,1,1
brfac5828,text,1,1
brfac5829,text,1,1
brfac583,text,1,1
brfac5830,text,1,1
brfac5831,text,1,1
brfac5833,text,1,1
brfac5834,text,1,1
brfac5835,text,1,1
brfac5836,text,1,1
brfac5837,text,1,1
brfac5838,text,1,1
brfac5839,text,1,1
brfac584,text,1,1
brfac5840,text,1,1
brfac5841,text,1,1
brfac5842,text,1,1
brfac5843,text,1,1
brfac5844,text,1,1
brfac5845,text,1,1
brfac5846,text,1,1
brfac5847,text,1,1
brfac5848,text,1,1
brfac5849,text,1,1
brfac585,text,1,1
brfac5850,text,1,1
brfac5851,text,1,1
brfac5852,text,1,1
brfac5853,text,1,1
brfac5854,text,1,1
brfac5855,text,1,1
brfac5856,text,1,1
brfac5857,text,1,1
brfac5858,text,1,1
brfac5859,text,1,1
brfac586,text,1,1
brfac5860,text,1,1
brfac5861,text,1,1
brfac5862,text,1,1
brfac5863,text,1,1
brfac5864,text,1,1
brfac5865,text,1,1
brfac5866,text,1,1
brfac5867,text,1,1
brfac5868,text,1,1
brfac5869,text,1,1
brfac587,text,1,1
brfac5870,text,1,1
brfac5871,text,1,1
brfac5872,text,1,1
brfac5873,text,1,1
brfac5874,text,1,1
brfac5875,text,1,1
brfac5876,text,1,1
brfac5877,text,1,1
brfac5878,text,1,1
brfac5879,text,1,1
brfac588,text,1,1
brfac5880,text,1,1
brfac5881,text,1,1
brfac5882,text,1,1
brfac5883,text,1,1
brfac5884,text,1,1
brfac5885,text,1,1
brfac5886,text,1,1
brfac5887,text,1,1
brfac5888,text,1,1
brfac5889,text,1,1
brfac589,text,1,1
brfac5890,text,1,1
brfac5891,text,1,1
brfac5892,text,1,1
brfac5893,text,1,1
brfac5894,text,1,1
brfac5895,text,1,1
brfac5896,text,1,1
brfac5897,text,1,1
brfac5898,text,1,1
brfac5899,text,1,1
brfac59,text,1,1
brfac590,text,1,1
brfac5900,text,1,1
brfac5901,text,1,1
brfac5902,text,1,1
brfac5903,text,1,1
brfac5904,text,1,1
brfac5905,text,1,1
brfac5906,text,1,1
brfac5907,text,1,1
brfac5908,text,1,1
brfac5909,text,1,1
brfac591,text,1,1
brfac5910,text,1,1
brfac5911,text,1,1
brfac5912,text,1,1
brfac5913,text,1,1
brfac5914,text,1,1
brfac5915,text,1,1
brfac5916,text,1,1
brfac5917,text,1,1
brfac5918,text,1,1
brfac5919,text,1,1
brfac592,text,1,1
brfac5920,text,1,1
brfac5921,text,1,1
brfac5922,text,1,1
brfac5923,text,1,1
brfac5924,text,1,1
brfac5925,text,1,1
brfac5926,text,1,1
brfac5927,text,1,1
brfac5928,text,1,1
brfac593,text,1,1
brfac5930,text,1,1
brfac5931,text,1,1
brfac5932,text,1,1
brfac5933,text,1,1
brfac5934,text,1,1
brfac5935,text,1,1
brfac5936,text,1,1
brfac5937,text,1,1
brfac5938,text,1,1
brfac5939,text,1,1
brfac594,text,1,1
brfac5940,text,1,1
brfac5941,text,1,1
brfac5942,text,1,1
brfac5943,text,1,1
brfac5944,text,1,1
brfac5945,text,1,1
brfac5946,text,1,1
brfac5947,text,1,1
brfac5948,text,1,1
brfac5949,text,1,1
brfac595,text,1,1
brfac5950,text,1,1
brfac5951,text,1,1
brfac5952,text,1,1
brfac5953,text,1,1
brfac5954,text,1,1
brfac5955,text,1,1
brfac5956,text,1,1
brfac5957,text,1,1
brfac5958,text,1,1
brfac5959,text,1,1
brfac596,text,1,1
brfac5960,text,1,1
brfac5961,text,1,1
brfac5962,text,1,1
brfac5963,text,1,1
brfac5964,text,1,1
brfac5965,text,1,1
brfac5966,text,1,1
brfac5967,text,1,1
brfac5968,text,1,1
brfac5969,text,1,1
brfac597,text,1,1
brfac5970,text,1,1
brfac5971,text,1,1
brfac5972,text,1,1
brfac5973,text,1,1
brfac5974,text,1,1
brfac5975,text,1,1
brfac5976,text,1,1
brfac5977,text,1,1
brfac5978,text,1,1
brfac5979,text,1,1
brfac598,text,1,1
brfac5980,text,1,1
brfac5981,text,1,1
brfac5982,text,1,1
brfac5983,text,1,1
brfac5984,text,1,1
brfac5985,text,1,1
brfac5986,text,1,1
brfac5987,text,1,1
brfac5988,text,1,1
brfac5989,text,1,1
brfac599,text,1,1
brfac5990,text,1,1
brfac5991,text,1,1
brfac5992,text,1,1
brfac5993,text,1,1
brfac5994,text,1,1
brfac5995,text,1,1
brfac5996,text,1,1
brfac5997,text,1,1
brfac5998,text,1,1
brfac5999,text,1,1
brfac6,text,1,1
brfac60,text,1,1
brfac600,text,1,1
brfac6000,text,1,1
brfac6001,text,1,1
brfac6002,text,1,1
brfac6003,text,1,1
brfac6004,text,1,1
brfac6005,text,1,1
brfac6006,text,1,1
brfac6007,text,1,1
brfac6008,text,1,1
brfac6009,text,1,1
brfac601,text,1,1
brfac6010,text,1,1
brfac6011,text,1,1
brfac6012,text,1,1
brfac6013,text,1,1
brfac6014,text,1,1
brfac6015,text,1,1
brfac6016,text,1,1
brfac6017,text,1,1
brfac6018,text,1,1
brfac6019,text,1,1
brfac602,text,1,1
brfac6020,text,1,1
brfac6021,text,1,1
brfac6022,text,1,1
brfac6023,text,1,1
brfac6024,text,1,1
brfac6025,text,1,1
brfac6026,text,1,1
brfac6027,text,1,1
brfac6028,text,1,1
brfac6029,text,1,1
brfac603,text,1,1
brfac6030,text,1,1
brfac6031,text,1,1
brfac6032,text,1,1
brfac6033,text,1,1
brfac6034,text,1,1
brfac6035,text,1,1
brfac6036,text,1,1
brfac6037,text,1,1
brfac6038,text,1,1
brfac6039,text,1,1
brfac604,text,1,1
brfac6040,text,1,1
brfac6041,text,1,1
brfac6042,text,1,1
brfac6043,text,1,1
brfac6044,text,1,1
brfac6045,text,1,1
brfac6046,text,1,1
brfac6047,text,1,1
brfac6048,text,1,1
brfac6049,text,1,1
brfac605,text,1,1
brfac6050,text,1,1
brfac6051,text,1,1
brfac6052,text,1,1
brfac6053,text,1,1
brfac6054,text,1,1
brfac6055,text,1,1
brfac6056,text,1,1
brfac6057,text,1,1
brfac6058,text,1,1
brfac6059,text,1,1
brfac606,text,1,1
brfac6060,text,1,1
brfac6061,text,1,1
brfac6062,text,1,1
brfac6063,text,1,1
brfac6064,text,1,1
brfac6065,text,1,1
brfac6066,text,1,1
brfac6067,text,1,1
brfac6068,text,1,1
brfac6069,text,1,1
brfac607,text,1,1
brfac6070,text,1,1
brfac6071,text,1,1
brfac6072,text,1,1
brfac6073,text,1,1
brfac6074,text,1,1
brfac6075,text,1,1
brfac6076,text,1,1
brfac6077,text,1,1
brfac6078,text,1,1
brfac6079,text,1,1
brfac608,text,1,1
brfac6080,text,1,1
brfac6081,text,1,1
brfac6082,text,1,1
brfac6083,text,1,1
brfac6084,text,1,1
brfac6085,text,1,1
brfac6086,text,1,1
brfac6087,text,1,1
brfac6088,text,1,1
brfac6089,text,1,1
brfac609,text,1,1
brfac6090,text,1,1
brfac6091,text,1,1
brfac6092,text,1,1
brfac6093,text,1,1
brfac6094,text,1,1
brfac6095,text,1,1
brfac6096,text,1,1
brfac6097,text,1,1
brfac6098,text,1,1
brfac6099,text,1,1
brfac61,text,1,1
brfac610,text,1,1
brfac6100,text,1,1
brfac6101,text,1,1
brfac6102,text,1,1
brfac6103,text,1,1
brfac6104,text,1,1
brfac6105,text,1,1
brfac6106,text,1,1
brfac6107,text,1,1
brfac6108,text,1,1
brfac6109,text,1,1
brfac611,text,1,1
brfac6110,text,1,1
brfac6111,text,1,1
brfac6112,text,1,1
brfac6113,text,1,1
brfac6114,text,1,1
brfac6115,text,1,1
brfac6116,text,1,1
brfac6117,text,1,1
brfac6118,text,1,1
brfac6119,text,1,1
brfac612,text,1,1
brfac6120,text,1,1
brfac6121,text,1,1
brfac6122,text,1,1
brfac6123,text,1,1
brfac6124,text,1,1
brfac6125,text,1,1
brfac6126,text,1,1
brfac6127,text,1,1
brfac6128,text,1,1
brfac6129,text,1,1
brfac613,text,1,1
brfac6130,text,1,1
brfac6131,text,1,1
brfac6132,text,1,1
brfac6133,text,1,1
brfac6134,text,1,1
brfac6135,text,1,1
brfac6136,text,1,1
brfac6137,text,1,1
brfac6138,text,1,1
brfac6139,text,1,1
brfac614,text,1,1
brfac6140,text,1,1
brfac6141,text,1,1
brfac6142,text,1,1
brfac6143,text,1,1
brfac6144,text,1,1
brfac6145,text,1,1
brfac6146,text,1,1
brfac6147,text,1,1
brfac6148,text,1,1
brfac6149,text,1,1
brfac615,text,1,1
brfac6150,text,1,1
brfac6151,text,1,1
brfac6152,text,1,1
brfac6153,text,1,1
brfac6154,text,1,1
brfac6155,text,1,1
brfac6156,text,1,1
brfac6157,text,1,1
brfac6158,text,1,1
brfac6159,text,1,1
brfac616,text,1,1
brfac6160,text,1,1
brfac6161,text,1,1
brfac6162,text,1,1
brfac6163,text,1,1
brfac6164,text,1,1
brfac6165,text,1,1
brfac6166,text,1,1
brfac6167,text,1,1
brfac6168,text,1,1
brfac6169,text,1,1
brfac617,text,1,1
brfac6170,text,1,1
brfac6171,text,1,1
brfac6172,text,1,1
brfac6173,text,1,1
brfac6174,text,1,1
brfac6175,text,1,1
brfac6176,text,1,1
brfac6177,text,1,1
brfac6178,text,1,1
brfac6179,text,1,1
brfac618,text,1,1
brfac6180,text,1,1
brfac6181,text,1,1
brfac6182,text,1,1
brfac6183,text,1,1
brfac6184,text,1,1
brfac6185,text,1,1
brfac6186,text,1,1
brfac6187,text,1,1
brfac6188,text,1,1
brfac6189,text,1,1
brfac619,text,1,1
brfac6190,text,1,1
brfac6191,text,1,1
brfac6192,text,1,1
brfac6193,text,1,1
brfac6194,text,1,1
brfac6195,text,1,1
brfac6196,text,1,1
brfac6197,text,1,1
brfac6198,text,1,1
brfac6199,text,1,1
brfac62,text,1,1
brfac620,text,1,1
brfac6200,text,1,1
brfac6201,text,1,1
brfac6202,text,1,1
brfac6203,text,1,1
brfac6204,text,1,1
brfac6205,text,1,1
brfac6206,text,1,1
brfac6207,text,1,1
brfac6208,text,1,1
brfac6209,text,1,1
brfac621,text,1,1
brfac6210,text,1,1
brfac6211,text,1,1
brfac6212,text,1,1
brfac6213,text,1,1
brfac6214,text,1,1
brfac6215,text,1,1
brfac6216,text,1,1
brfac6217,text,1,1
brfac6218,text,1,1
brfac6219,text,1,1
brfac622,text,1,1
brfac6220,text,1,1
brfac6221,text,1,1
brfac6222,text,1,1
brfac6223,text,1,1
brfac6224,text,1,1
brfac6225,text,1,1
brfac6226,text,1,1
brfac6227,text,1,1
brfac6228,text,1,1
brfac6229,text,1,1
brfac623,text,1,1
brfac6230,text,1,1
brfac6231,text,1,1
brfac6232,text,1,1
brfac6233,text,1,1
brfac6234,text,1,1
brfac6235,text,1,1
brfac6236,text,1,1
brfac6237,text,1,1
brfac6238,text,1,1
brfac6239,text,1,1
brfac624,text,1,1
brfac6240,text,1,1
brfac6242,text,1,1
brfac6243,text,1,1
brfac6244,text,1,1
brfac6245,text,1,1
brfac6246,text,1,1
brfac6247,text,1,1
brfac6248,text,1,1
brfac6249,text,1,1
brfac6250,text,1,1
brfac6251,text,1,1
brfac6252,text,1,1
brfac6253,text,1,1
brfac6254,text,1,1
brfac6255,text,1,1
brfac6256,text,1,1
brfac6257,text,1,1
brfac6258,text,1,1
brfac6259,text,1,1
brfac626,text,1,1
brfac6260,text,1,1
brfac6261,text,1,1
brfac6262,text,1,1
brfac6263,text,1,1
brfac6264,text,1,1
brfac6265,text,1,1
brfac6266,text,1,1
brfac6267,text,1,1
brfac6268,text,1,1
brfac6269,text,1,1
brfac627,text,1,1
brfac6270,text,1,1
brfac6271,text,1,1
brfac6272,text,1,1
brfac6273,text,1,1
brfac6274,text,1,1
brfac6275,text,1,1
brfac6276,text,1,1
brfac6277,text,1,1
brfac6278,text,1,1
brfac6279,text,1,1
brfac628,text,1,1
brfac6280,text,1,1
brfac6281,text,1,1
brfac6282,text,1,1
brfac6283,text,1,1
brfac6284,text,1,1
brfac6285,text,1,1
brfac6286,text,1,1
brfac6287,text,1,1
brfac6288,text,1,1
brfac6289,text,1,1
brfac629,text,1,1
brfac6290,text,1,1
brfac6291,text,1,1
brfac6292,text,1,1
brfac6293,text,1,1
brfac6294,text,1,1
brfac6295,text,1,1
brfac6296,text,1,1
brfac6297,text,1,1
brfac6298,text,1,1
brfac6299,text,1,1
brfac63,text,1,1
brfac630,text,1,1
brfac6300,text,1,1
brfac6301,text,1,1
brfac6302,text,1,1
brfac6303,text,1,1
brfac6304,text,1,1
brfac6305,text,1,1
brfac6306,text,1,1
brfac6307,text,1,1
brfac6308,text,1,1
brfac6309,text,1,1
brfac631,text,1,1
brfac6310,text,1,1
brfac6311,text,1,1
brfac6312,text,1,1
brfac6313,text,1,1
brfac6314,text,1,1
brfac6315,text,1,1
brfac6316,text,1,1
brfac6317,text,1,1
brfac6318,text,1,1
brfac6319,text,1,1
brfac632,text,1,1
brfac6320,text,1,1
brfac6321,text,1,1
brfac6322,text,1,1
brfac6323,text,1,1
brfac6324,text,1,1
brfac6325,text,1,1
brfac6326,text,1,1
brfac6327,text,1,1
brfac6328,text,1,1
brfac6329,text,1,1
brfac633,text,1,1
brfac6330,text,1,1
brfac6331,text,1,1
brfac6332,text,1,1
brfac6333,text,1,1
brfac6334,text,1,1
brfac6335,text,1,1
brfac6336,text,1,1
brfac6337,text,1,1
brfac6338,text,1,1
brfac6339,text,1,1
brfac634,text,1,1
brfac6340,text,1,1
brfac6341,text,1,1
brfac6342,text,1,1
brfac6343,text,1,1
brfac6344,text,1,1
brfac6345,text,1,1
brfac6346,text,1,1
brfac6347,text,1,1
brfac6348,text,1,1
brfac6349,text,1,1
brfac635,text,1,1
brfac6350,text,1,1
brfac6351,text,1,1
brfac6352,text,1,1
brfac6353,text,1,1
brfac6354,text,1,1
brfac6355,text,1,1
brfac6356,text,1,1
brfac6357,text,1,1
brfac6358,text,1,1
brfac6359,text,1,1
brfac636,text,1,1
brfac6360,text,1,1
brfac6361,text,1,1
brfac6362,text,1,1
brfac6363,text,1,1
brfac6364,text,1,1
brfac6365,text,1,1
brfac6366,text,1,1
brfac6367,text,1,1
brfac6368,text,1,1
brfac6369,text,1,1
brfac637,text,1,1
brfac6370,text,1,1
brfac6371,text,1,1
brfac6372,text,1,1
brfac6373,text,1,1
brfac6374,text,1,1
brfac6375,text,1,1
brfac6376,text,1,1
brfac6377,text,1,1
brfac6378,text,1,1
brfac6379,text,1,1
brfac638,text,1,1
brfac6380,text,1,1
brfac6381,text,1,1
brfac6382,text,1,1
brfac6383,text,1,1
brfac6384,text,1,1
brfac6385,text,1,1
brfac6386,text,1,1
brfac6387,text,1,1
brfac6388,text,1,1
brfac6389,text,1,1
brfac639,text,1,1
brfac6390,text,1,1
brfac6391,text,1,1
brfac6392,text,1,1
brfac6393,text,1,1
brfac6394,text,1,1
brfac6395,text,1,1
brfac6396,text,1,1
brfac6397,text,1,1
brfac6398,text,1,1
brfac6399,text,1,1
brfac640,text,1,1
brfac6400,text,1,1
brfac6401,text,1,1
brfac6402,text,1,1
brfac6403,text,1,1
brfac6404,text,1,1
brfac6405,text,1,1
brfac6406,text,1,1
brfac6407,text,1,1
brfac6408,text,1,1
brfac6409,text,1,1
brfac641,text,1,1
brfac6410,text,1,1
brfac6411,text,1,1
brfac6412,text,1,1
brfac6413,text,1,1
brfac6414,text,1,1
brfac6415,text,1,1
brfac6416,text,1,1
brfac6417,text,1,1
brfac6418,text,1,1
brfac6419,text,1,1
brfac642,text,1,1
brfac6420,text,1,1
brfac6421,text,1,1
brfac6422,text,1,1
brfac6423,text,1,1
brfac6424,text,1,1
brfac6425,text,1,1
brfac6426,text,1,1
brfac6427,text,1,1
brfac6428,text,1,1
brfac6429,text,1,1
brfac643,text,1,1
brfac6430,text,1,1
brfac6431,text,1,1
brfac6432,text,1,1
brfac6433,text,1,1
brfac6434,text,1,1
brfac6435,text,1,1
brfac6436,text,1,1
brfac6437,text,1,1
brfac6438,text,1,1
brfac6439,text,1,1
brfac644,text,1,1
brfac6440,text,1,1
brfac6441,text,1,1
brfac6442,text,1,1
brfac6443,text,1,1
brfac6444,text,1,1
brfac6445,text,1,1
brfac6446,text,1,1
brfac6447,text,1,1
brfac6448,text,1,1
brfac6449,text,1,1
brfac645,text,1,1
brfac6450,text,1,1
brfac6451,text,1,1
brfac6452,text,1,1
brfac6453,text,1,1
brfac6454,text,1,1
brfac6455,text,1,1
brfac6456,text,1,1
brfac6457,text,1,1
brfac6458,text,1,1
brfac6459,text,1,1
brfac646,text,1,1
brfac6460,text,1,1
brfac6461,text,1,1
brfac6462,text,1,1
brfac6463,text,1,1
brfac6464,text,1,1
brfac6465,text,1,1
brfac6466,text,1,1
brfac6467,text,1,1
brfac6468,text,1,1
brfac6469,text,1,1
brfac647,text,1,1
brfac6470,text,1,1
brfac6471,text,1,1
brfac6472,text,1,1
brfac6473,text,1,1
brfac6474,text,1,1
brfac6475,text,1,1
brfac6476,text,1,1
brfac6477,text,1,1
brfac6478,text,1,1
brfac6479,text,1,1
brfac648,text,1,1
brfac6480,text,1,1
brfac6481,text,1,1
brfac6482,text,1,1
brfac6483,text,1,1
brfac6484,text,1,1
brfac6485,text,1,1
brfac6486,text,1,1
brfac6487,text,1,1
brfac6488,text,1,1
brfac6489,text,1,1
brfac649,text,1,1
brfac6490,text,1,1
brfac6491,text,1,1
brfac6492,text,1,1
brfac6493,text,1,1
brfac6494,text,1,1
brfac6495,text,1,1
brfac6496,text,1,1
brfac6497,text,1,1
brfac6498,text,1,1
brfac6499,text,1,1
brfac65,text,1,1
brfac650,text,1,1
brfac6500,text,1,1
brfac6501,text,1,1
brfac6502,text,1,1
brfac6503,text,1,1
brfac6504,text,1,1
brfac6505,text,1,1
brfac6506,text,1,1
brfac6507,text,1,1
brfac6508,text,1,1
brfac6509,text,1,1
brfac651,text,1,1
brfac6510,text,1,1
brfac6511,text,1,1
brfac6512,text,1,1
brfac6513,text,1,1
brfac6514,text,1,1
brfac6515,text,1,1
brfac6516,text,1,1
brfac6517,text,1,1
brfac6518,text,1,1
brfac6519,text,1,1
brfac652,text,1,1
brfac6520,text,1,1
brfac6521,text,1,1
brfac6522,text,1,1
brfac6523,text,1,1
brfac6524,text,1,1
brfac6525,text,1,1
brfac6526,text,1,1
brfac6527,text,1,1
brfac6528,text,1,1
brfac6529,text,1,1
brfac653,text,1,1
brfac6530,text,1,1
brfac6531,text,1,1
brfac6532,text,1,1
brfac6533,text,1,1
brfac6534,text,1,1
brfac6535,text,1,1
brfac6536,text,1,1
brfac6537,text,1,1
brfac6538,text,1,1
brfac6539,text,1,1
brfac654,text,1,1
brfac6540,text,1,1
brfac6541,text,1,1
brfac6542,text,1,1
brfac6543,text,1,1
brfac6544,text,1,1
brfac6545,text,1,1
brfac6546,text,1,1
brfac6547,text,1,1
brfac6548,text,1,1
brfac6549,text,1,1
brfac655,text,1,1
brfac6550,text,1,1
brfac6551,text,1,1
brfac6552,text,1,1
brfac6553,text,1,1
brfac6554,text,1,1
brfac6555,text,1,1
brfac6556,text,1,1
brfac6557,text,1,1
brfac6558,text,1,1
brfac6559,text,1,1
brfac656,text,1,1
brfac6560,text,1,1
brfac6562,text,1,1
brfac6563,text,1,1
brfac6564,text,1,1
brfac6565,text,1,1
brfac6566,text,1,1
brfac6567,text,1,1
brfac6568,text,1,1
brfac6569,text,1,1
brfac657,text,1,1
brfac6570,text,1,1
brfac6571,text,1,1
brfac6572,text,1,1
brfac6573,text,1,1
brfac6574,text,1,1
brfac6575,text,1,1
brfac6576,text,1,1
brfac6577,text,1,1
brfac6578,text,1,1
brfac6579,text,1,1
brfac658,text,1,1
brfac6580,text,1,1
brfac6581,text,1,1
brfac6582,text,1,1
brfac6583,text,1,1
brfac6584,text,1,1
brfac6585,text,1,1
brfac6586,text,1,1
brfac6587,text,1,1
brfac6588,text,1,1
brfac6589,text,1,1
brfac659,text,1,1
brfac6590,text,1,1
brfac6591,text,1,1
brfac6592,text,1,1
brfac6593,text,1,1
brfac6594,text,1,1
brfac6595,text,1,1
brfac6596,text,1,1
brfac6597,text,1,1
brfac6598,text,1,1
brfac6599,text,1,1
brfac66,text,1,1
brfac660,text,1,1
brfac6600,text,1,1
brfac6601,text,1,1
brfac6602,text,1,1
brfac6603,text,1,1
brfac6604,text,1,1
brfac6605,text,1,1
brfac6606,text,1,1
brfac6607,text,1,1
brfac6608,text,1,1
brfac6609,text,1,1
brfac661,text,1,1
brfac6610,text,1,1
brfac6611,text,1,1
brfac6612,text,1,1
brfac6613,text,1,1
brfac6614,text,1,1
brfac6615,text,1,1
brfac6616,text,1,1
brfac6617,text,1,1
brfac6618,text,1,1
brfac6619,text,1,1
brfac662,text,1,1
brfac6620,text,1,1
brfac6621,text,1,1
brfac6622,text,1,1
brfac6623,text,1,1
brfac6624,text,1,1
brfac6625,text,1,1
brfac6626,text,1,1
brfac6627,text,1,1
brfac6628,text,1,1
brfac6629,text,1,1
brfac663,text,1,1
brfac6630,text,1,1
brfac6631,text,1,1
brfac6632,text,1,1
brfac6633,text,1,1
brfac6634,text,1,1
brfac6635,text,1,1
brfac6636,text,1,1
brfac6637,text,1,1
brfac6638,text,1,1
brfac6639,text,1,1
brfac664,text,1,1
brfac6640,text,1,1
brfac6641,text,1,1
brfac6642,text,1,1
brfac6643,text,1,1
brfac6644,text,1,1
brfac6645,text,1,1
brfac6646,text,1,1
brfac6647,text,1,1
brfac6648,text,1,1
brfac6649,text,1,1
brfac665,text,1,1
brfac6650,text,1,1
brfac6651,text,1,1
brfac6652,text,1,1
brfac6653,text,1,1
brfac6654,text,1,1
brfac6655,text,1,1
brfac6656,text,1,1
brfac6657,text,1,1
brfac6658,text,1,1
brfac6659,text,1,1
brfac666,text,1,1
brfac6660,text,1,1
brfac6661,text,1,1
brfac6662,text,1,1
brfac6663,text,1,1
brfac6664,text,1,1
brfac6665,text,1,1
brfac6666,text,1,1
brfac6667,text,1,1
brfac6668,text,1,1
brfac6669,text,1,1
brfac667,text,1,1
brfac6670,text,1,1
brfac6671,text,1,1
brfac6672,text,1,1
brfac6673,text,1,1
brfac6674,text,1,1
brfac6675,text,1,1
brfac6676,text,1,1
brfac6677,text,1,1
brfac6678,text,1,1
brfac6679,text,1,1
brfac668,text,1,1
brfac6680,text,1,1
brfac6681,text,1,1
brfac6682,text,1,1
brfac6683,text,1,1
brfac6684,text,1,1
brfac6685,text,1,1
brfac6686,text,1,1
brfac6687,text,1,1
brfac6688,text,1,1
brfac6689,text,1,1
brfac669,text,1,1
brfac6690,text,1,1
brfac6691,text,1,1
brfac6692,text,1,1
brfac6693,text,1,1
brfac6694,text,1,1
brfac6695,text,1,1
brfac6696,text,1,1
brfac6697,text,1,1
brfac6698,text,1,1
brfac6699,text,1,1
brfac67,text,1,1
brfac670,text,1,1
brfac6700,text,1,1
brfac6701,text,1,1
brfac6702,text,1,1
brfac6703,text,1,1
brfac6704,text,1,1
brfac6705,text,1,1
brfac6706,text,1,1
brfac6707,text,1,1
brfac6708,text,1,1
brfac6709,text,1,1
brfac671,text,1,1
brfac6710,text,1,1
brfac6711,text,1,1
brfac6712,text,1,1
brfac6713,text,1,1
brfac6714,text,1,1
brfac6715,text,1,1
brfac6716,text,1,1
brfac6717,text,1,1
brfac6718,text,1,1
brfac6719,text,1,1
brfac672,text,1,1
brfac6720,text,1,1
brfac6721,text,1,1
brfac6722,text,1,1
brfac6723,text,1,1
brfac6724,text,1,1
brfac6725,text,1,1
brfac6726,text,1,1
brfac6727,text,1,1
brfac6728,text,1,1
brfac6729,text,1,1
brfac673,text,1,1
brfac6730,text,1,1
brfac6731,text,1,1
brfac6732,text,1,1
brfac6733,text,1,1
brfac6734,text,1,1
brfac6735,text,1,1
brfac6736,text,1,1
brfac6737,text,1,1
brfac6738,text,1,1
brfac6739,text,1,1
brfac674,text,1,1
brfac6740,text,1,1
brfac6741,text,1,1
brfac6742,text,1,1
brfac6743,text,1,1
brfac6744,text,1,1
brfac6745,text,1,1
brfac6746,text,1,1
brfac6747,text,1,1
brfac6748,text,1,1
brfac6749,text,1,1
brfac675,text,1,1
brfac6750,text,1,1
brfac6751,text,1,1
brfac6752,text,1,1
brfac6753,text,1,1
brfac6754,text,1,1
brfac6755,text,1,1
brfac6756,text,1,1
brfac6757,text,1,1
brfac6758,text,1,1
brfac6759,text,1,1
brfac6760,text,1,1
brfac6761,text,1,1
brfac6762,text,1,1
brfac6763,text,1,1
brfac6764,text,1,1
brfac6765,text,1,1
brfac6766,text,1,1
brfac6767,text,1,1
brfac6768,text,1,1
brfac6769,text,1,1
brfac677,text,1,1
brfac6770,text,1,1
brfac6771,text,1,1
brfac6772,text,1,1
brfac6773,text,1,1
brfac6774,text,1,1
brfac6775,text,1,1
brfac6776,text,1,1
brfac6777,text,1,1
brfac6778,text,1,1
brfac6779,text,1,1
brfac678,text,1,1
brfac6780,text,1,1
brfac6781,text,1,1
brfac6782,text,1,1
brfac6783,text,1,1
brfac6784,text,1,1
brfac6785,text,1,1
brfac6786,text,1,1
brfac6787,text,1,1
brfac6788,text,1,1
brfac6789,text,1,1
brfac679,text,1,1
brfac6790,text,1,1
brfac6791,text,1,1
brfac6792,text,1,1
brfac6793,text,1,1
brfac6794,text,1,1
brfac6795,text,1,1
brfac6796,text,1,1
brfac6797,text,1,1
brfac6798,text,1,1
brfac6799,text,1,1
brfac68,text,1,1
brfac680,text,1,1
brfac6800,text,1,1
brfac6801,text,1,1
brfac6802,text,1,1
brfac6803,text,1,1
brfac6804,text,1,1
brfac6805,text,1,1
brfac6806,text,1,1
brfac6807,text,1,1
brfac6808,text,1,1
brfac6809,text,1,1
brfac681,text,1,1
brfac6810,text,1,1
brfac6811,text,1,1
brfac6812,text,1,1
brfac6813,text,1,1
brfac6814,text,1,1
brfac6815,text,1,1
brfac6816,text,1,1
brfac6817,text,1,1
brfac6818,text,1,1
brfac6819,text,1,1
brfac682,text,1,1
brfac6820,text,1,1
brfac6821,text,1,1
brfac6822,text,1,1
brfac6823,text,1,1
brfac6824,text,1,1
brfac6825,text,1,1
brfac6826,text,1,1
brfac6827,text,1,1
brfac6828,text,1,1
brfac6829,text,1,1
brfac683,text,1,1
brfac6830,text,1,1
brfac6831,text,1,1
brfac6832,text,1,1
brfac6833,text,1,1
brfac6834,text,1,1
brfac6835,text,1,1
brfac6836,text,1,1
brfac6837,text,1,1
brfac6838,text,1,1
brfac6839,text,1,1
brfac684,text,1,1
brfac6840,text,1,1
brfac6841,text,1,1
brfac6842,text,1,1
brfac6843,text,1,1
brfac6844,text,1,1
brfac6845,text,1,1
brfac6846,text,1,1
brfac6847,text,1,1
brfac6848,text,1,1
brfac6849,text,1,1
brfac685,text,1,1
brfac6850,text,1,1
brfac6851,text,1,1
brfac6852,text,1,1
brfac6853,text,1,1
brfac6854,text,1,1
brfac6855,text,1,1
brfac6856,text,1,1
brfac6857,text,1,1
brfac6858,text,1,1
brfac686,text,1,1
brfac6860,text,1,1
brfac6861,text,1,1
brfac6862,text,1,1
brfac6863,text,1,1
brfac6864,text,1,1
brfac6865,text,1,1
brfac6866,text,1,1
brfac6867,text,1,1
brfac6868,text,1,1
brfac6869,text,1,1
brfac687,text,1,1
brfac6870,text,1,1
brfac6871,text,1,1
brfac6872,text,1,1
brfac6873,text,1,1
brfac6874,text,1,1
brfac6875,text,1,1
brfac6876,text,1,1
brfac6877,text,1,1
brfac6878,text,1,1
brfac6879,text,1,1
brfac688,text,1,1
brfac6880,text,1,1
brfac6881,text,1,1
brfac6882,text,1,1
brfac6883,text,1,1
brfac6884,text,1,1
brfac6885,text,1,1
brfac6886,text,1,1
brfac6887,text,1,1
brfac6888,text,1,1
brfac689,text,1,1
brfac6890,text,1,1
brfac6891,text,1,1
brfac6892,text,1,1
brfac6893,text,1,1
brfac6894,text,1,1
brfac6895,text,1,1
brfac6896,text,1,1
brfac6897,text,1,1
brfac6898,text,1,1
brfac6899,text,1,1
brfac69,text,1,1
brfac690,text,1,1
brfac6900,text,1,1
brfac6901,text,1,1
brfac6902,text,1,1
brfac6903,text,1,1
brfac6904,text,1,1
brfac6905,text,1,1
brfac6906,text,1,1
brfac6907,text,1,1
brfac6908,text,1,1
brfac6909,text,1,1
brfac691,text,1,1
brfac6910,text,1,1
brfac6911,text,1,1
brfac6912,text,1,1
brfac6913,text,1,1
brfac6914,text,1,1
brfac6915,text,1,1
brfac6916,text,1,1
brfac6917,text,1,1
brfac6918,text,1,1
brfac6919,text,1,1
brfac692,text,1,1
brfac6920,text,1,1
brfac6921,text,1,1
brfac6922,text,1,1
brfac6923,text,1,1
brfac6924,text,1,1
brfac6925,text,1,1
brfac6926,text,1,1
brfac6927,text,1,1
brfac6928,text,1,1
brfac6929,text,1,1
brfac693,text,1,1
brfac6930,text,1,1
brfac6931,text,1,1
brfac6932,text,1,1
brfac6933,text,1,1
brfac6934,text,1,1
brfac6935,text,1,1
brfac6936,text,1,1
brfac6937,text,1,1
brfac6938,text,1,1
brfac6939,text,1,1
brfac694,text,1,1
brfac6940,text,1,1
brfac6941,text,1,1
brfac6942,text,1,1
brfac6943,text,1,1
brfac6944,text,1,1
brfac6945,text,1,1
brfac6946,text,1,1
brfac6947,text,1,1
brfac6948,text,1,1
brfac6949,text,1,1
brfac695,text,1,1
brfac6950,text,1,1
brfac6951,text,1,1
brfac6952,text,1,1
brfac6953,text,1,1
brfac6954,text,1,1
brfac6955,text,1,1
brfac6956,text,1,1
brfac6957,text,1,1
brfac6958,text,1,1
brfac6959,text,1,1
brfac696,text,1,1
brfac6960,text,1,1
brfac6961,text,1,1
brfac6962,text,1,1
brfac6963,text,1,1
brfac6964,text,1,1
brfac6965,text,1,1
brfac6966,text,1,1
brfac6967,text,1,1
brfac6968,text,1,1
brfac6969,text,1,1
brfac697,text,1,1
brfac6970,text,1,1
brfac6971,text,1,1
brfac6972,text,1,1
brfac6973,text,1,1
brfac6974,text,1,1
brfac6975,text,1,1
brfac6976,text,1,1
brfac6977,text,1,1
brfac6978,text,1,1
brfac6979,text,1,1
brfac698,text,1,1
brfac6980,text,1,1
brfac6981,text,1,1
brfac6982,text,1,1
brfac6983,text,1,1
brfac6984,text,1,1
brfac6985,text,1,1
brfac6986,text,1,1
brfac6987,text,1,1
brfac6988,text,1,1
brfac6989,text,1,1
brfac699,text,1,1
brfac6990,text,1,1
brfac6991,text,1,1
brfac6992,text,1,1
brfac6993,text,1,1
brfac6994,text,1,1
brfac6995,text,1,1
brfac6996,text,1,1
brfac6997,text,1,1
brfac6998,text,1,1
brfac6999,text,1,1
brfac7,text,1,1
brfac70,text,1,1
brfac700,text,1,1
brfac7000,text,1,1
brfac7001,text,1,1
brfac7002,text,1,1
brfac7003,text,1,1
brfac7004,text,1,1
brfac7005,text,1,1
brfac7006,text,1,1
brfac7007,text,1,1
brfac7008,text,1,1
brfac7009,text,1,1
brfac701,text,1,1
brfac7010,text,1,1
brfac7011,text,1,1
brfac7012,text,1,1
brfac7013,text,1,1
brfac7014,text,1,1
brfac7015,text,1,1
brfac7016,text,1,1
brfac7017,text,1,1
brfac7018,text,1,1
brfac7019,text,1,1
brfac702,text,1,1
brfac7020,text,1,1
brfac7021,text,1,1
brfac7022,text,1,1
brfac7023,text,1,1
brfac7024,text,1,1
brfac7025,text,1,1
brfac7026,text,1,1
brfac7027,text,1,1
brfac7028,text,1,1
brfac7029,text,1,1
brfac703,text,1,1
brfac7030,text,1,1
brfac7031,text,1,1
brfac7032,text,1,1
brfac7033,text,1,1
brfac7034,text,1,1
brfac7035,text,1,1
brfac7036,text,1,1
brfac7037,text,1,1
brfac7038,text,1,1
brfac7039,text,1,1
brfac704,text,1,1
brfac7040,text,1,1
brfac7041,text,1,1
brfac7042,text,1,1
brfac7043,text,1,1
brfac7044,text,1,1
brfac7045,text,1,1
brfac7046,text,1,1
brfac7047,text,1,1
brfac7048,text,1,1
brfac7049,text,1,1
brfac705,text,1,1
brfac7050,text,1,1
brfac7051,text,1,1
brfac7052,text,1,1
brfac7053,text,1,1
brfac7054,text,1,1
brfac7055,text,1,1
brfac7056,text,1,1
brfac7057,text,1,1
brfac7058,text,1,1
brfac7059,text,1,1
brfac706,text,1,1
brfac7060,text,1,1
brfac7061,text,1,1
brfac7062,text,1,1
brfac7063,text,1,1
brfac7064,text,1,1
brfac7065,text,1,1
brfac7066,text,1,1
brfac7067,text,1,1
brfac7068,text,1,1
brfac7069,text,1,1
brfac707,text,1,1
brfac7070,text,1,1
brfac7071,text,1,1
brfac7072,text,1,1
brfac7073,text,1,1
brfac7074,text,1,1
brfac7075,text,1,1
brfac7076,text,1,1
brfac7077,text,1,1
brfac7078,text,1,1
brfac7079,text,1,1
brfac708,text,1,1
brfac7080,text,1,1
brfac7081,text,1,1
brfac7082,text,1,1
brfac7083,text,1,1
brfac7084,text,1,1
brfac7085,text,1,1
brfac7086,text,1,1
brfac7087,text,1,1
brfac7088,text,1,1
brfac7089,text,1,1
brfac709,text,1,1
brfac7090,text,1,1
brfac7091,text,1,1
brfac7092,text,1,1
brfac7093,text,1,1
brfac7094,text,1,1
brfac7095,text,1,1
brfac7096,text,1,1
brfac7097,text,1,1
brfac7098,text,1,1
brfac7099,text,1,1
brfac71,text,1,1
brfac710,text,1,1
brfac7100,text,1,1
brfac7101,text,1,1
brfac7102,text,1,1
brfac7103,text,1,1
brfac7104,text,1,1
brfac7105,text,1,1
brfac7106,text,1,1
brfac7107,text,1,1
brfac7108,text,1,1
brfac7109,text,1,1
brfac711,text,1,1
brfac7110,text,1,1
brfac7111,text,1,1
brfac7112,text,1,1
brfac7113,text,1,1
brfac7114,text,1,1
brfac7115,text,1,1
brfac7116,text,1,1
brfac7117,text,1,1
brfac7118,text,1,1
brfac7119,text,1,1
brfac712,text,1,1
brfac7120,text,1,1
brfac7121,text,1,1
brfac7122,text,1,1
brfac7123,text,1,1
brfac7124,text,1,1
brfac7125,text,1,1
brfac7126,text,1,1
brfac7127,text,1,1
brfac7128,text,1,1
brfac7129,text,1,1
brfac713,text,1,1
brfac7130,text,1,1
brfac7131,text,1,1
brfac7132,text,1,1
brfac7133,text,1,1
brfac7134,text,1,1
brfac7135,text,1,1
brfac7136,text,1,1
brfac7137,text,1,1
brfac7138,text,1,1
brfac7139,text,1,1
brfac714,text,1,1
brfac7140,text,1,1
brfac7141,text,1,1
brfac7142,text,1,1
brfac7143,text,1,1
brfac7144,text,1,1
brfac7145,text,1,1
brfac7146,text,1,1
brfac7147,text,1,1
brfac7148,text,1,1
brfac7149,text,1,1
brfac715,text,1,1
brfac7150,text,1,1
brfac7151,text,1,1
brfac7152,text,1,1
brfac7153,text,1,1
brfac7154,text,1,1
brfac7155,text,1,1
brfac7156,text,1,1
brfac7157,text,1,1
brfac7158,text,1,1
brfac7159,text,1,1
brfac716,text,1,1
brfac7160,text,1,1
brfac7161,text,1,1
brfac7162,text,1,1
brfac7163,text,1,1
brfac7164,text,1,1
brfac7165,text,1,1
brfac7166,text,1,1
brfac7167,text,1,1
brfac7168,text,1,1
brfac7169,text,1,1
brfac717,text,1,1
brfac7170,text,1,1
brfac7171,text,1,1
brfac7172,text,1,1
brfac7173,text,1,1
brfac7174,text,1,1
brfac7175,text,1,1
brfac7176,text,1,1
brfac7177,text,1,1
brfac7178,text,1,1
brfac7179,text,1,1
brfac718,text,1,1
brfac7180,text,1,1
brfac7181,text,1,1
brfac7182,text,1,1
brfac7183,text,1,1
brfac7184,text,1,1
brfac7185,text,1,1
brfac7186,text,1,1
brfac7187,text,1,1
brfac7188,text,1,1
brfac7189,text,1,1
brfac719,text,1,1
brfac7190,text,1,1
brfac7191,text,1,1
brfac7192,text,1,1
brfac7193,text,1,1
brfac7194,text,1,1
brfac7195,text,1,1
brfac7196,text,1,1
brfac7197,text,1,1
brfac7198,text,1,1
brfac7199,text,1,1
brfac72,text,1,1
brfac720,text,1,1
brfac7200,text,1,1
brfac7201,text,1,1
brfac7202,text,1,1
brfac7203,text,1,1
brfac7204,text,1,1
brfac7205,text,1,1
brfac7206,text,1,1
brfac7207,text,1,1
brfac7208,text,1,1
brfac7209,text,1,1
brfac721,text,1,1
brfac7210,text,1,1
brfac7211,text,1,1
brfac7212,text,1,1
brfac7213,text,1,1
brfac7214,text,1,1
brfac7215,text,1,1
brfac7216,text,1,1
brfac7217,text,1,1
brfac7218,text,1,1
brfac7219,text,1,1
brfac722,text,1,1
brfac7220,text,1,1
brfac7221,text,1,1
brfac7222,text,1,1
brfac7223,text,1,1
brfac7224,text,1,1
brfac7226,text,1,1
brfac7227,text,1,1
brfac7228,text,1,1
brfac7229,text,1,1
brfac723,text,1,1
brfac7230,text,1,1
brfac7231,text,1,1
brfac7232,text,1,1
brfac7233,text,1,1
brfac7234,text,1,1
brfac7235,text,1,1
brfac7236,text,1,1
brfac7237,text,1,1
brfac7238,text,1,1
brfac7239,text,1,1
brfac724,text,1,1
brfac7240,text,1,1
brfac7241,text,1,1
brfac7242,text,1,1
brfac7243,text,1,1
brfac7244,text,1,1
brfac7245,text,1,1
brfac7246,text,1,1
brfac7247,text,1,1
brfac7248,text,1,1
brfac7249,text,1,1
brfac725,text,1,1
brfac7250,text,1,1
brfac7251,text,1,1
brfac7252,text,1,1
brfac7253,text,1,1
brfac7254,text,1,1
brfac7255,text,1,1
brfac7256,text,1,1
brfac7257,text,1,1
brfac7258,text,1,1
brfac7259,text,1,1
brfac726,text,1,1
brfac7260,text,1,1
brfac7261,text,1,1
brfac7262,text,1,1
brfac7263,text,1,1
brfac7264,text,1,1
brfac7265,text,1,1
brfac7266,text,1,1
brfac7267,text,1,1
brfac7268,text,1,1
brfac7269,text,1,1
brfac727,text,1,1
brfac7270,text,1,1
brfac7271,text,1,1
brfac7272,text,1,1
brfac7273,text,1,1
brfac7274,text,1,1
brfac7275,text,1,1
brfac7276,text,1,1
brfac7277,text,1,1
brfac7278,text,1,1
brfac7279,text,1,1
brfac728,text,1,1
brfac7280,text,1,1
brfac7281,text,1,1
brfac7282,text,1,1
brfac7283,text,1,1
brfac7284,text,1,1
brfac7285,text,1,1
brfac7286,text,1,1
brfac7287,text,1,1
brfac7288,text,1,1
brfac7289,text,1,1
brfac7290,text,1,1
brfac7291,text,1,1
brfac7292,text,1,1
brfac7293,text,1,1
brfac7294,text,1,1
brfac7295,text,1,1
brfac7296,text,1,1
brfac7297,text,1,1
brfac7298,text,1,1
brfac7299,text,1,1
brfac73,text,1,1
brfac730,text,1,1
brfac7300,text,1,1
brfac7301,text,1,1
brfac7302,text,1,1
brfac7303,text,1,1
brfac7304,text,1,1
brfac7305,text,1,1
brfac7306,text,1,1
brfac7307,text,1,1
brfac7308,text,1,1
brfac7309,text,1,1
brfac731,text,1,1
brfac7310,text,1,1
brfac7311,text,1,1
brfac7312,text,1,1
brfac7313,text,1,1
brfac7314,text,1,1
brfac7315,text,1,1
brfac7316,text,1,1
brfac7317,text,1,1
brfac7318,text,1,1
brfac7319,text,1,1
brfac732,text,1,1
brfac7320,text,1,1
brfac7321,text,1,1
brfac7322,text,1,1
brfac7323,text,1,1
brfac7324,text,1,1
brfac7325,text,1,1
brfac7326,text,1,1
brfac7327,text,1,1
brfac7328,text,1,1
brfac7329,text,1,1
brfac733,text,1,1
brfac7330,text,1,1
brfac7331,text,1,1
brfac7332,text,1,1
brfac7333,text,1,1
brfac7334,text,1,1
brfac7335,text,1,1
brfac7336,text,1,1
brfac7337,text,1,1
brfac7338,text,1,1
brfac7339,text,1,1
brfac734,text,1,1
brfac7340,text,1,1
brfac7341,text,1,1
brfac7342,text,1,1
brfac7343,text,1,1
brfac7344,text,1,1
brfac7345,text,1,1
brfac7346,text,1,1
brfac7347,text,1,1
brfac7348,text,1,1
brfac7349,text,1,1
brfac735,text,1,1
brfac7350,text,1,1
brfac7351,text,1,1
brfac7352,text,1,1
brfac7353,text,1,1
brfac7354,text,1,1
brfac7355,text,1,1
brfac7356,text,1,1
brfac7357,text,1,1
brfac7358,text,1,1
brfac7359,text,1,1
brfac736,text,1,1
brfac7360,text,1,1
brfac7361,text,1,1
brfac7362,text,1,1
brfac7363,text,1,1
brfac7364,text,1,1
brfac7365,text,1,1
brfac7366,text,1,1
brfac7367,text,1,1
brfac7368,text,1,1
brfac7369,text,1,1
brfac737,text,1,1
brfac7370,text,1,1
brfac7371,text,1,1
brfac7372,text,1,1
brfac7373,text,1,1
brfac7374,text,1,1
brfac7375,text,1,1
brfac7376,text,1,1
brfac7377,text,1,1
brfac7378,text,1,1
brfac7379,text,1,1
brfac738,text,1,1
brfac7380,text,1,1
brfac7381,text,1,1
brfac7382,text,1,1
brfac7383,text,1,1
brfac7384,text,1,1
brfac7385,text,1,1
brfac7386,text,1,1
brfac7387,text,1,1
brfac7388,text,1,1
brfac7389,text,1,1
brfac739,text,1,1
brfac7390,text,1,1
brfac7391,text,1,1
brfac7392,text,1,1
brfac7393,text,1,1
brfac7394,text,1,1
brfac7395,text,1,1
brfac7397,text,1,1
brfac7398,text,1,1
brfac7399,text,1,1
brfac74,text,1,1
brfac740,text,1,1
brfac7400,text,1,1
brfac7401,text,1,1
brfac7402,text,1,1
brfac7403,text,1,1
brfac7404,text,1,1
brfac7405,text,1,1
brfac7406,text,1,1
brfac7407,text,1,1
brfac7408,text,1,1
brfac7409,text,1,1
brfac741,text,1,1
brfac7410,text,1,1
brfac7411,text,1,1
brfac7412,text,1,1
brfac7413,text,1,1
brfac7414,text,1,1
brfac7415,text,1,1
brfac7416,text,1,1
brfac7417,text,1,1
brfac7418,text,1,1
brfac7419,text,1,1
brfac742,text,1,1
brfac7420,text,1,1
brfac7421,text,1,1
brfac7422,text,1,1
brfac7423,text,1,1
brfac7424,text,1,1
brfac7425,text,1,1
brfac7426,text,1,1
brfac7427,text,1,1
brfac7428,text,1,1
brfac7429,text,1,1
brfac743,text,1,1
brfac7430,text,1,1
brfac7431,text,1,1
brfac7432,text,1,1
brfac7433,text,1,1
brfac7434,text,1,1
brfac7435,text,1,1
brfac7436,text,1,1
brfac7437,text,1,1
brfac7438,text,1,1
brfac7439,text,1,1
brfac744,text,1,1
brfac7440,text,1,1
brfac7441,text,1,1
brfac7442,text,1,1
brfac7443,text,1,1
brfac7444,text,1,1
brfac7445,text,1,1
brfac7446,text,1,1
brfac7447,text,1,1
brfac7448,text,1,1
brfac7449,text,1,1
brfac745,text,1,1
brfac7450,text,1,1
brfac7451,text,1,1
brfac7452,text,1,1
brfac7453,text,1,1
brfac7454,text,1,1
brfac7455,text,1,1
brfac7456,text,1,1
brfac7457,text,1,1
brfac7458,text,1,1
brfac7459,text,1,1
brfac746,text,1,1
brfac7460,text,1,1
brfac7461,text,1,1
brfac7462,text,1,1
brfac7463,text,1,1
brfac7464,text,1,1
brfac7465,text,1,1
brfac7466,text,1,1
brfac7467,text,1,1
brfac7468,text,1,1
brfac7469,text,1,1
brfac747,text,1,1
brfac7470,text,1,1
brfac7471,text,1,1
brfac7472,text,1,1
brfac7473,text,1,1
brfac7474,text,1,1
brfac7475,text,1,1
brfac7476,text,1,1
brfac7477,text,1,1
brfac7478,text,1,1
brfac7479,text,1,1
brfac748,text,1,1
brfac7480,text,1,1
brfac7481,text,1,1
brfac7482,text,1,1
brfac7483,text,1,1
brfac7484,text,1,1
brfac7485,text,1,1
brfac7486,text,1,1
brfac7487,text,1,1
brfac7488,text,1,1
brfac7489,text,1,1
brfac749,text,1,1
brfac7490,text,1,1
brfac7491,text,1,1
brfac7492,text,1,1
brfac7493,text,1,1
brfac7494,text,1,1
brfac7495,text,1,1
brfac7496,text,1,1
brfac7497,text,1,1
brfac7498,text,1,1
brfac7499,text,1,1
brfac75,text,1,1
brfac750,text,1,1
brfac7500,text,1,1
brfac7501,text,1,1
brfac7502,text,1,1
brfac7503,text,1,1
brfac7504,text,1,1
brfac7505,text,1,1
brfac7506,text,1,1
brfac7507,text,1,1
brfac7508,text,1,1
brfac7509,text,1,1
brfac751,text,1,1
brfac7510,text,1,1
brfac7511,text,1,1
brfac7512,text,1,1
brfac7513,text,1,1
brfac7514,text,1,1
brfac7515,text,1,1
brfac7516,text,1,1
brfac7517,text,1,1
brfac7518,text,1,1
brfac7519,text,1,1
brfac752,text,1,1
brfac7520,text,1,1
brfac7521,text,1,1
brfac7522,text,1,1
brfac7523,text,1,1
brfac7524,text,1,1
brfac7525,text,1,1
brfac7526,text,1,1
brfac7527,text,1,1
brfac7528,text,1,1
brfac7529,text,1,1
brfac753,text,1,1
brfac7530,text,1,1
brfac7531,text,1,1
brfac7532,text,1,1
brfac7533,text,1,1
brfac7534,text,1,1
brfac7535,text,1,1
brfac7536,text,1,1
brfac7537,text,1,1
brfac7538,text,1,1
brfac7539,text,1,1
brfac754,text,1,1
brfac7540,text,1,1
brfac7541,text,1,1
brfac7542,text,1,1
brfac7543,text,1,1
brfac7544,text,1,1
brfac7545,text,1,1
brfac7546,text,1,1
brfac7547,text,1,1
brfac7548,text,1,1
brfac7549,text,1,1
brfac755,text,1,1
brfac7550,text,1,1
brfac7551,text,1,1
brfac7552,text,1,1
brfac7553,text,1,1
brfac7554,text,1,1
brfac7555,text,1,1
brfac7556,text,1,1
brfac7557,text,1,1
brfac7558,text,1,1
brfac7559,text,1,1
brfac756,text,1,1
brfac7560,text,1,1
brfac7561,text,1,1
brfac7562,text,1,1
brfac7563,text,1,1
brfac7564,text,1,1
brfac7565,text,1,1
brfac7566,text,1,1
brfac7567,text,1,1
brfac7568,text,1,1
brfac757,text,1,1
brfac7570,text,1,1
brfac7571,text,1,1
brfac7572,text,1,1
brfac7573,text,1,1
brfac7574,text,1,1
brfac7575,text,1,1
brfac7576,text,1,1
brfac7577,text,1,1
brfac7578,text,1,1
brfac7579,text,1,1
brfac758,text,1,1
brfac7580,text,1,1
brfac7581,text,1,1
brfac7582,text,1,1
brfac7583,text,1,1
brfac7584,text,1,1
brfac7585,text,1,1
brfac7586,text,1,1
brfac7587,text,1,1
brfac7588,text,1,1
brfac7589,text,1,1
brfac759,text,1,1
brfac7590,text,1,1
brfac7591,text,1,1
brfac7592,text,1,1
brfac7593,text,1,1
brfac7594,text,1,1
brfac7595,text,1,1
brfac7596,text,1,1
brfac7597,text,1,1
brfac7598,text,1,1
brfac7599,text,1,1
brfac76,text,1,1
brfac760,text,1,1
brfac7600,text,1,1
brfac7601,text,1,1
brfac7602,text,1,1
brfac7603,text,1,1
brfac7604,text,1,1
brfac7605,text,1,1
brfac7606,text,1,1
brfac7607,text,1,1
brfac7608,text,1,1
brfac7609,text,1,1
brfac761,text,1,1
brfac7610,text,1,1
brfac7611,text,1,1
brfac7612,text,1,1
brfac7613,text,1,1
brfac7614,text,1,1
brfac7615,text,1,1
brfac7616,text,1,1
brfac7617,text,1,1
brfac7618,text,1,1
brfac7619,text,1,1
brfac762,text,1,1
brfac7620,text,1,1
brfac7621,text,1,1
brfac7622,text,1,1
brfac7623,text,1,1
brfac7624,text,1,1
brfac7625,text,1,1
brfac7626,text,1,1
brfac7627,text,1,1
brfac7628,text,1,1
brfac7629,text,1,1
brfac763,text,1,1
brfac7630,text,1,1
brfac7631,text,1,1
brfac7632,text,1,1
brfac7633,text,1,1
brfac7634,text,1,1
brfac7635,text,1,1
brfac7636,text,1,1
brfac7637,text,1,1
brfac7638,text,1,1
brfac7639,text,1,1
brfac764,text,1,1
brfac7640,text,1,1
brfac7641,text,1,1
brfac7642,text,1,1
brfac7643,text,1,1
brfac7644,text,1,1
brfac7645,text,1,1
brfac7646,text,1,1
brfac7647,text,1,1
brfac7648,text,1,1
brfac7649,text,1,1
brfac765,text,1,1
brfac7650,text,1,1
brfac7651,text,1,1
brfac7652,text,1,1
brfac7653,text,1,1
brfac7654,text,1,1
brfac7655,text,1,1
brfac7656,text,1,1
brfac7657,text,1,1
brfac7658,text,1,1
brfac7659,text,1,1
brfac766,text,1,1
brfac7660,text,1,1
brfac7661,text,1,1
brfac7662,text,1,1
brfac7663,text,1,1
brfac7664,text,1,1
brfac7665,text,1,1
brfac7666,text,1,1
brfac7667,text,1,1
brfac7668,text,1,1
brfac7669,text,1,1
brfac767,text,1,1
brfac7670,text,1,1
brfac7671,text,1,1
brfac7672,text,1,1
brfac7673,text,1,1
brfac7674,text,1,1
brfac7675,text,1,1
brfac7676,text,1,1
brfac7677,text,1,1
brfac7678,text,1,1
brfac7679,text,1,1
brfac768,text,1,1
brfac7680,text,1,1
brfac7681,text,1,1
brfac7682,text,1,1
brfac7683,text,1,1
brfac7684,text,1,1
brfac7685,text,1,1
brfac7686,text,1,1
brfac7687,text,1,1
brfac7688,text,1,1
brfac7689,text,1,1
brfac769,text,1,1
brfac7690,text,1,1
brfac7691,text,1,1
brfac7692,text,1,1
brfac7693,text,1,1
brfac7694,text,1,1
brfac7695,text,1,1
brfac7696,text,1,1
brfac7697,text,1,1
brfac7698,text,1,1
brfac7699,text,1,1
brfac77,text,1,1
brfac770,text,1,1
brfac7700,text,1,1
brfac7701,text,1,1
brfac7702,text,1,1
brfac7703,text,1,1
brfac7704,text,1,1
brfac7705,text,1,1
brfac7706,text,1,1
brfac7707,text,1,1
brfac7708,text,1,1
brfac7709,text,1,1
brfac771,text,1,1
brfac7710,text,1,1
brfac7711,text,1,1
brfac7712,text,1,1
brfac7713,text,1,1
brfac7714,text,1,1
brfac7715,text,1,1
brfac7716,text,1,1
brfac7717,text,1,1
brfac7718,text,1,1
brfac7719,text,1,1
brfac772,text,1,1
brfac7720,text,1,1
brfac7721,text,1,1
brfac7722,text,1,1
brfac7723,text,1,1
brfac7724,text,1,1
brfac7725,text,1,1
brfac7726,text,1,1
brfac7727,text,1,1
brfac7728,text,1,1
brfac7729,text,1,1
brfac773,text,1,1
brfac7730,text,1,1
brfac7731,text,1,1
brfac7732,text,1,1
brfac7733,text,1,1
brfac7734,text,1,1
brfac7735,text,1,1
brfac7736,text,1,1
brfac7737,text,1,1
brfac7738,text,1,1
brfac7739,text,1,1
brfac774,text,1,1
brfac7740,text,1,1
brfac7741,text,1,1
brfac7742,text,1,1
brfac7743,text,1,1
brfac7744,text,1,1
brfac7745,text,1,1
brfac7746,text,1,1
brfac7747,text,1,1
brfac7748,text,1,1
brfac7749,text,1,1
brfac775,text,1,1
brfac7750,text,1,1
brfac7751,text,1,1
brfac7752,text,1,1
brfac7753,text,1,1
brfac7754,text,1,1
brfac7755,text,1,1
brfac7756,text,1,1
brfac7757,text,1,1
brfac7758,text,1,1
brfac7759,text,1,1
brfac776,text,1,1
brfac7760,text,1,1
brfac7761,text,1,1
brfac7762,text,1,1
brfac7763,text,1,1
brfac7764,text,1,1
brfac7765,text,1,1
brfac7766,text,1,1
brfac7767,text,1,1
brfac7768,text,1,1
brfac7769,text,1,1
brfac777,text,1,1
brfac7770,text,1,1
brfac7771,text,1,1
brfac7772,text,1,1
brfac7773,text,1,1
brfac7774,text,1,1
brfac7775,text,1,1
brfac7777,text,1,1
brfac7778,text,1,1
brfac7779,text,1,1
brfac778,text,1,1
brfac7780,text,1,1
brfac7781,text,1,1
brfac7782,text,1,1
brfac7783,text,1,1
brfac7784,text,1,1
brfac7785,text,1,1
brfac7786,text,1,1
brfac7787,text,1,1
brfac7788,text,1,1
brfac7789,text,1,1
brfac779,text,1,1
brfac7790,text,1,1
brfac7791,text,1,1
brfac7792,text,1,1
brfac7793,text,1,1
brfac7794,text,1,1
brfac7795,text,1,1
brfac7796,text,1,1
brfac7797,text,1,1
brfac7798,text,1,1
brfac7799,text,1,1
brfac78,text,1,1
brfac780,text,1,1
brfac7800,text,1,1
brfac7801,text,1,1
brfac7802,text,1,1
brfac7803,text,1,1
brfac7804,text,1,1
brfac7805,text,1,1
brfac7806,text,1,1
brfac7807,text,1,1
brfac7808,text,1,1
brfac7809,text,1,1
brfac781,text,1,1
brfac7810,text,1,1
brfac7811,text,1,1
brfac7812,text,1,1
brfac7813,text,1,1
brfac7814,text,1,1
brfac7815,text,1,1
brfac7816,text,1,1
brfac7817,text,1,1
brfac7818,text,1,1
brfac7819,text,1,1
brfac782,text,1,1
brfac7820,text,1,1
brfac7821,text,1,1
brfac7822,text,1,1
brfac7823,text,1,1
brfac7824,text,1,1
brfac7825,text,1,1
brfac7826,text,1,1
brfac7827,text,1,1
brfac7828,text,1,1
brfac7829,text,1,1
brfac783,text,1,1
brfac7830,text,1,1
brfac7831,text,1,1
brfac7832,text,1,1
brfac7833,text,1,1
brfac7834,text,1,1
brfac7835,text,1,1
brfac7836,text,1,1
brfac7837,text,1,1
brfac7838,text,1,1
brfac7839,text,1,1
brfac7840,text,1,1
brfac7841,text,1,1
brfac7842,text,1,1
brfac7843,text,1,1
brfac7844,text,1,1
brfac7845,text,1,1
brfac7846,text,1,1
brfac7847,text,1,1
brfac7848,text,1,1
brfac7849,text,1,1
brfac785,text,1,1
brfac7850,text,1,1
brfac7851,text,1,1
brfac7852,text,1,1
brfac7853,text,1,1
brfac7854,text,1,1
brfac7855,text,1,1
brfac7856,text,1,1
brfac7857,text,1,1
brfac7858,text,1,1
brfac7859,text,1,1
brfac786,text,1,1
brfac7860,text,1,1
brfac7861,text,1,1
brfac7862,text,1,1
brfac7863,text,1,1
brfac7864,text,1,1
brfac7865,text,1,1
brfac7866,text,1,1
brfac7867,text,1,1
brfac7868,text,1,1
brfac7869,text,1,1
brfac787,text,1,1
brfac7870,text,1,1
brfac7871,text,1,1
brfac7872,text,1,1
brfac7873,text,1,1
brfac7874,text,1,1
brfac7875,text,1,1
brfac7876,text,1,1
brfac7877,text,1,1
brfac7878,text,1,1
brfac7879,text,1,1
brfac788,text,1,1
brfac7880,text,1,1
brfac7881,text,1,1
brfac7882,text,1,1
brfac7883,text,1,1
brfac7884,text,1,1
brfac7885,text,1,1
brfac7886,text,1,1
brfac7887,text,1,1
brfac7888,text,1,1
brfac7889,text,1,1
brfac789,text,1,1
brfac7890,text,1,1
brfac7891,text,1,1
brfac7892,text,1,1
brfac7893,text,1,1
brfac7894,text,1,1
brfac7895,text,1,1
brfac7896,text,1,1
brfac7897,text,1,1
brfac7898,text,1,1
brfac7899,text,1,1
brfac79,text,1,1
brfac790,text,1,1
brfac7900,text,1,1
brfac7901,text,1,1
brfac7902,text,1,1
brfac7903,text,1,1
brfac7904,text,1,1
brfac7905,text,1,1
brfac7906,text,1,1
brfac7907,text,1,1
brfac7908,text,1,1
brfac7909,text,1,1
brfac791,text,1,1
brfac7910,text,1,1
brfac7911,text,1,1
brfac7912,text,1,1
brfac7913,text,1,1
brfac7914,text,1,1
brfac7915,text,1,1
brfac7916,text,1,1
brfac7917,text,1,1
brfac7918,text,1,1
brfac7919,text,1,1
brfac792,text,1,1
brfac7920,text,1,1
brfac7922,text,1,1
brfac7923,text,1,1
brfac7924,text,1,1
brfac7925,text,1,1
brfac7926,text,1,1
brfac7927,text,1,1
brfac7928,text,1,1
brfac7929,text,1,1
brfac793,text,1,1
brfac7930,text,1,1
brfac7931,text,1,1
brfac7932,text,1,1
brfac7933,text,1,1
brfac7934,text,1,1
brfac7935,text,1,1
brfac7936,text,1,1
brfac7937,text,1,1
brfac7938,text,1,1
brfac7939,text,1,1
brfac794,text,1,1
brfac7940,text,1,1
brfac7941,text,1,1
brfac7942,text,1,1
brfac7943,text,1,1
brfac7944,text,1,1
brfac7945,text,1,1
brfac7946,text,1,1
brfac7947,text,1,1
brfac7948,text,1,1
brfac7949,text,1,1
brfac795,text,1,1
brfac7950,text,1,1
brfac7951,text,1,1
brfac7952,text,1,1
brfac7953,text,1,1
brfac7954,text,1,1
brfac7955,text,1,1
brfac7956,text,1,1
brfac7957,text,1,1
brfac7958,text,1,1
brfac7959,text,1,1
brfac796,text,1,1
brfac7960,text,1,1
brfac7961,text,1,1
brfac7962,text,1,1
brfac7963,text,1,1
brfac7964,text,1,1
brfac7965,text,1,1
brfac7966,text,1,1
brfac7967,text,1,1
brfac7968,text,1,1
brfac7969,text,1,1
brfac797,text,1,1
brfac7970,text,1,1
brfac7971,text,1,1
brfac7972,text,1,1
brfac7973,text,1,1
brfac7974,text,1,1
brfac7975,text,1,1
brfac7976,text,1,1
brfac7977,text,1,1
brfac7978,text,1,1
brfac7979,text,1,1
brfac798,text,1,1
brfac7980,text,1,1
brfac7981,text,1,1
brfac7982,text,1,1
brfac7983,text,1,1
brfac7984,text,1,1
brfac7985,text,1,1
brfac7986,text,1,1
brfac7987,text,1,1
brfac7988,text,1,1
brfac7989,text,1,1
brfac799,text,1,1
brfac7990,text,1,1
brfac7991,text,1,1
brfac7992,text,1,1
brfac7993,text,1,1
brfac7994,text,1,1
brfac7995,text,1,1
brfac7996,text,1,1
brfac7997,text,1,1
brfac7998,text,1,1
brfac7999,text,1,1
brfac80,text,1,1
brfac800,text,1,1
brfac8001,text,1,1
brfac8002,text,1,1
brfac8003,text,1,1
brfac8004,text,1,1
brfac8005,text,1,1
brfac8006,text,1,1
brfac8007,text,1,1
brfac8008,text,1,1
brfac8009,text,1,1
brfac801,text,1,1
brfac8010,text,1,1
brfac8011,text,1,1
brfac8012,text,1,1
brfac8013,text,1,1
brfac8014,text,1,1
brfac8015,text,1,1
brfac8016,text,1,1
brfac8017,text,1,1
brfac8018,text,1,1
brfac8019,text,1,1
brfac802,text,1,1
brfac8020,text,1,1
brfac8021,text,1,1
brfac8022,text,1,1
brfac8023,text,1,1
brfac8024,text,1,1
brfac8025,text,1,1
brfac8026,text,1,1
brfac8027,text,1,1
brfac8028,text,1,1
brfac8029,text,1,1
brfac803,text,1,1
brfac8030,text,1,1
brfac8031,text,1,1
brfac8032,text,1,1
brfac8033,text,1,1
brfac8034,text,1,1
brfac8035,text,1,1
brfac8036,text,1,1
brfac8037,text,1,1
brfac8038,text,1,1
brfac8039,text,1,1
brfac804,text,1,1
brfac8040,text,1,1
brfac8041,text,1,1
brfac8042,text,1,1
brfac8043,text,1,1
brfac8044,text,1,1
brfac8045,text,1,1
brfac8046,text,1,1
brfac8047,text,1,1
brfac8048,text,1,1
brfac8049,text,1,1
brfac805,text,1,1
brfac8050,text,1,1
brfac8051,text,1,1
brfac8052,text,1,1
brfac8053,text,1,1
brfac8054,text,1,1
brfac8055,text,1,1
brfac8056,text,1,1
brfac8057,text,1,1
brfac8058,text,1,1
brfac8059,text,1,1
brfac806,text,1,1
brfac8060,text,1,1
brfac8061,text,1,1
brfac8062,text,1,1
brfac8063,text,1,1
brfac8064,text,1,1
brfac8065,text,1,1
brfac8066,text,1,1
brfac8067,text,1,1
brfac8068,text,1,1
brfac8069,text,1,1
brfac807,text,1,1
brfac8070,text,1,1
brfac8071,text,1,1
brfac8072,text,1,1
brfac8073,text,1,1
brfac8074,text,1,1
brfac8075,text,1,1
brfac8076,text,1,1
brfac8077,text,1,1
brfac8078,text,1,1
brfac8079,text,1,1
brfac808,text,1,1
brfac8080,text,1,1
brfac8081,text,1,1
brfac8082,text,1,1
brfac8083,text,1,1
brfac8084,text,1,1
brfac8085,text,1,1
brfac8086,text,1,1
brfac8087,text,1,1
brfac8088,text,1,1
brfac8089,text,1,1
brfac809,text,1,1
brfac8090,text,1,1
brfac8091,text,1,1
brfac8092,text,1,1
brfac8093,text,1,1
brfac8094,text,1,1
brfac8095,text,1,1
brfac8096,text,1,1
brfac8097,text,1,1
brfac8098,text,1,1
brfac8099,text,1,1
brfac810,text,1,1
brfac8101,text,1,1
brfac8102,text,1,1
brfac8103,text,1,1
brfac8104,text,1,1
brfac8105,text,1,1
brfac8106,text,1,1
brfac8107,text,1,1
brfac8108,text,1,1
brfac8109,text,1,1
brfac811,text,1,1
brfac8110,text,1,1
brfac8111,text,1,1
brfac8112,text,1,1
brfac8113,text,1,1
brfac8114,text,1,1
brfac8115,text,1,1
brfac8116,text,1,1
brfac8117,text,1,1
brfac8118,text,1,1
brfac8119,text,1,1
brfac812,text,1,1
brfac8120,text,1,1
brfac8121,text,1,1
brfac8122,text,1,1
brfac8123,text,1,1
brfac8124,text,1,1
brfac8125,text,1,1
brfac8126,text,1,1
brfac8127,text,1,1
brfac8128,text,1,1
brfac8129,text,1,1
brfac813,text,1,1
brfac8130,text,1,1
brfac8131,text,1,1
brfac8132,text,1,1
brfac8133,text,1,1
brfac8134,text,1,1
brfac8135,text,1,1
brfac8136,text,1,1
brfac8137,text,1,1
brfac8138,text,1,1
brfac8139,text,1,1
brfac814,text,1,1
brfac8140,text,1,1
brfac8141,text,1,1
brfac8142,text,1,1
brfac8143,text,1,1
brfac8144,text,1,1
brfac8145,text,1,1
brfac8146,text,1,1
brfac8147,text,1,1
brfac8148,text,1,1
brfac8149,text,1,1
brfac815,text,1,1
brfac8150,text,1,1
brfac8151,text,1,1
brfac8152,text,1,1
brfac8153,text,1,1
brfac8154,text,1,1
brfac8155,text,1,1
brfac8156,text,1,1
brfac8157,text,1,1
brfac8158,text,1,1
brfac8159,text,1,1
brfac816,text,1,1
brfac8160,text,1,1
brfac8161,text,1,1
brfac8162,text,1,1
brfac8163,text,1,1
brfac8164,text,1,1
brfac8165,text,1,1
brfac8166,text,1,1
brfac8167,text,1,1
brfac8168,text,1,1
brfac8169,text,1,1
brfac817,text,1,1
brfac8170,text,1,1
brfac8171,text,1,1
brfac8172,text,1,1
brfac8173,text,1,1
brfac8174,text,1,1
brfac8175,text,1,1
brfac8176,text,1,1
brfac8177,text,1,1
brfac8178,text,1,1
brfac8179,text,1,1
brfac818,text,1,1
brfac8180,text,1,1
brfac8181,text,1,1
brfac8182,text,1,1
brfac8183,text,1,1
brfac8184,text,1,1
brfac8185,text,1,1
brfac8186,text,1,1
brfac8187,text,1,1
brfac8188,text,1,1
brfac8189,text,1,1
brfac819,text,1,1
brfac8190,text,1,1
brfac8191,text,1,1
brfac8193,text,1,1
brfac8194,text,1,1
brfac8195,text,1,1
brfac8196,text,1,1
brfac8197,text,1,1
brfac8198,text,1,1
brfac8199,text,1,1
brfac82,text,1,1
brfac820,text,1,1
brfac8200,text,1,1
brfac8201,text,1,1
brfac8202,text,1,1
brfac8203,text,1,1
brfac8204,text,1,1
brfac8205,text,1,1
brfac8206,text,1,1
brfac8207,text,1,1
brfac8208,text,1,1
brfac8209,text,1,1
brfac821,text,1,1
brfac8210,text,1,1
brfac8211,text,1,1
brfac8212,text,1,1
brfac8213,text,1,1
brfac8214,text,1,1
brfac8215,text,1,1
brfac8216,text,1,1
brfac8217,text,1,1
brfac8218,text,1,1
brfac8219,text,1,1
brfac822,text,1,1
brfac8220,text,1,1
brfac8221,text,1,1
brfac8222,text,1,1
brfac8223,text,1,1
brfac8224,text,1,1
brfac8225,text,1,1
brfac8226,text,1,1
brfac8227,text,1,1
brfac8228,text,1,1
brfac8229,text,1,1
brfac823,text,1,1
brfac8230,text,1,1
brfac8231,text,1,1
brfac8232,text,1,1
brfac8233,text,1,1
brfac8234,text,1,1
brfac8235,text,1,1
brfac8236,text,1,1
brfac8237,text,1,1
brfac8238,text,1,1
brfac8239,text,1,1
brfac824,text,1,1
brfac8240,text,1,1
brfac8241,text,1,1
brfac8242,text,1,1
brfac8243,text,1,1
brfac8244,text,1,1
brfac8245,text,1,1
brfac8246,text,1,1
brfac8247,text,1,1
brfac8248,text,1,1
brfac8249,text,1,1
brfac825,text,1,1
brfac8250,text,1,1
brfac8251,text,1,1
brfac8252,text,1,1
brfac8253,text,1,1
brfac8254,text,1,1
brfac8255,text,1,1
brfac8256,text,1,1
brfac8257,text,1,1
brfac8258,text,1,1
brfac8259,text,1,1
brfac826,text,1,1
brfac8260,text,1,1
brfac8261,text,1,1
brfac8262,text,1,1
brfac8263,text,1,1
brfac8264,text,1,1
brfac8265,text,1,1
brfac8266,text,1,1
brfac8267,text,1,1
brfac8268,text,1,1
brfac8269,text,1,1
brfac827,text,1,1
brfac8270,text,1,1
brfac8271,text,1,1
brfac8272,text,1,1
brfac8273,text,1,1
brfac8274,text,1,1
brfac8275,text,1,1
brfac8276,text,1,1
brfac8277,text,1,1
brfac8278,text,1,1
brfac8279,text,1,1
brfac828,text,1,1
brfac8280,text,1,1
brfac8282,text,1,1
brfac8283,text,1,1
brfac8284,text,1,1
brfac8285,text,1,1
brfac8286,text,1,1
brfac8287,text,1,1
brfac8288,text,1,1
brfac8289,text,1,1
brfac829,text,1,1
brfac8290,text,1,1
brfac8291,text,1,1
brfac8292,text,1,1
brfac8293,text,1,1
brfac8294,text,1,1
brfac8295,text,1,1
brfac8296,text,1,1
brfac8297,text,1,1
brfac8298,text,1,1
brfac8299,text,1,1
brfac83,text,1,1
brfac830,text,1,1
brfac8300,text,1,1
brfac8301,text,1,1
brfac8302,text,1,1
brfac8303,text,1,1
brfac8304,text,1,1
brfac8305,text,1,1
brfac8306,text,1,1
brfac8307,text,1,1
brfac8308,text,1,1
brfac8309,text,1,1
brfac831,text,1,1
brfac8310,text,1,1
brfac8311,text,1,1
brfac8312,text,1,1
brfac8313,text,1,1
brfac8314,text,1,1
brfac8315,text,1,1
brfac8316,text,1,1
brfac8317,text,1,1
brfac8318,text,1,1
brfac8319,text,1,1
brfac832,text,1,1
brfac8320,text,1,1
brfac8321,text,1,1
brfac8322,text,1,1
brfac8323,text,1,1
brfac8324,text,1,1
brfac8325,text,1,1
brfac8326,text,1,1
brfac8327,text,1,1
brfac8328,text,1,1
brfac8329,text,1,1
brfac833,text,1,1
brfac8330,text,1,1
brfac8331,text,1,1
brfac8332,text,1,1
brfac8333,text,1,1
brfac8334,text,1,1
brfac8335,text,1,1
brfac8336,text,1,1
brfac8337,text,1,1
brfac8338,text,1,1
brfac8339,text,1,1
brfac834,text,1,1
brfac8340,text,1,1
brfac8341,text,1,1
brfac8342,text,1,1
brfac8343,text,1,1
brfac8344,text,1,1
brfac8345,text,1,1
brfac8346,text,1,1
brfac8347,text,1,1
brfac8348,text,1,1
brfac8349,text,1,1
brfac835,text,1,1
brfac8350,text,1,1
brfac8351,text,1,1
brfac8352,text,1,1
brfac8353,text,1,1
brfac8354,text,1,1
brfac8355,text,1,1
brfac8356,text,1,1
brfac8357,text,1,1
brfac8358,text,1,1
brfac8359,text,1,1
brfac836,text,1,1
brfac8360,text,1,1
brfac8361,text,1,1
brfac8362,text,1,1
brfac8363,text,1,1
brfac8364,text,1,1
brfac8365,text,1,1
brfac8366,text,1,1
brfac8367,text,1,1
brfac8368,text,1,1
brfac8369,text,1,1
brfac837,text,1,1
brfac8370,text,1,1
brfac8371,text,1,1
brfac8372,text,1,1
brfac8373,text,1,1
brfac8374,text,1,1
brfac8375,text,1,1
brfac8376,text,1,1
brfac8377,text,1,1
brfac8378,text,1,1
brfac8379,text,1,1
brfac838,text,1,1
brfac8380,text,1,1
brfac8381,text,1,1
brfac8382,text,1,1
brfac8383,text,1,1
brfac8384,text,1,1
brfac8385,text,1,1
brfac8386,text,1,1
brfac8387,text,1,1
brfac8388,text,1,1
brfac8389,text,1,1
brfac839,text,1,1
brfac8390,text,1,1
brfac8391,text,1,1
brfac8392,text,1,1
brfac8393,text,1,1
brfac8394,text,1,1
brfac8395,text,1,1
brfac8396,text,1,1
brfac8397,text,1,1
brfac8398,text,1,1
brfac8399,text,1,1
brfac84,text,1,1
brfac840,text,1,1
brfac8400,text,1,1
brfac8401,text,1,1
brfac8402,text,1,1
brfac8403,text,1,1
brfac8404,text,1,1
brfac8405,text,1,1
brfac8406,text,1,1
brfac8407,text,1,1
brfac8408,text,1,1
brfac8409,text,1,1
brfac8410,text,1,1
brfac8411,text,1,1
brfac8412,text,1,1
brfac8413,text,1,1
brfac8414,text,1,1
brfac8415,text,1,1
brfac8416,text,1,1
brfac8417,text,1,1
brfac8418,text,1,1
brfac8419,text,1,1
brfac842,text,1,1
brfac8420,text,1,1
brfac8421,text,1,1
brfac8422,text,1,1
brfac8423,text,1,1
brfac8424,text,1,1
brfac8425,text,1,1
brfac8426,text,1,1
brfac8427,text,1,1
brfac8428,text,1,1
brfac8429,text,1,1
brfac843,text,1,1
brfac8430,text,1,1
brfac8431,text,1,1
brfac8432,text,1,1
brfac8433,text,1,1
brfac8434,text,1,1
brfac8435,text,1,1
brfac8436,text,1,1
brfac8437,text,1,1
brfac8438,text,1,1
brfac8439,text,1,1
brfac844,text,1,1
brfac8440,text,1,1
brfac8441,text,1,1
brfac8442,text,1,1
brfac8443,text,1,1
brfac8444,text,1,1
brfac8445,text,1,1
brfac8446,text,1,1
brfac8447,text,1,1
brfac8448,text,1,1
brfac8449,text,1,1
brfac845,text,1,1
brfac8450,text,1,1
brfac8451,text,1,1
brfac8452,text,1,1
brfac8453,text,1,1
brfac8454,text,1,1
brfac8455,text,1,1
brfac8456,text,1,1
brfac8457,text,1,1
brfac8458,text,1,1
brfac8459,text,1,1
brfac846,text,1,1
brfac8460,text,1,1
brfac8461,text,1,1
brfac8462,text,1,1
brfac8463,text,1,1
brfac8464,text,1,1
brfac8465,text,1,1
brfac8466,text,1,1
brfac8467,text,1,1
brfac8468,text,1,1
brfac8469,text,1,1
brfac847,text,1,1
brfac8470,text,1,1
brfac8471,text,1,1
brfac8472,text,1,1
brfac8473,text,1,1
brfac8474,text,1,1
brfac8475,text,1,1
brfac8476,text,1,1
brfac8477,text,1,1
brfac8478,text,1,1
brfac8479,text,1,1
brfac848,text,1,1
brfac8480,text,1,1
brfac8481,text,1,1
brfac8482,text,1,1
brfac8483,text,1,1
brfac8484,text,1,1
brfac8485,text,1,1
brfac8486,text,1,1
brfac8487,text,1,1
brfac8488,text,1,1
brfac8489,text,1,1
brfac849,text,1,1
brfac8490,text,1,1
brfac8491,text,1,1
brfac8492,text,1,1
brfac8493,text,1,1
brfac8494,text,1,1
brfac8495,text,1,1
brfac8496,text,1,1
brfac8497,text,1,1
brfac8498,text,1,1
brfac8499,text,1,1
brfac85,text,1,1
brfac850,text,1,1
brfac8500,text,1,1
brfac8501,text,1,1
brfac8502,text,1,1
brfac8503,text,1,1
brfac8504,text,1,1
brfac8505,text,1,1
brfac8506,text,1,1
brfac8507,text,1,1
brfac8508,text,1,1
brfac8509,text,1,1
brfac851,text,1,1
brfac8510,text,1,1
brfac8511,text,1,1
brfac8512,text,1,1
brfac8513,text,1,1
brfac8514,text,1,1
brfac8515,text,1,1
brfac8516,text,1,1
brfac8517,text,1,1
brfac8518,text,1,1
brfac8519,text,1,1
brfac852,text,1,1
brfac8520,text,1,1
brfac8521,text,1,1
brfac8522,text,1,1
brfac8523,text,1,1
brfac8524,text,1,1
brfac8525,text,1,1
brfac8526,text,1,1
brfac8527,text,1,1
brfac8528,text,1,1
brfac8529,text,1,1
brfac853,text,1,1
brfac8530,text,1,1
brfac8531,text,1,1
brfac8532,text,1,1
brfac8533,text,1,1
brfac8534,text,1,1
brfac8535,text,1,1
brfac8536,text,1,1
brfac8537,text,1,1
brfac8538,text,1,1
brfac8539,text,1,1
brfac854,text,1,1
brfac8540,text,1,1
brfac8541,text,1,1
brfac8542,text,1,1
brfac8543,text,1,1
brfac8544,text,1,1
brfac8545,text,1,1
brfac8546,text,1,1
brfac8547,text,1,1
brfac8548,text,1,1
brfac8549,text,1,1
brfac855,text,1,1
brfac8550,text,1,1
brfac8551,text,1,1
brfac8552,text,1,1
brfac8553,text,1,1
brfac8554,text,1,1
brfac8555,text,1,1
brfac8556,text,1,1
brfac8557,text,1,1
brfac8558,text,1,1
brfac8559,text,1,1
brfac856,text,1,1
brfac8560,text,1,1
brfac8561,text,1,1
brfac8562,text,1,1
brfac8563,text,1,1
brfac8564,text,1,1
brfac8565,text,1,1
brfac8566,text,1,1
brfac8567,text,1,1
brfac8568,text,1,1
brfac8569,text,1,1
brfac857,text,1,1
brfac8570,text,1,1
brfac8571,text,1,1
brfac8572,text,1,1
brfac8573,text,1,1
brfac8574,text,1,1
brfac8575,text,1,1
brfac8576,text,1,1
brfac8577,text,1,1
brfac8578,text,1,1
brfac8579,text,1,1
brfac858,text,1,1
brfac8580,text,1,1
brfac8581,text,1,1
brfac8582,text,1,1
brfac8583,text,1,1
brfac8584,text,1,1
brfac8585,text,1,1
brfac8586,text,1,1
brfac8587,text,1,1
brfac8588,text,1,1
brfac8589,text,1,1
brfac859,text,1,1
brfac8590,text,1,1
brfac8591,text,1,1
brfac8592,text,1,1
brfac8593,text,1,1
brfac8594,text,1,1
brfac8595,text,1,1
brfac8596,text,1,1
brfac8597,text,1,1
brfac8598,text,1,1
brfac8599,text,1,1
brfac86,text,1,1
brfac860,text,1,1
brfac8600,text,1,1
brfac8601,text,1,1
brfac8602,text,1,1
brfac8603,text,1,1
brfac8604,text,1,1
brfac8605,text,1,1
brfac8606,text,1,1
brfac8607,text,1,1
brfac8608,text,1,1
brfac8609,text,1,1
brfac861,text,1,1
brfac8610,text,1,1
brfac8611,text,1,1
brfac8612,text,1,1
brfac8613,text,1,1
brfac8614,text,1,1
brfac8615,text,1,1
brfac8616,text,1,1
brfac8617,text,1,1
brfac8618,text,1,1
brfac8619,text,1,1
brfac862,text,1,1
brfac8620,text,1,1
brfac8621,text,1,1
brfac8622,text,1,1
brfac8623,text,1,1
brfac8624,text,1,1
brfac8625,text,1,1
brfac8626,text,1,1
brfac8627,text,1,1
brfac8628,text,1,1
brfac8629,text,1,1
brfac863,text,1,1
brfac8630,text,1,1
brfac8631,text,1,1
brfac8632,text,1,1
brfac8633,text,1,1
brfac8634,text,1,1
brfac8635,text,1,1
brfac8636,text,1,1
brfac8637,text,1,1
brfac8638,text,1,1
brfac8639,text,1,1
brfac864,text,1,1
brfac8640,text,1,1
brfac8641,text,1,1
brfac8642,text,1,1
brfac8643,text,1,1
brfac8644,text,1,1
brfac8645,text,1,1
brfac8646,text,1,1
brfac8647,text,1,1
brfac8648,text,1,1
brfac865,text,1,1
brfac8650,text,1,1
brfac8651,text,1,1
brfac8652,text,1,1
brfac8653,text,1,1
brfac8654,text,1,1
brfac8655,text,1,1
brfac8656,text,1,1
brfac8657,text,1,1
brfac8658,text,1,1
brfac8659,text,1,1
brfac866,text,1,1
brfac8660,text,1,1
brfac8661,text,1,1
brfac8662,text,1,1
brfac8663,text,1,1
brfac8664,text,1,1
brfac8665,text,1,1
brfac8666,text,1,1
brfac8667,text,1,1
brfac8668,text,1,1
brfac8669,text,1,1
brfac867,text,1,1
brfac8670,text,1,1
brfac8671,text,1,1
brfac8672,text,1,1
brfac8673,text,1,1
brfac8674,text,1,1
brfac8675,text,1,1
brfac8676,text,1,1
brfac8677,text,1,1
brfac8678,text,1,1
brfac8679,text,1,1
brfac868,text,1,1
brfac8680,text,1,1
brfac8681,text,1,1
brfac8682,text,1,1
brfac8683,text,1,1
brfac8684,text,1,1
brfac8685,text,1,1
brfac8686,text,1,1
brfac8687,text,1,1
brfac8688,text,1,1
brfac8689,text,1,1
brfac869,text,1,1
brfac8690,text,1,1
brfac8691,text,1,1
brfac8692,text,1,1
brfac8693,text,1,1
brfac8694,text,1,1
brfac8695,text,1,1
brfac8696,text,1,1
brfac8697,text,1,1
brfac8698,text,1,1
brfac8699,text,1,1
brfac87,text,1,1
brfac870,text,1,1
brfac8700,text,1,1
brfac8701,text,1,1
brfac8702,text,1,1
brfac8703,text,1,1
brfac8704,text,1,1
brfac8705,text,1,1
brfac8706,text,1,1
brfac8707,text,1,1
brfac8708,text,1,1
brfac8709,text,1,1
brfac871,text,1,1
brfac8710,text,1,1
brfac8711,text,1,1
brfac8712,text,1,1
brfac8713,text,1,1
brfac8714,text,1,1
brfac8715,text,1,1
brfac8716,text,1,1
brfac8717,text,1,1
brfac8718,text,1,1
brfac8719,text,1,1
brfac872,text,1,1
brfac8720,text,1,1
brfac8721,text,1,1
brfac8722,text,1,1
brfac8723,text,1,1
brfac8724,text,1,1
brfac8725,text,1,1
brfac8726,text,1,1
brfac8727,text,1,1
brfac8728,text,1,1
brfac8729,text,1,1
brfac873,text,1,1
brfac8730,text,1,1
brfac8731,text,1,1
brfac8732,text,1,1
brfac8733,text,1,1
brfac8734,text,1,1
brfac8735,text,1,1
brfac8736,text,1,1
brfac8737,text,1,1
brfac8738,text,1,1
brfac8739,text,1,1
brfac874,text,1,1
brfac8740,text,1,1
brfac8741,text,1,1
brfac8742,text,1,1
brfac8743,text,1,1
brfac8744,text,1,1
brfac8745,text,1,1
brfac8746,text,1,1
brfac8747,text,1,1
brfac8748,text,1,1
brfac8749,text,1,1
brfac875,text,1,1
brfac8750,text,1,1
brfac8751,text,1,1
brfac8752,text,1,1
brfac8753,text,1,1
brfac8754,text,1,1
brfac8755,text,1,1
brfac8756,text,1,1
brfac8757,text,1,1
brfac8758,text,1,1
brfac8759,text,1,1
brfac876,text,1,1
brfac8760,text,1,1
brfac8761,text,1,1
brfac8762,text,1,1
brfac8763,text,1,1
brfac8764,text,1,1
brfac8765,text,1,1
brfac8766,text,1,1
brfac8767,text,1,1
brfac8768,text,1,1
brfac8769,text,1,1
brfac877,text,1,1
brfac8770,text,1,1
brfac8771,text,1,1
brfac8772,text,1,1
brfac8773,text,1,1
brfac8774,text,1,1
brfac8775,text,1,1
brfac8776,text,1,1
brfac8777,text,1,1
brfac8778,text,1,1
brfac8779,text,1,1
brfac878,text,1,1
brfac8780,text,1,1
brfac8781,text,1,1
brfac8782,text,1,1
brfac8783,text,1,1
brfac8784,text,1,1
brfac8785,text,1,1
brfac8786,text,1,1
brfac8787,text,1,1
brfac8788,text,1,1
brfac8789,text,1,1
brfac879,text,1,1
brfac8790,text,1,1
brfac8791,text,1,1
brfac8792,text,1,1
brfac8793,text,1,1
brfac8794,text,1,1
brfac8795,text,1,1
brfac8796,text,1,1
brfac8797,text,1,1
brfac8798,text,1,1
brfac8799,text,1,1
brfac88,text,1,1
brfac880,text,1,1
brfac8800,text,1,1
brfac8801,text,1,1
brfac8802,text,1,1
brfac8803,text,1,1
brfac8804,text,1,1
brfac8805,text,1,1
brfac8806,text,1,1
brfac8807,text,1,1
brfac8808,text,1,1
brfac8809,text,1,1
brfac881,text,1,1
brfac8810,text,1,1
brfac8811,text,1,1
brfac8812,text,1,1
brfac8813,text,1,1
brfac8814,text,1,1
brfac8815,text,1,1
brfac8816,text,1,1
brfac8817,text,1,1
brfac8818,text,1,1
brfac8819,text,1,1
brfac882,text,1,1
brfac8820,text,1,1
brfac8821,text,1,1
brfac8822,text,1,1
brfac8823,text,1,1
brfac8824,text,1,1
brfac8825,text,1,1
brfac8826,text,1,1
brfac8827,text,1,1
brfac8828,text,1,1
brfac8829,text,1,1
brfac883,text,1,1
brfac8830,text,1,1
brfac8831,text,1,1
brfac8832,text,1,1
brfac8833,text,1,1
brfac8834,text,1,1
brfac8835,text,1,1
brfac8836,text,1,1
brfac8837,text,1,1
brfac8838,text,1,1
brfac8839,text,1,1
brfac884,text,1,1
brfac8840,text,1,1
brfac8841,text,1,1
brfac8842,text,1,1
brfac8843,text,1,1
brfac8844,text,1,1
brfac8845,text,1,1
brfac8846,text,1,1
brfac8847,text,1,1
brfac8848,text,1,1
brfac8849,text,1,1
brfac885,text,1,1
brfac8850,text,1,1
brfac8851,text,1,1
brfac8852,text,1,1
brfac8853,text,1,1
brfac8854,text,1,1
brfac8855,text,1,1
brfac8856,text,1,1
brfac8857,text,1,1
brfac8858,text,1,1
brfac8859,text,1,1
brfac886,text,1,1
brfac8860,text,1,1
brfac8861,text,1,1
brfac8862,text,1,1
brfac8863,text,1,1
brfac8864,text,1,1
brfac8865,text,1,1
brfac8866,text,1,1
brfac8867,text,1,1
brfac8868,text,1,1
brfac8869,text,1,1
brfac887,text,1,1
brfac8870,text,1,1
brfac8871,text,1,1
brfac8872,text,1,1
brfac8873,text,1,1
brfac8874,text,1,1
brfac8875,text,1,1
brfac8876,text,1,1
brfac8877,text,1,1
brfac8878,text,1,1
brfac8879,text,1,1
brfac888,text,1,1
brfac8880,text,1,1
brfac8881,text,1,1
brfac8882,text,1,1
brfac8883,text,1,1
brfac8884,text,1,1
brfac8885,text,1,1
brfac8886,text,1,1
brfac8887,text,1,1
brfac8888,text,1,1
brfac8889,text,1,1
brfac889,text,1,1
brfac8890,text,1,1
brfac8891,text,1,1
brfac8892,text,1,1
brfac8893,text,1,1
brfac8894,text,1,1
brfac8895,text,1,1
brfac8896,text,1,1
brfac8897,text,1,1
brfac8898,text,1,1
brfac8899,text,1,1
brfac89,text,1,1
brfac890,text,1,1
brfac8900,text,1,1
brfac8901,text,1,1
brfac8902,text,1,1
brfac8903,text,1,1
brfac8904,text,1,1
brfac8905,text,1,1
brfac8906,text,1,1
brfac8907,text,1,1
brfac8908,text,1,1
brfac8909,text,1,1
brfac891,text,1,1
brfac8910,text,1,1
brfac8911,text,1,1
brfac8912,text,1,1
brfac8913,text,1,1
brfac8914,text,1,1
brfac8915,text,1,1
brfac8916,text,1,1
brfac8917,text,1,1
brfac8918,text,1,1
brfac8919,text,1,1
brfac892,text,1,1
brfac8920,text,1,1
brfac8921,text,1,1
brfac8922,text,1,1
brfac8923,text,1,1
brfac8924,text,1,1
brfac8925,text,1,1
brfac8926,text,1,1
brfac8927,text,1,1
brfac8928,text,1,1
brfac8929,text,1,1
brfac893,text,1,1
brfac8930,text,1,1
brfac8931,text,1,1
brfac8932,text,1,1
brfac8933,text,1,1
brfac8934,text,1,1
brfac8935,text,1,1
brfac8936,text,1,1
brfac8937,text,1,1
brfac8938,text,1,1
brfac8939,text,1,1
brfac894,text,1,1
brfac8940,text,1,1
brfac8941,text,1,1
brfac8942,text,1,1
brfac8943,text,1,1
brfac8944,text,1,1
brfac8945,text,1,1
brfac8946,text,1,1
brfac8947,text,1,1
brfac8948,text,1,1
brfac8949,text,1,1
brfac895,text,1,1
brfac8950,text,1,1
brfac8951,text,1,1
brfac8952,text,1,1
brfac8953,text,1,1
brfac8954,text,1,1
brfac8955,text,1,1
brfac8956,text,1,1
brfac8957,text,1,1
brfac8958,text,1,1
brfac8959,text,1,1
brfac896,text,1,1
brfac8960,text,1,1
brfac8961,text,1,1
brfac8962,text,1,1
brfac8963,text,1,1
brfac8964,text,1,1
brfac8965,text,1,1
brfac8966,text,1,1
brfac8967,text,1,1
brfac8968,text,1,1
brfac8969,text,1,1
brfac897,text,1,1
brfac8970,text,1,1
brfac8971,text,1,1
brfac8972,text,1,1
brfac8973,text,1,1
brfac8974,text,1,1
brfac8975,text,1,1
brfac8976,text,1,1
brfac8977,text,1,1
brfac8978,text,1,1
brfac8979,text,1,1
brfac898,text,1,1
brfac8980,text,1,1
brfac8981,text,1,1
brfac8982,text,1,1
brfac8983,text,1,1
brfac8984,text,1,1
brfac8985,text,1,1
brfac8986,text,1,1
brfac8987,text,1,1
brfac8988,text,1,1
brfac8989,text,1,1
brfac899,text,1,1
brfac8990,text,1,1
brfac8991,text,1,1
brfac8992,text,1,1
brfac8993,text,1,1
brfac8994,text,1,1
brfac8995,text,1,1
brfac8996,text,1,1
brfac8997,text,1,1
brfac8998,text,1,1
brfac8999,text,1,1
brfac90,text,1,1
brfac9000,text,1,1
brfac9001,text,1,1
brfac9002,text,1,1
brfac9003,text,1,1
brfac9004,text,1,1
brfac9005,text,1,1
brfac9006,text,1,1
brfac9007,text,1,1
brfac9008,text,1,1
brfac9009,text,1,1
brfac901,text,1,1
brfac9010,text,1,1
brfac9011,text,1,1
brfac9012,text,1,1
brfac9013,text,1,1
brfac9014,text,1,1
brfac9015,text,1,1
brfac9016,text,1,1
brfac9017,text,1,1
brfac9018,text,1,1
brfac9019,text,1,1
brfac902,text,1,1
brfac9020,text,1,1
brfac9021,text,1,1
brfac9022,text,1,1
brfac9023,text,1,1
brfac9024,text,1,1
brfac9026,text,1,1
brfac9027,text,1,1
brfac9028,text,1,1
brfac9029,text,1,1
brfac903,text,1,1
brfac9030,text,1,1
brfac9031,text,1,1
brfac9032,text,1,1
brfac9033,text,1,1
brfac9034,text,1,1
brfac9035,text,1,1
brfac9036,text,1,1
brfac9037,text,1,1
brfac9038,text,1,1
brfac9039,text,1,1
brfac904,text,1,1
brfac9040,text,1,1
brfac9041,text,1,1
brfac9042,text,1,1
brfac9043,text,1,1
brfac9044,text,1,1
brfac9045,text,1,1
brfac9046,text,1,1
brfac9047,text,1,1
brfac9048,text,1,1
brfac9049,text,1,1
brfac905,text,1,1
brfac9050,text,1,1
brfac9051,text,1,1
brfac9052,text,1,1
brfac9053,text,1,1
brfac9054,text,1,1
brfac9055,text,1,1
brfac9056,text,1,1
brfac9057,text,1,1
brfac9058,text,1,1
brfac9059,text,1,1
brfac906,text,1,1
brfac9060,text,1,1
brfac9061,text,1,1
brfac9062,text,1,1
brfac9063,text,1,1
brfac9064,text,1,1
brfac9065,text,1,1
brfac9066,text,1,1
brfac9067,text,1,1
brfac9068,text,1,1
brfac9069,text,1,1
brfac907,text,1,1
brfac9070,text,1,1
brfac9071,text,1,1
brfac9072,text,1,1
brfac9073,text,1,1
brfac9074,text,1,1
brfac9075,text,1,1
brfac9076,text,1,1
brfac9077,text,1,1
brfac9078,text,1,1
brfac9079,text,1,1
brfac908,text,1,1
brfac9080,text,1,1
brfac9081,text,1,1
brfac9082,text,1,1
brfac9083,text,1,1
brfac9084,text,1,1
brfac9085,text,1,1
brfac9086,text,1,1
brfac9087,text,1,1
brfac9088,text,1,1
brfac9089,text,1,1
brfac909,text,1,1
brfac9090,text,1,1
brfac9091,text,1,1
brfac9092,text,1,1
brfac9093,text,1,1
brfac9094,text,1,1
brfac9095,text,1,1
brfac9096,text,1,1
brfac9097,text,1,1
brfac9098,text,1,1
brfac9099,text,1,1
brfac91,text,1,1
brfac910,text,1,1
brfac9100,text,1,1
brfac9101,text,1,1
brfac9102,text,1,1
brfac9103,text,1,1
brfac9104,text,1,1
brfac9105,text,1,1
brfac9106,text,1,1
brfac9107,text,1,1
brfac9108,text,1,1
brfac9109,text,1,1
brfac911,text,1,1
brfac9110,text,1,1
brfac9111,text,1,1
brfac9112,text,1,1
brfac9113,text,1,1
brfac9114,text,1,1
brfac9115,text,1,1
brfac9116,text,1,1
brfac9117,text,1,1
brfac9118,text,1,1
brfac9119,text,1,1
brfac912,text,1,1
brfac9120,text,1,1
brfac9121,text,1,1
brfac9122,text,1,1
brfac9123,text,1,1
brfac9124,text,1,1
brfac9125,text,1,1
brfac9126,text,1,1
brfac9127,text,1,1
brfac9128,text,1,1
brfac9129,text,1,1
brfac913,text,1,1
brfac9130,text,1,1
brfac9131,text,1,1
brfac9132,text,1,1
brfac9133,text,1,1
brfac9134,text,1,1
brfac9135,text,1,1
brfac9136,text,1,1
brfac9137,text,1,1
brfac9138,text,1,1
brfac9139,text,1,1
brfac914,text,1,1
brfac9140,text,1,1
brfac9141,text,1,1
brfac9142,text,1,1
brfac9143,text,1,1
brfac9144,text,1,1
brfac9145,text,1,1
brfac9146,text,1,1
brfac9147,text,1,1
brfac9148,text,1,1
brfac9149,text,1,1
brfac915,text,1,1
brfac9150,text,1,1
brfac9151,text,1,1
brfac9152,text,1,1
brfac9153,text,1,1
brfac9154,text,1,1
brfac9155,text,1,1
brfac9156,text,1,1
brfac9157,text,1,1
brfac9158,text,1,1
brfac9159,text,1,1
brfac916,text,1,1
brfac9160,text,1,1
brfac9161,text,1,1
brfac9162,text,1,1
brfac9163,text,1,1
brfac9164,text,1,1
brfac9165,text,1,1
brfac9166,text,1,1
brfac9167,text,1,1
brfac9168,text,1,1
brfac9169,text,1,1
brfac917,text,1,1
brfac9170,text,1,1
brfac9171,text,1,1
brfac9172,text,1,1
brfac9173,text,1,1
brfac9174,text,1,1
brfac9175,text,1,1
brfac9176,text,1,1
brfac9177,text,1,1
brfac9178,text,1,1
brfac9179,text,1,1
brfac918,text,1,1
brfac9180,text,1,1
brfac9181,text,1,1
brfac9182,text,1,1
brfac9183,text,1,1
brfac9184,text,1,1
brfac9185,text,1,1
brfac9186,text,1,1
brfac9187,text,1,1
brfac9188,text,1,1
brfac9189,text,1,1
brfac919,text,1,1
brfac9190,text,1,1
brfac9191,text,1,1
brfac9192,text,1,1
brfac9193,text,1,1
brfac9194,text,1,1
brfac9195,text,1,1
brfac9196,text,1,1
brfac9197,text,1,1
brfac9198,text,1,1
brfac9199,text,1,1
brfac92,text,1,1
brfac920,text,1,1
brfac9200,text,1,1
brfac9201,text,1,1
brfac9202,text,1,1
brfac9203,text,1,1
brfac9204,text,1,1
brfac9205,text,1,1
brfac9206,text,1,1
brfac9207,text,1,1
brfac9208,text,1,1
brfac9209,text,1,1
brfac921,text,1,1
brfac9210,text,1,1
brfac9211,text,1,1
brfac9212,text,1,1
brfac9213,text,1,1
brfac9214,text,1,1
brfac9215,text,1,1
brfac9216,text,1,1
brfac9217,text,1,1
brfac9218,text,1,1
brfac9219,text,1,1
brfac922,text,1,1
brfac9220,text,1,1
brfac9221,text,1,1
brfac9222,text,1,1
brfac9223,text,1,1
brfac9224,text,1,1
brfac9225,text,1,1
brfac9226,text,1,1
brfac9227,text,1,1
brfac9228,text,1,1
brfac9229,text,1,1
brfac923,text,1,1
brfac9230,text,1,1
brfac9231,text,1,1
brfac9232,text,1,1
brfac9233,text,1,1
brfac9234,text,1,1
brfac9235,text,1,1
brfac9236,text,1,1
brfac9237,text,1,1
brfac9238,text,1,1
brfac9239,text,1,1
brfac924,text,1,1
brfac9240,text,1,1
brfac9241,text,1,1
brfac9242,text,1,1
brfac9243,text,1,1
brfac9244,text,1,1
brfac9245,text,1,1
brfac9246,text,1,1
brfac9247,text,1,1
brfac9248,text,1,1
brfac9249,text,1,1
brfac925,text,1,1
brfac9250,text,1,1
brfac9251,text,1,1
brfac9252,text,1,1
brfac9253,text,1,1
brfac9254,text,1,1
brfac9255,text,1,1
brfac9256,text,1,1
brfac9257,text,1,1
brfac9258,text,1,1
brfac9259,text,1,1
brfac926,text,1,1
brfac9260,text,1,1
brfac9262,text,1,1
brfac9263,text,1,1
brfac9264,text,1,1
brfac9265,text,1,1
brfac9266,text,1,1
brfac9267,text,1,1
brfac9268,text,1,1
brfac9269,text,1,1
brfac927,text,1,1
brfac9270,text,1,1
brfac9271,text,1,1
brfac9272,text,1,1
brfac9273,text,1,1
brfac9274,text,1,1
brfac9275,text,1,1
brfac9276,text,1,1
brfac9277,text,1,1
brfac9278,text,1,1
brfac9279,text,1,1
brfac928,text,1,1
brfac9280,text,1,1
brfac9281,text,1,1
brfac9282,text,1,1
brfac9283,text,1,1
brfac9284,text,1,1
brfac9285,text,1,1
brfac9286,text,1,1
brfac9287,text,1,1
brfac9288,text,1,1
brfac9289,text,1,1
brfac929,text,1,1
brfac9290,text,1,1
brfac9291,text,1,1
brfac9292,text,1,1
brfac9293,text,1,1
brfac9294,text,1,1
brfac9295,text,1,1
brfac9296,text,1,1
brfac9297,text,1,1
brfac9298,text,1,1
brfac9299,text,1,1
brfac93,text,1,1
brfac930,text,1,1
brfac9300,text,1,1
brfac9301,text,1,1
brfac9302,text,1,1
brfac9303,text,1,1
brfac9304,text,1,1
brfac9305,text,1,1
brfac9306,text,1,1
brfac9307,text,1,1
brfac9308,text,1,1
brfac9309,text,1,1
brfac931,text,1,1
brfac9310,text,1,1
brfac9311,text,1,1
brfac9312,text,1,1
brfac9313,text,1,1
brfac9314,text,1,1
brfac9315,text,1,1
brfac9316,text,1,1
brfac9317,text,1,1
brfac9318,text,1,1
brfac9319,text,1,1
brfac932,text,1,1
brfac9320,text,1,1
brfac9321,text,1,1
brfac9322,text,1,1
brfac9323,text,1,1
brfac9324,text,1,1
brfac9325,text,1,1
brfac9326,text,1,1
brfac9327,text,1,1
brfac9328,text,1,1
brfac9329,text,1,1
brfac933,text,1,1
brfac9330,text,1,1
brfac9331,text,1,1
brfac9332,text,1,1
brfac9333,text,1,1
brfac9334,text,1,1
brfac9335,text,1,1
brfac9336,text,1,1
brfac9337,text,1,1
brfac9338,text,1,1
brfac9339,text,1,1
brfac934,text,1,1
brfac9340,text,1,1
brfac9341,text,1,1
brfac9342,text,1,1
brfac9343,text,1,1
brfac9344,text,1,1
brfac9345,text,1,1
brfac9346,text,1,1
brfac9347,text,1,1
brfac9348,text,1,1
brfac9349,text,1,1
brfac935,text,1,1
brfac9350,text,1,1
brfac9351,text,1,1
brfac9352,text,1,1
brfac9353,text,1,1
brfac9354,text,1,1
brfac9355,text,1,1
brfac9356,text,1,1
brfac9357,text,1,1
brfac9358,text,1,1
brfac9359,text,1,1
brfac936,text,1,1
brfac9360,text,1,1
brfac9361,text,1,1
brfac9362,text,1,1
brfac9363,text,1,1
brfac9364,text,1,1
brfac9365,text,1,1
brfac9366,text,1,1
brfac9367,text,1,1
brfac9368,text,1,1
brfac9369,text,1,1
brfac937,text,1,1
brfac9370,text,1,1
brfac9371,text,1,1
brfac9372,text,1,1
brfac9373,text,1,1
brfac9374,text,1,1
brfac9375,text,1,1
brfac9376,text,1,1
brfac9377,text,1,1
brfac9378,text,1,1
brfac9379,text,1,1
brfac938,text,1,1
brfac9380,text,1,1
brfac9381,text,1,1
brfac9382,text,1,1
brfac9383,text,1,1
brfac9384,text,1,1
brfac9385,text,1,1
brfac9386,text,1,1
brfac9387,text,1,1
brfac9388,text,1,1
brfac9389,text,1,1
brfac939,text,1,1
brfac9390,text,1,1
brfac9391,text,1,1
brfac9392,text,1,1
brfac9393,text,1,1
brfac9394,text,1,1
brfac9395,text,1,1
brfac9396,text,1,1
brfac9397,text,1,1
brfac9398,text,1,1
brfac9399,text,1,1
brfac94,text,1,1
brfac940,text,1,1
brfac9400,text,1,1
brfac9401,text,1,1
brfac9402,text,1,1
brfac9403,text,1,1
brfac9404,text,1,1
brfac9405,text,1,1
brfac9406,text,1,1
brfac9407,text,1,1
brfac9408,text,1,1
brfac941,text,1,1
brfac9410,text,1,1
brfac9411,text,1,1
brfac9412,text,1,1
brfac9413,text,1,1
brfac9414,text,1,1
brfac9415,text,1,1
brfac9416,text,1,1
brfac9417,text,1,1
brfac9418,text,1,1
brfac9419,text,1,1
brfac942,text,1,1
brfac9420,text,1,1
brfac9421,text,1,1
brfac9422,text,1,1
brfac9423,text,1,1
brfac9424,text,1,1
brfac9425,text,1,1
brfac9426,text,1,1
brfac9427,text,1,1
brfac9428,text,1,1
brfac9429,text,1,1
brfac943,text,1,1
brfac9430,text,1,1
brfac9431,text,1,1
brfac9432,text,1,1
brfac9433,text,1,1
brfac9434,text,1,1
brfac9435,text,1,1
brfac9436,text,1,1
brfac9437,text,1,1
brfac9438,text,1,1
brfac9439,text,1,1
brfac944,text,1,1
brfac9440,text,1,1
brfac9441,text,1,1
brfac9442,text,1,1
brfac9443,text,1,1
brfac9444,text,1,1
brfac9445,text,1,1
brfac9446,text,1,1
brfac9447,text,1,1
brfac9448,text,1,1
brfac9449,text,1,1
brfac945,text,1,1
brfac9450,text,1,1
brfac9451,text,1,1
brfac9452,text,1,1
brfac9453,text,1,1
brfac9454,text,1,1
brfac9455,text,1,1
brfac9456,text,1,1
brfac9457,text,1,1
brfac9458,text,1,1
brfac9459,text,1,1
brfac946,text,1,1
brfac9460,text,1,1
brfac9461,text,1,1
brfac9462,text,1,1
brfac9463,text,1,1
brfac9464,text,1,1
brfac9465,text,1,1
brfac9466,text,1,1
brfac9467,text,1,1
brfac9468,text,1,1
brfac9469,text,1,1
brfac947,text,1,1
brfac9470,text,1,1
brfac9471,text,1,1
brfac9472,text,1,1
brfac9473,text,1,1
brfac9474,text,1,1
brfac9475,text,1,1
brfac9476,text,1,1
brfac9477,text,1,1
brfac9478,text,1,1
brfac9479,text,1,1
brfac948,text,1,1
brfac9480,text,1,1
brfac9481,text,1,1
brfac9482,text,1,1
brfac9483,text,1,1
brfac9484,text,1,1
brfac9485,text,1,1
brfac9486,text,1,1
brfac9487,text,1,1
brfac9488,text,1,1
brfac9489,text,1,1
brfac949,text,1,1
brfac9490,text,1,1
brfac9491,text,1,1
brfac9492,text,1,1
brfac9493,text,1,1
brfac9494,text,1,1
brfac9495,text,1,1
brfac9496,text,1,1
brfac9497,text,1,1
brfac9498,text,1,1
brfac9499,text,1,1
brfac95,text,1,1
brfac950,text,1,1
brfac9500,text,1,1
brfac9501,text,1,1
brfac9502,text,1,1
brfac9503,text,1,1
brfac9504,text,1,1
brfac9505,text,1,1
brfac9506,text,1,1
brfac9507,text,1,1
brfac9508,text,1,1
brfac9509,text,1,1
brfac951,text,1,1
brfac9510,text,1,1
brfac9511,text,1,1
brfac9512,text,1,1
brfac9513,text,1,1
brfac9514,text,1,1
brfac9515,text,1,1
brfac9516,text,1,1
brfac9517,text,1,1
brfac9518,text,1,1
brfac9519,text,1,1
brfac952,text,1,1
brfac9520,text,1,1
brfac9521,text,1,1
brfac9522,text,1,1
brfac9523,text,1,1
brfac9524,text,1,1
brfac9525,text,1,1
brfac9526,text,1,1
brfac9527,text,1,1
brfac9528,text,1,1
brfac9529,text,1,1
brfac953,text,1,1
brfac9530,text,1,1
brfac9531,text,1,1
brfac9532,text,1,1
brfac9533,text,1,1
brfac9534,text,1,1
brfac9535,text,1,1
brfac9536,text,1,1
brfac9537,text,1,1
brfac9538,text,1,1
brfac9539,text,1,1
brfac954,text,1,1
brfac9540,text,1,1
brfac9541,text,1,1
brfac9542,text,1,1
brfac9543,text,1,1
brfac9544,text,1,1
brfac9545,text,1,1
brfac9546,text,1,1
brfac9547,text,1,1
brfac9548,text,1,1
brfac9549,text,1,1
brfac955,text,1,1
brfac9550,text,1,1
brfac9551,text,1,1
brfac9552,text,1,1
brfac9553,text,1,1
brfac9554,text,1,1
brfac9555,text,1,1
brfac9556,text,1,1
brfac9557,text,1,1
brfac9558,text,1,1
brfac9559,text,1,1
brfac956,text,1,1
brfac9560,text,1,1
brfac9561,text,1,1
brfac9562,text,1,1
brfac9563,text,1,1
brfac9564,text,1,1
brfac9565,text,1,1
brfac9566,text,1,1
brfac9567,text,1,1
brfac9568,text,1,1
brfac9569,text,1,1
brfac957,text,1,1
brfac9570,text,1,1
brfac9571,text,1,1
brfac9572,text,1,1
brfac9573,text,1,1
brfac9574,text,1,1
brfac9575,text,1,1
brfac9576,text,1,1
brfac9577,text,1,1
brfac9578,text,1,1
brfac9579,text,1,1
brfac958,text,1,1
brfac9580,text,1,1
brfac9581,text,1,1
brfac9582,text,1,1
brfac9583,text,1,1
brfac9584,text,1,1
brfac9585,text,1,1
brfac9586,text,1,1
brfac9587,text,1,1
brfac9588,text,1,1
brfac9589,text,1,1
brfac959,text,1,1
brfac9590,text,1,1
brfac9591,text,1,1
brfac9592,text,1,1
brfac9593,text,1,1
brfac9594,text,1,1
brfac9595,text,1,1
brfac9596,text,1,1
brfac9597,text,1,1
brfac9598,text,1,1
brfac9599,text,1,1
brfac96,text,1,1
brfac960,text,1,1
brfac9600,text,1,1
brfac9601,text,1,1
brfac9602,text,1,1
brfac9603,text,1,1
brfac9604,text,1,1
brfac9605,text,1,1
brfac9606,text,1,1
brfac9607,text,1,1
brfac9608,text,1,1
brfac9609,text,1,1
brfac9610,text,1,1
brfac9611,text,1,1
brfac9612,text,1,1
brfac9613,text,1,1
brfac9614,text,1,1
brfac9615,text,1,1
brfac9616,text,1,1
brfac9617,text,1,1
brfac9618,text,1,1
brfac9619,text,1,1
brfac962,text,1,1
brfac9620,text,1,1
brfac9621,text,1,1
brfac9622,text,1,1
brfac9623,text,1,1
brfac9624,text,1,1
brfac9625,text,1,1
brfac9626,text,1,1
brfac9627,text,1,1
brfac9628,text,1,1
brfac9629,text,1,1
brfac963,text,1,1
brfac9630,text,1,1
brfac9631,text,1,1
brfac9632,text,1,1
brfac9633,text,1,1
brfac9634,text,1,1
brfac9635,text,1,1
brfac9636,text,1,1
brfac9637,text,1,1
brfac9638,text,1,1
brfac9639,text,1,1
brfac964,text,1,1
brfac9640,text,1,1
brfac9641,text,1,1
brfac9642,text,1,1
brfac9643,text,1,1
brfac9644,text,1,1
brfac9645,text,1,1
brfac9646,text,1,1
brfac9647,text,1,1
brfac9648,text,1,1
brfac9649,text,1,1
brfac965,text,1,1
brfac9650,text,1,1
brfac9651,text,1,1
brfac9652,text,1,1
brfac9653,text,1,1
brfac9654,text,1,1
brfac9655,text,1,1
brfac9656,text,1,1
brfac9657,text,1,1
brfac9658,text,1,1
brfac9659,text,1,1
brfac966,text,1,1
brfac9660,text,1,1
brfac9661,text,1,1
brfac9662,text,1,1
brfac9663,text,1,1
brfac9664,text,1,1
brfac9665,text,1,1
brfac9666,text,1,1
brfac9667,text,1,1
brfac9668,text,1,1
brfac9669,text,1,1
brfac967,text,1,1
brfac9670,text,1,1
brfac9671,text,1,1
brfac9672,text,1,1
brfac9673,text,1,1
brfac9674,text,1,1
brfac9675,text,1,1
brfac9676,text,1,1
brfac9677,text,1,1
brfac9678,text,1,1
brfac9679,text,1,1
brfac968,text,1,1
brfac9680,text,1,1
brfac9681,text,1,1
brfac9682,text,1,1
brfac9683,text,1,1
brfac9684,text,1,1
brfac9685,text,1,1
brfac9686,text,1,1
brfac9687,text,1,1
brfac9688,text,1,1
brfac9689,text,1,1
brfac969,text,1,1
brfac9690,text,1,1
brfac9691,text,1,1
brfac9692,text,1,1
brfac9693,text,1,1
brfac9694,text,1,1
brfac9695,text,1,1
brfac9696,text,1,1
brfac9697,text,1,1
brfac9698,text,1,1
brfac9699,text,1,1
brfac97,text,1,1
brfac970,text,1,1
brfac9700,text,1,1
brfac9701,text,1,1
brfac9702,text,1,1
brfac9703,text,1,1
brfac9704,text,1,1
brfac9705,text,1,1
brfac9706,text,1,1
brfac9707,text,1,1
brfac9708,text,1,1
brfac9709,text,1,1
brfac971,text,1,1
brfac9710,text,1,1
brfac9711,text,1,1
brfac9712,text,1,1
brfac9713,text,1,1
brfac9714,text,1,1
brfac9715,text,1,1
brfac9716,text,1,1
brfac9717,text,1,1
brfac9718,text,1,1
brfac9719,text,1,1
brfac972,text,1,1
brfac9720,text,1,1
brfac9721,text,1,1
brfac9722,text,1,1
brfac9723,text,1,1
brfac9724,text,1,1
brfac9725,text,1,1
brfac9726,text,1,1
brfac9727,text,1,1
brfac9728,text,1,1
brfac9729,text,1,1
brfac973,text,1,1
brfac9730,text,1,1
brfac9731,text,1,1
brfac9732,text,1,1
brfac9733,text,1,1
brfac9734,text,1,1
brfac9735,text,1,1
brfac9736,text,1,1
brfac9737,text,1,1
brfac9738,text,1,1
brfac9739,text,1,1
brfac974,text,1,1
brfac9740,text,1,1
brfac9741,text,1,1
brfac9742,text,1,1
brfac9743,text,1,1
brfac9744,text,1,1
brfac9745,text,1,1
brfac9746,text,1,1
brfac9747,text,1,1
brfac9748,text,1,1
brfac9749,text,1,1
brfac975,text,1,1
brfac9750,text,1,1
brfac9751,text,1,1
brfac9752,text,1,1
brfac9753,text,1,1
brfac9754,text,1,1
brfac9755,text,1,1
brfac9756,text,1,1
brfac9757,text,1,1
brfac9758,text,1,1
brfac9759,text,1,1
brfac976,text,1,1
brfac9760,text,1,1
brfac9761,text,1,1
brfac9762,text,1,1
brfac9763,text,1,1
brfac9764,text,1,1
brfac9765,text,1,1
brfac9766,text,1,1
brfac9767,text,1,1
brfac9768,text,1,1
brfac9769,text,1,1
brfac977,text,1,1
brfac9770,text,1,1
brfac9771,text,1,1
brfac9772,text,1,1
brfac9773,text,1,1
brfac9774,text,1,1
brfac9775,text,1,1
brfac9776,text,1,1
brfac9777,text,1,1
brfac9778,text,1,1
brfac9779,text,1,1
brfac978,text,1,1
brfac9780,text,1,1
brfac9781,text,1,1
brfac9782,text,1,1
brfac9783,text,1,1
brfac9784,text,1,1
brfac9785,text,1,1
brfac9786,text,1,1
brfac9787,text,1,1
brfac9788,text,1,1
brfac9789,text,1,1
brfac979,text,1,1
brfac9790,text,1,1
brfac9791,text,1,1
brfac9792,text,1,1
brfac9793,text,1,1
brfac9794,text,1,1
brfac9795,text,1,1
brfac9796,text,1,1
brfac9797,text,1,1
brfac9798,text,1,1
brfac9799,text,1,1
brfac98,text,1,1
brfac980,text,1,1
brfac9800,text,1,1
brfac9802,text,1,1
brfac9803,text,1,1
brfac9804,text,1,1
brfac9805,text,1,1
brfac9806,text,1,1
brfac9807,text,1,1
brfac9808,text,1,1
brfac9809,text,1,1
brfac981,text,1,1
brfac9810,text,1,1
brfac9811,text,1,1
brfac9812,text,1,1
brfac9813,text,1,1
brfac9814,text,1,1
brfac9815,text,1,1
brfac9816,text,1,1
brfac9817,text,1,1
brfac9818,text,1,1
brfac9819,text,1,1
brfac982,text,1,1
brfac9820,text,1,1
brfac9821,text,1,1
brfac9822,text,1,1
brfac9823,text,1,1
brfac9824,text,1,1
brfac9825,text,1,1
brfac9826,text,1,1
brfac9827,text,1,1
brfac9828,text,1,1
brfac9829,text,1,1
brfac983,text,1,1
brfac9830,text,1,1
brfac9831,text,1,1
brfac9832,text,1,1
brfac9833,text,1,1
brfac9834,text,1,1
brfac9835,text,1,1
brfac9836,text,1,1
brfac9837,text,1,1
brfac9838,text,1,1
brfac9839,text,1,1
brfac984,text,1,1
brfac9840,text,1,1
brfac9841,text,1,1
brfac9842,text,1,1
brfac9843,text,1,1
brfac9844,text,1,1
brfac9845,text,1,1
brfac9846,text,1,1
brfac9847,text,1,1
brfac9848,text,1,1
brfac9849,text,1,1
brfac985,text,1,1
brfac9850,text,1,1
brfac9851,text,1,1
brfac9852,text,1,1
brfac9853,text,1,1
brfac9854,text,1,1
brfac9855,text,1,1
brfac9856,text,1,1
brfac9857,text,1,1
brfac9858,text,1,1
brfac9859,text,1,1
brfac986,text,1,1
brfac9860,text,1,1
brfac9861,text,1,1
brfac9862,text,1,1
brfac9863,text,1,1
brfac9864,text,1,1
brfac9865,text,1,1
brfac9866,text,1,1
brfac9867,text,1,1
brfac9868,text,1,1
brfac9869,text,1,1
brfac987,text,1,1
brfac9870,text,1,1
brfac9871,text,1,1
brfac9872,text,1,1
brfac9873,text,1,1
brfac9874,text,1,1
brfac9875,text,1,1
brfac9876,text,1,1
brfac9877,text,1,1
brfac9878,text,1,1
brfac9879,text,1,1
brfac988,text,1,1
brfac9880,text,1,1
brfac9881,text,1,1
brfac9882,text,1,1
brfac9883,text,1,1
brfac9884,text,1,1
brfac9885,text,1,1
brfac9886,text,1,1
brfac9887,text,1,1
brfac9888,text,1,1
brfac9889,text,1,1
brfac989,text,1,1
brfac9890,text,1,1
brfac9891,text,1,1
brfac9892,text,1,1
brfac9893,text,1,1
brfac9894,text,1,1
brfac9895,text,1,1
brfac9896,text,1,1
brfac9897,text,1,1
brfac9898,text,1,1
brfac9899,text,1,1
brfac99,text,1,1
brfac990,text,1,1
brfac9900,text,1,1
brfac9901,text,1,1
brfac9902,text,1,1
brfac9903,text,1,1
brfac9904,text,1,1
brfac9905,text,1,1
brfac9906,text,1,1
brfac9907,text,1,1
brfac9908,text,1,1
brfac9909,text,1,1
brfac991,text,1,1
brfac9910,text,1,1
brfac9911,text,1,1
brfac9912,text,1,1
brfac9913,text,1,1
brfac9914,text,1,1
brfac9915,text,1,1
brfac9916,text,1,1
brfac9917,text,1,1
brfac9918,text,1,1
brfac9919,text,1,1
brfac992,text,1,1
brfac9920,text,1,1
brfac9921,text,1,1
brfac9922,text,1,1
brfac9923,text,1,1
brfac9924,text,1,1
brfac9925,text,1,1
brfac9926,text,1,1
brfac9927,text,1,1
brfac9928,text,1,1
brfac9929,text,1,1
brfac993,text,1,1
brfac9930,text,1,1
brfac9931,text,1,1
brfac9932,text,1,1
brfac9933,text,1,1
brfac9934,text,1,1
brfac9935,text,1,1
brfac9936,text,1,1
brfac9937,text,1,1
brfac9938,text,1,1
brfac9939,text,1,1
brfac994,text,1,1
brfac9940,text,1,1
brfac9941,text,1,1
brfac9942,text,1,1
brfac9943,text,1,1
brfac9944,text,1,1
brfac9945,text,1,1
brfac9946,text,1,1
brfac9947,text,1,1
brfac9948,text,1,1
brfac9949,text,1,1
brfac995,text,1,1
brfac9950,text,1,1
brfac9951,text,1,1
brfac9952,text,1,1
brfac9953,text,1,1
brfac9954,text,1,1
brfac9955,text,1,1
brfac9956,text,1,1
brfac9957,text,1,1
brfac9958,text,1,1
brfac9959,text,1,1
brfac996,text,1,1
brfac9960,text,1,1
brfac9961,text,1,1
brfac9962,text,1,1
brfac9963,text,1,1
brfac9964,text,1,1
brfac9965,text,1,1
brfac9966,text,1,1
brfac9967,text,1,1
brfac9968,text,1,1
brfac9969,text,1,1
brfac997,text,1,1
brfac9970,text,1,1
brfac9971,text,1,1
brfac9972,text,1,1
brfac9973,text,1,1
brfac9974,text,1,1
brfac9975,text,1,1
brfac9976,text,1,1
brfac9977,text,1,1
brfac9978,text,1,1
brfac9979,text,1,1
brfac998,text,1,1
brfac9980,text,1,1
brfac9981,text,1,1
brfac9982,text,1,1
brfac9983,text,1,1
brfac9984,text,1,1
brfac9985,text,1,1
brfac9986,text,1,1
brfac9987,text,1,1
brfac9988,text,1,1
brfac9989,text,1,1
brfac999,text,1,1
brfac9990,text,1,1
brfac9991,text,1,1
brfac9992,text,1,1
brfac9993,text,1,1
brfac9994,text,1,1
brfac9995,text,1,1
brfac9996,text,1,1
brfac9997,text,1,1
brfac9998,text,1,1
brfac9999,text,1,1
bridge,text,1,1
brightness,text,1,1
brightness-notify,text,1,1
browser,text,1,1
brussels,binary,1,1
bsd-2-caluse,text,1,1
bsd-2-clause,text,1,1
bskk,binary,1,1
btaptap,text,1,1
btf,text,1,1
btplay,text,1,1
btrfs-space-calculator,text,1,1
bublice,text,1,1
bug-report,text,1,1
bug_io_prompt_local_argv,text,1,1
bug_io_prompter_local_argv,text,1,1
bug_ssl_win32_1,text,1,1
bug_ssl_win32_2,text,1,1
bug_ssl_win32_3_http,text,1,1
bugtraq_post,text,1,1
bugz,text,1,1
build-all,text,1,1
build-cursors,text,1,1
build-darwin-binary,text,1,1
build-docs,text,1,1
build-index,text,1,1
build-self-contained,text,1,1
build-stamp,text,1,1
build8,text,1,1
build_flite,text,1,1
build_instructions,text,1,1
build_ripole,text,1,1
build_sdsl,text,1,1
build_tnef,text,1,1
build_wasi_jasper,text,1,1
buildlib-osx,text,1,1
buildmacros,text,1,1
builtin,text,1,1
bumblebee,text,1,1
bump-boto,text,1,1
bump-kernels,text,1,1
bump-kernels-bin,text,1,1
bump_version,text,1,1
bumpversion,text,1,1
burniso,text,1,1
bus,text,1,1
buttercup,text,1,1
byebug,text,1,1
byequiv,text,1,1
byphoare,text,1,1
bypr,text,1,1
c21,text,1,1
c22,text,1,1
c4,text,1,1
c7088f0f3e6c8088236ef8e1e3e70000,cursors,1,1
caddyfile,text,1,1
cairo,missing,1,1
calc-characteristic,binary,1,1
calc-characteristic-mpi,binary,1,1
calc-jump,binary,1,1
calculate-waste,text,1,1
calendar_query_shared,text,1,1
calendarevent_changes_recreate_uid,text,1,1
call,text,1,1
call-invar,text,1,1
call-invar2,text,1,1
call-invar3,text,1,1
call-true,text,1,1
call-true-true,text,1,1
call1,text,1,1
call1-invar,text,1,1
call1-true,text,1,1
call1-true-true,text,1,1
call2,text,1,1
call2-invar,text,1,1
call2-true,text,1,1
call2-true-true,text,1,1
callback,text,1,1
canon-cr2,text,1,1
card_set_create_addresses,text,1,1
carton,text,1,1
case-move,text,1,1
cassert,text,1,1
cat,text,1,1
cat-names,text,1,1
caveats,text,1,1
cc,text,1,1
cc-by,text,1,1
cc-by-nc,text,1,1
cc-by-nc-nd,text,1,1
cc-by-nc-sa,text,1,1
cc-by-nd,text,1,1
cc-by-sa,text,1,1
cc0,text,1,1
ccache,text,1,1
cciss_vol_status-v_dev_sg0,text,1,1
cclass-metaclass2,text,1,1
cctype,text,1,1
cd,text,1,1
cdrip,text,1,1
celery_pdb,text,1,1
centos7,text,1,1
centos8,text,1,1
cerrno,text,1,1
cfg-update_indexing,text,1,1
cfg-update_phphelper,text,1,1
cfloat,text,1,1
cfold,text,1,1
cfold-from-to,text,1,1
cfold-from-to1,text,1,1
cfold-from-to2,text,1,1
cfold1,text,1,1
cfold2,text,1,1
cfold_from_to,text,1,1
cfold_from_to1,text,1,1
cfold_from_to2,text,1,1
cgroup,text,1,1
changelog-20090517,text,1,1
changelog-orig,text,1,1
changelog2,binary,1,1
changelogunzip,text,1,1
check-bash-lab-experiments,text,1,1
check-clang-format,text,1,1
check-exports,text,1,1
check-generated-files,text,1,1
check-headers,text,1,1
check-licenses-gpl2,text,1,1
check-mismatched-packages,text,1,1
check-permissions,text,1,1
check-psk-crack-1,text,1,1
check-psk-crack-2,text,1,1
check-psk-crack-3,text,1,1
check-psk-crack-4,text,1,1
check-run2,text,1,1
check-run3,text,1,1
check-script,text,1,1
check-translations,text,1,1
check-vendor-ids,text,1,1
check-vspec-result,text,1,1
check_bufferoverflow,text,1,1
check_command_line_options,binary,1,1
check_entities,text,1,1
check_fallback_entities,text,1,1
check_go_version,text,1,1
check_hr,text,1,1
check_html32,text,1,1
check_latex,text,1,1
check_latin2,text,1,1
check_ligatures,text,1,1
check_links_inline,text,1,1
check_lists,text,1,1
check_multiple,text,1,1
check_needrestart,text,1,1
check_po,text,1,1
check_rpc,text,1,1
check_script,text,1,1
check_utf8,text,1,1
check_utf8_to_latin1,text,1,1
check_widths,text,1,1
check_win64err,text,1,1
check_windows-1252,text,1,1
check_winerr,text,1,1
check_xml_default_encoding,text,1,1
checkall,text,1,1
checkallmarks,text,1,1
checktests,text,1,1
ci,text,1,1
ci-build,text,1,1
ci-docker-run,text,1,1
ci-install-compiler,text,1,1
ci-script,text,1,1
cinaps_helpers,text,1,1
circular,text,1,1
citeproc-arg,text,1,1
clang,text,1,1
clang-format-check,text,1,1
clang-tidy-checks,text,1,1
class11,text,1,1
class_doxygen_doc,text,1,1
class_name,text,1,1
classmethod,text,1,1
clean-class,text,1,1
clean-filter,text,1,1
cleanschema,text,1,1
clear,text,1,1
clearlist,text,1,1
clearlogos,text,1,1
clearlooks,text,1,1
clevis-decrypt-@pin@,text,1,1
clevis-decrypt-file,text,1,1
clevis-encrypt-@pin@,text,1,1
clevis-encrypt-file,text,1,1
cli,binary,1,1
cli,text,1,1
client,binary,1,1
clifmrc,text,1,1
climits,text,1,1
cliphist-fuzzel-img,text,1,1
cliphist-fzf-sixel,text,1,1
cliphist-rofi,text,1,1
cliphist-rofi-img,text,1,1
clj,text,1,1
clocale,text,1,1
clone-as,text,1,1
clone-as-with,text,1,1
clone-import,text,1,1
clone-include,text,1,1
clone-no-with,text,1,1
cloud-localds,text,1,1
cloud-publish-ubuntu,text,1,1
clusterfuzz-testcase-minimized-unpack_pack_fuzzer-5656982724804608,binary,1,1
clusterfuzz-testcase-minimized-unpack_pack_fuzzer-6022481354686464,binary,1,1
cmake,missing,1,1
cmake-fedora,missing,1,1
cmake-gettext,missing,1,1
cmake-osx,text,1,1
cmake_mex_wrapper,text,1,1
cmath,text,1,1
cmd,text,1,1
cmdliner,missing,1,1
co,text,1,1
coda-sync-acls,text,1,1
collection,text,1,1
colorpicker,text,1,1
colors,text,1,1
colortest,text,1,1
colour-blacklist,text,1,1
colour-whitelist,text,1,1
colours,text,1,1
com,text,1,1
command_ignorelist,text,1,1
commandlinefu,text,1,1
comment,text,1,1
commentblock,text,1,1
commented,text,1,1
commenter,text,1,1
commit-hash,text,1,1
commit-snippet-2,text,1,1
common-config,text,1,1
common-data,text,1,1
common-functions,text,1,1
common_solutions,text,1,1
compare_volk_profiles,text,1,1
compile-wrappers,text,1,1
compilerss,text,1,1
complement,text,1,1
complete,text,1,1
complex_schema,text,1,1
compliance,text,1,1
composable_kernel,missing,1,1
compute_prefix,text,1,1
cond,text,1,1
condp,text,1,1
conffiles,text,1,1
config_file,text,1,1
config_script_example_1,text,1,1
config_template,text,1,1
configure-debug,text,1,1
connection_reset_test,text,1,1
cons,text,1,1
conseq,text,1,1
conseq-invar,text,1,1
conseq-true,text,1,1
conseq-true-true,text,1,1
conseq1,text,1,1
conseq1-invar,text,1,1
conseq1-true,text,1,1
conseq1-true-true,text,1,1
conseq2,text,1,1
conseq2-invar,text,1,1
conseq2-true,text,1,1
conseq2-true-true,text,1,1
const,text,1,1
consts,text,1,1
containers,text,1,1
contents,text,1,1
contribute,text,1,1
controller,text,1,1
convert-highscorefile,text,1,1
convert-settings,text,1,1
convert_documentation,text,1,1
copr-build-setup,text,1,1
copy,text,1,1
copying,archives,1,1
copying-lgpl,text,1,1
copying-license,text,1,1
copying-sdl2,text,1,1
copying3,text,1,1
copynotice,text,1,1
copyright,binary,1,1
copyright_exceptions,text,1,1
coq-error,text,1,1
coqauvin,text,1,1
coraid-update,text,1,1
corebuild,text,1,1
cores-linux-x64-generic,text,1,1
coretop,text,1,1
corollary,text,1,1
correct-dic,binary,1,1
correct-result,text,1,1
cosmos,missing,1,1
coucal,missing,1,1
coverage1,text,1,1
cowthink,text,1,1
coyhaique,binary,1,1
cp-with-libs,text,1,1
cp1250,binary,1,1
cp1251,binary,1,1
cp1252,binary,1,1
cp1253,binary,1,1
cp1254,binary,1,1
cp1255,binary,1,1
cp1256,binary,1,1
cp1257,binary,1,1
cp1258,binary,1,1
cpp-base64,missing,1,1
cpp_template,text,1,1
cppcheck,text,1,1
cppcheck-fs-uae,text,1,1
cppcheck-libfsemu,text,1,1
cppcheck-libmpeg2,text,1,1
cppcheck-lua,text,1,1
cppcheck-manymouse,text,1,1
cppcheck-od-fs,text,1,1
cppcheck-pearpc,text,1,1
cppcheck-ppc,text,1,1
cppcheck-slirp,text,1,1
cppcheck-uae,text,1,1
cprofile,text,1,1
cpu_usage,text,1,1
cpuactturbo,text,1,1
cpuhotplug,text,1,1
crash-68f8e0ba3d73255e879027ffd2dd39bf8cc34120,text,1,1
crashpad,missing,1,1
crazy_20gb_file,missing,1,1
create-changes,text,1,1
create-cluster,text,1,1
create-test,text,1,1
create-test-pack,text,1,1
create_deb,text,1,1
create_folder,text,1,1
create_mysql,text,1,1
createlist,text,1,1
createpkg,text,1,1
credits-music,text,1,1
cronlist,text,1,1
cross_reverse,cursors,1,1
crowdsec,text,1,1
crunch,missing,1,1
crunch_memory,text,1,1
crypttab-test-data,text,1,1
cs_cz,text,1,1
csetjmp,text,1,1
csignal,text,1,1
cstdarg,text,1,1
cstddef,text,1,1
cstdio,text,1,1
cstdlib,text,1,1
cstring,text,1,1
ctan,text,1,1
ctime,text,1,1
ctrl-status,text,1,1
cub,missing,1,1
cubeb-coreaudio-rs,missing,1,1
curl,missing,1,1
cursorcreate,missing,1,1
cve-2019-16378,text,1,1
cve-2020-12272,text,1,1
cvscompile,text,1,1
cwchar,text,1,1
cwctype,text,1,1
cyr-2428-remove-libcap-support,text,1,1
d0b64ca4dd3e5dbcd9d1a12a1f2b84f893a22d,binary,1,1
d1,text,1,1
d217fb2d81d4314d48ade41ad3cad13324861d296e4e786e6498f3123951709c,text,1,1
d9ce0ab605698f320427677b458ad60b,cursors,1,1
daemonconfig,binary,1,1
daily_rollover_script,text,1,1
danted-waitif,text,1,1
dark,text,1,1
darkstat_export,text,1,1
darts,binary,1,1
dat2mtx,missing,1,1
dat2pgm,missing,1,1
data512,binary,1,1
data8190,binary,1,1
data8192,binary,1,1
data_utf7,text,1,1
dataset,text,1,1
date-order,text,1,1
date_manip,text,1,1
dau,text,1,1
day,text,1,1
db2,text,1,1
db_headers_common,text,1,1
db_outdated,text,1,1
dbfile,text,1,1
dbg,text,1,1
dbi-version,text,1,1
dbmdeep,text,1,1
dcfldd,text,1,1
dco,text,1,1
dde898df4e48755c8c2b7af6f908b6fa48a229,binary,1,1
de,text,1,1
de1028a3fe87471f027522c3ed9ec02b8364a006,binary,1,1
de230c4a009f5ee5fbb27984642d0130b86046,binary,1,1
deb,text,1,1
deb_buildcheck_profiles_sources,text,1,1
debian-binary,text,1,1
debian-cloud-image-config,text,1,1
debian-devel,text,1,1
debian_test_build,text,1,1
deblists,text,1,1
debpkghome,text,1,1
debsec,text,1,1
debsrc,text,1,1
debugedit,missing,1,1
debwiki,text,1,1
dec,text,1,1
decals,missing,1,1
declare,text,1,1
declarelicense,text,1,1
decompressall,text,1,1
decrement-counter,text,1,1
dectest32-sp,binary,1,1
dectest64-sp,binary,1,1
deer,text,1,1
deer2,text,1,1
default_config,text,1,1
default_matwmrc,text,1,1
default_preview_path,text,1,1
deflated-content,binary,1,1
defm,text,1,1
defn,text,1,1
defr,text,1,1
defs,text,1,1
deft,text,1,1
deftest,text,1,1
degree,binary,1,1
deja,text,1,1
delete,text,1,1
delete_all_folders,text,1,1
delete_folder,text,1,1
delink,text,1,1
demo,text,1,1
demo_instructions,text,1,1
demo_sub,text,1,1
description-pak,text,1,1
design,text,1,1
desk,text,1,1
destroy,text,1,1
desy-keycloak,text,1,1
detoxrc,text,1,1
devel,text,1,1
developers,text,1,1
developing,text,1,1
device,text,1,1
dfa,text,1,1
diamond_cross,cursors,1,1
diff-filelist-perms,text,1,1
diff-filelist-ver,text,1,1
diffprofile,text,1,1
digitemp_,text,1,1
dir_metadata,text,1,1
directxmath,missing,1,1
dirname,text,1,1
discogs,text,1,1
diskdump-basic,text,1,1
diskdump-basic-lzo,text,1,1
diskdump-basic-raw,text,1,1
diskdump-basic-snappy,text,1,1
diskdump-basic-zlib,text,1,1
diskdump-basic-zstd,text,1,1
diskdump-empty,text,1,1
diskdump-empty-i386,text,1,1
diskdump-empty-ppc64,text,1,1
diskdump-empty-s390x,text,1,1
diskdump-empty-x86_64,text,1,1
diskdump-excluded,text,1,1
diskdump-flat-raw,text,1,1
diskdump-multiread,text,1,1
diskdump-split,text,1,1
diskdump-split-flat,text,1,1
diskdump-split-mixed,text,1,1
diskdump-v6-arm,text,1,1
diskdump-v6-ia32,text,1,1
disklist,text,1,1
display-names,text,1,1
dist_exclude,text,1,1
distcc,text,1,1
distcheck,text,1,1
distrobox-ephemeral,text,1,1
distrobox-export,text,1,1
distrobox-generate-entry,text,1,1
distrobox-host-exec,text,1,1
distrobox-list,text,1,1
distrobox-rm,text,1,1
distrobox-stop,text,1,1
distrobox-upgrade,text,1,1
django_test_class,text,1,1
dkim,text,1,1
dmlc-submit,text,1,1
dns_srv_imap,text,1,1
dnsmasq_exporter,text,1,1
dnsperftest,text,1,1
do-n-times,text,1,1
do-release-commit-and-tag,text,1,1
do-split,text,1,1
docguide,text,1,1
docheck,text,1,1
dockcross-linux-armv6,text,1,1
docker-advanced,text,1,1
docker-build,text,1,1
docker-dkbuilder,text,1,1
dockerfile-amd64-debianbookworm-350,text,1,1
dockerfile-amd64-debianbookworm-devel,text,1,1
dockerfile-amd64-fedora-devel,text,1,1
dockerfile-amd64-ubuntu-devel,text,1,1
dockerfile-amd64-ubuntu2204-350,text,1,1
dockerfile-amd64-ubuntu2404-350,text,1,1
dockerfile-arch,text,1,1
dockerfile-build,text,1,1
dockerfile-debian12-32bit,text,1,1
dockerfile-dind-certs,text,1,1
dockerfile-fedora,text,1,1
dockerfile-for-frpc,text,1,1
dockerfile-for-frps,text,1,1
dockerfile-goreleaser,text,1,1
dockerfile-napiclient,text,1,1
dockerfile-napiserver,text,1,1
dockerfile-radius,text,1,1
dockerfile-test-debian-10,text,1,1
dockerfile-test-debian-11,text,1,1
dockerfile-test-fedora-30,text,1,1
dockerfile-test-fedora-36,text,1,1
dockerfile-ubuntu,text,1,1
dockerfile_f43,text,1,1
dockerfile_fedora,text,1,1
dockerfile_gentoo,text,1,1
dockerfile_gentoo_clang,text,1,1
dockerfile_ubuntu_latest,text,1,1
dockerhub,text,1,1
docs-build,text,1,1
docsrc,missing,1,1
doctest,text,1,1
doinstall,text,1,1
domains_servers_map,text,1,1
donatelist,text,1,1
dosbox,text,1,1
doseq,text,1,1
dosplit,text,1,1
dot2tex,text,1,1
dot_box_mask,cursors,1,1
dotbot,text,1,1
dotest,text,1,1
double_arrow,cursors,1,1
doublezip,archives,1,1
dovecot,text,1,1
dovecot-virtual,text,1,1
download-windows-wheels,text,1,1
downloader,binary,1,1
doxcommand,text,1,1
doxyconfig,text,1,1
doxyfile_api_only,text,1,1
doxyfileweb,text,1,1
doxygen-awesome-css,missing,1,1
dpi,text,1,1
dpkg-status,text,1,1
dracut,text,1,1
draft_large,cursors,1,1
draft_small,cursors,1,1
draped_box,cursors,1,1
drbl-functions,text,1,1
driver,missing,1,1
drpm_test_file_4,text,1,1
dshbak,text,1,1
dsp2cc,text,1,1
dsp2insert,text,1,1
dspam,text,1,1
duckduckgo,text,1,1
dummy-keystore,binary,1,1
dummy-macho-universal-x86-x86_64,binary,1,1
dummy-test,text,1,1
dummyroot,text,1,1
dumping,text,1,1
dumptypes,text,1,1
dvd_rip,text,1,1
dvd_structures,text,1,1
dwarf5_simple_exe,binary,1,1
dzr-id3,text,1,1
dzr-md5,text,1,1
e-in-mono-section,text,1,1
e1000e,text,1,1
e29285e634086352946a0e7090d73106,cursors,1,1
e2e-test-subrs,text,1,1
e2k_elbrus_4x_e4c_cpuinfo,text,1,1
e2k_elbrus_4x_e8c_cpuinfo,text,1,1
e2k_elbrus_801_pc_e8c_cpuinfo,text,1,1
e2k_elbrus_e16c_cpuinfo,text,1,1
e2k_elbrus_e2c+_cpuinfo,text,1,1
e2k_elbrus_e2c3_cpuinfo,text,1,1
e2k_elbrus_e8c2_cpuinfo,text,1,1
e8f531caaa67cecb1c7b162f3e1d4e320d79befd,text,1,1
each-gemfile,text,1,1
early-version-code,text,1,1
ebay,text,1,1
ec2metadata,text,1,1
ecall,text,1,1
ecall-wp,text,1,1
echo,binary,1,1
ecukes,text,1,1
ed25519-donna,missing,1,1
editinfo,text,1,1
editorconfig,text,1,1
editorconfig-el,text,1,1
efibootmgr-no-umc-entry,text,1,1
eio,missing,1,1
ejp-filter,text,1,1
electronic,text,1,1
element-list,text,1,1
elephant,text,1,1
elesscfg_for_tests,text,1,1
elf,binary,1,1
elf-basic,text,1,1
elf-basic-flat,text,1,1
elf-be,text,1,1
elf-dom0-no-phys_base,text,1,1
elf-empty,text,1,1
elf-empty-aarch64,text,1,1
elf-empty-i386,text,1,1
elf-empty-i386-elf64,text,1,1
elf-empty-ppc64,text,1,1
elf-empty-ppc64le,text,1,1
elf-empty-s390,text,1,1
elf-empty-s390x,text,1,1
elf-empty-x86_64,text,1,1
elf-eraseinfo,text,1,1
elf-fractional,text,1,1
elf-le,text,1,1
elf-linux-riscv_32,binary,1,1
elf-linux-riscv_64,binary,1,1
elf-multiread,text,1,1
elf-netbsd-x86_64-echo,binary,1,1
elf-nonexistent,text,1,1
elf-overlap,text,1,1
elf-partial,text,1,1
elf-ppc64-bash,binary,1,1
elf-prstatus-aarch64,text,1,1
elf-prstatus-arm,text,1,1
elf-prstatus-i386,text,1,1
elf-prstatus-ppc64,text,1,1
elf-prstatus-riscv64,text,1,1
elf-prstatus-s390x,text,1,1
elf-prstatus-x86_64,text,1,1
elf-qemu-cpustate-x86_64,text,1,1
elf-task_struct,text,1,1
elf-virt-phys-clash,text,1,1
elf-vmcoreinfo,text,1,1
elf-xen_prstatus,text,1,1
elf64-x86-64,text,1,1
elif,text,1,1
elim-proof-term,text,1,1
elim-var,text,1,1
elisp-comp,binary,1,1
else,text,1,1
email_set_create_memo_inreplyto,text,1,1
embedded-tryme,text,1,1
emerge,text,1,1
emerge_with_indexing_for_cfg-update,text,1,1
emerge_with_indexing_for_cfg-update_bashhelper,text,1,1
emerge_with_indexing_for_cfg-update_phphelper,text,1,1
emojilib2tsv,text,1,1
empathy,text,1,1
empty-logfile,text,1,1
empty_namespace,text,1,1
emptyarray,binary,1,1
emptyobject,binary,1,1
en_list,text,1,1
ena,text,1,1
enable-yash-builtin,text,1,1
endlessh,text,1,1
engauge_wrapper,text,1,1
engine,text,1,1
enicstat,text,1,1
ensure,text,1,1
entries,missing,1,1
enum_test,text,1,1
env-atom,text,1,1
envoy_versions,text,1,1
envvartest,text,1,1
enwik7,text,1,1
epiphany,text,1,1
equiv,text,1,1
errata,text,1,1
ert-runner,text,1,1
ether_ipv4_tcp,binary,1,1
ether_ipv4_udp,binary,1,1
euc-cn,binary,1,1
euc-jisx0213,binary,1,1
euc-jp,binary,1,1
euc-kr,binary,1,1
euc-tw,binary,1,1
evdev,text,1,1
evdev-modern,text,1,1
example,text,1,1
example-clients,missing,1,1
example-spnavrc,text,1,1
example-volume1-backup,text,1,1
excessivenesting,binary,1,1
exe,text,1,1
executable_without_suffix,text,1,1
executables,text,1,1
exifr,text,1,1
exists,text,1,1
exists-astreix1,text,1,1
exists-astrix,text,1,1
exoptest_windows,text,1,1
exp1,text,1,1
expand-deny-messages,text,1,1
expected-lite,missing,1,1
expired_key_config,text,1,1
exportfs,text,1,1
externals,text,1,1
extlib-abc,missing,1,1
extract-translations,text,1,1
extrapony-wishlist,text,1,1
eyedropper,text,1,1
f5,text,1,1
f84cf5fdcd2d900633996bcbb93536efd3669f318586a20951c8e74a344f1ffd,text,1,1
fa_emoji,text,1,1
fa_extra,text,1,1
fa_list,text,1,1
fa_rules,text,1,1
face,missing,1,1
facter_help_header,text,1,1
factorial,text,1,1
factorization,binary,1,1
fail,text,1,1
fail2ban,text,1,1
fail_if_warnings,text,1,1
fake_file,binary,1,1
fake_git,text,1,1
fakeheader512,archives,1,1
fakeheader8192,archives,1,1
fbthrift,missing,1,1
fc_version,text,1,1
fcf1c3c7cd4491d801f1e1c78f100000,cursors,1,1
fcf21c00b30f7e3f83fe0dfd12e71cff,cursors,1,1
fcitx,missing,1,1
fd_limit_test,text,1,1
fdef,text,1,1
fdl-man_insert,text,1,1
fetch,text,1,1
fetch-examples,text,1,1
fetch_with_size,text,1,1
ff384e2421a333cd52f259cec14c7f790d595db9,text,1,1
file-a,text,1,1
file-b,text,1,1
file-base,text,1,1
file-roller,binary,1,1
file3,text,1,1
file4,text,1,1
file_a,text,1,1
file_a0,text,1,1
file_a1,text,1,1
file_a2,text,1,1
file_age,text,1,1
file_append,text,1,1
file_b,text,1,1
file_b0,text,1,1
file_b1,text,1,1
file_b2,text,1,1
file_c,text,1,1
file_c0,text,1,1
file_c1,text,1,1
file_c2,text,1,1
file_description,text,1,1
file_input,text,1,1
file_mirror,text,1,1
file_out_diff3,text,1,1
file_out_imediff,text,1,1
file_spec,text,1,1
file_string,text,1,1
filename_with_encoded_words,text,1,1
filename_with_spaces,text,1,1
filesystem,text,1,1
filesystems,text,1,1
fill-aa,text,1,1
fill-an-ac,text,1,1
fill-fs,text,1,1
fill-ref-md5,text,1,1
fill_template,text,1,1
filterdemo_cli,text,1,1
filterdemo_gui,text,1,1
find-fixme-markers,text,1,1
firefox-send,text,1,1
first-last,text,1,1
first-n-last,text,1,1
firstn,text,1,1
fish,text,1,1
fish_completion,text,1,1
fission,text,1,1
fission1,text,1,1
fission2,text,1,1
fix,text,1,1
fix-clang-warnings,text,1,1
fix_ftbfs_gcc47,text,1,1
fix_incrontab_bad_ownership,text,1,1
fix_incrontab_path_with_spaces_handling,text,1,1
fix_inotify_syscall_conditional,text,1,1
fix_typo_manpage,text,1,1
fixdlsrps,text,1,1
fixfmps,text,1,1
fixpsditps,text,1,1
fixpspps,text,1,1
fixscribeps,text,1,1
fixtpps,text,1,1
fixwfwps,text,1,1
fixwpps,text,1,1
fixwwps,text,1,1
flatpak-builder-tools,missing,1,1
flavorfile,text,1,1
flightgear,missing,1,1
floorp,text,1,1
flower,text,1,1
flto-g++,text,1,1
flush_digests,text,1,1
flv,text,1,1
fmt,text,1,1
fobos,text,1,1
focal,text,1,1
foliate-js,missing,1,1
folly,missing,1,1
font-patcher,text,1,1
fonts,missing,1,1
fonts,text,1,1
foo,binary,1,1
foot,text,1,1
footclient,text,1,1
forall,text,1,1
forbidden,cursors,1,1
foren,text,1,1
forkstat,text,1,1
format-c-check,text,1,1
formatcheck,text,1,1
forr,text,1,1
fp-lib-table,text,1,1
fr_ca,text,1,1
franken,text,1,1
free-software-comment,text,1,1
freebox,text,1,1
freebsd,text,1,1
freedb,text,1,1
freeradius-users,text,1,1
freetype-noharfbuzz,text,1,1
from-jasmin,text,1,1
from_test_parse_0,text,1,1
from_test_parse_1,text,1,1
from_test_parse_2,text,1,1
from_test_parse_3,text,1,1
from_test_parse_4,text,1,1
from_test_parse_error_0,text,1,1
from_test_parse_error_1,text,1,1
from_test_parse_error_10,text,1,1
from_test_parse_error_11,text,1,1
from_test_parse_error_12,text,1,1
from_test_parse_error_13,text,1,1
from_test_parse_error_14,text,1,1
from_test_parse_error_15,text,1,1
from_test_parse_error_16,text,1,1
from_test_parse_error_17,text,1,1
from_test_parse_error_18,text,1,1
from_test_parse_error_19,text,1,1
from_test_parse_error_2,text,1,1
from_test_parse_error_3,text,1,1
from_test_parse_error_4,text,1,1
from_test_parse_error_5,text,1,1
from_test_parse_error_6,text,1,1
from_test_parse_error_7,text,1,1
from_test_parse_error_8,text,1,1
from_test_parse_error_9,text,1,1
frost,text,1,1
fsfdir,text,1,1
fsl_dpaa2_eth,text,1,1
fstab-helpers,text,1,1
ftest,missing,1,1
func,text,1,1
function,text,1,1
function_calls,text,1,1
function_calls_ppi,text,1,1
function_description,text,1,1
function_doxygen_doc,text,1,1
functional,text,1,1
functional_test,text,1,1
funtests,text,1,1
fusion,text,1,1
fusion1,text,1,1
fusion2,text,1,1
fusioninventory-agent,text,1,1
fusioninventory-injector,text,1,1
fuzz462342205,binary,1,1
fuzz463617307,binary,1,1
fuzztest,text,1,1
fzf-fifo,text,1,1
fzfub,text,1,1
fzy-tmux,text,1,1
g,text,1,1
gamemoderun,text,1,1
gasn,text,1,1
gatherinfo,text,1,1
gazelle,text,1,1
gb2312,binary,1,1
gbk,binary,1,1
gcache,text,1,1
ge0,text,1,1
geek2dau,text,1,1
gemfile-5-2-stable,text,1,1
gemfile-rails-4-0,text,1,1
gemfile-rails-4-1,text,1,1
gemfile-rails-dependencies,text,1,1
gemfile-rspec-dependencies,text,1,1
gemfile-sass-3-1,text,1,1
gemfile-sass-3-2,text,1,1
gemfile-sprockets-2-11,text,1,1
gemfile-sprockets-2-12,text,1,1
gemfile-sprockets-2-8,text,1,1
gemfile-sprockets-3-0,text,1,1
gemfile-sprockets-rails-2-2,text,1,1
gemfile-sprockets-rails-master,text,1,1
gen-manpage-listfile,text,1,1
gen-pkg-config,text,1,1
gen-srcs,text,1,1
gen-version,text,1,1
gen_assets,text,1,1
gen_dom_1_5,text,1,1
gen_files,text,1,1
gencoverage,text,1,1
gendata,text,1,1
gendocs_template,text,1,1
gendocs_template_min,text,1,1
general,text,1,1
generate,text,1,1
generate-font-variants,text,1,1
generate-xcursor-plasmasvg,text,1,1
generate_auto_job,text,1,1
generate_changelog,text,1,1
generate_tables,text,1,1
generate_xcompose,text,1,1
generation_id,text,1,1
genfstab,text,1,1
genkernel,text,1,1
genkey,text,1,1
genportage,text,1,1
genstr,text,1,1
gentoo,text,1,1
gentoo-perl,text,1,1
gentoopmq,text,1,1
geq0,text,1,1
get-authors,text,1,1
get-ethos-checker,text,1,1
get-iab,text,1,1
get_%2fapi%2fv4%2fprojects%2f61363672,text,1,1
get_%2fapi%2fv4%2fprojects%2f61363672%2fissues%2f1%2faward_emoji%3fpage=1&per_page=2,text,1,1
get_%2fapi%2fv4%2fprojects%2f61363672%2fissues%2f1%2faward_emoji%3fpage=1&per_page=3,text,1,1
get_%2fapi%2fv4%2fprojects%2f61363672%2fissues%2f1%2faward_emoji%3fpage=2&per_page=2,text,1,1
get_%2fapi%2fv4%2fprojects%2f61363672%2fissues%2f2%2faward_emoji%3fpage=1&per_page=2,text,1,1
get_%2fapi%2fv4%2fprojects%2f61363672%2fissues%2f2%2faward_emoji%3fpage=1&per_page=3,text,1,1
get_%2fapi%2fv4%2fprojects%2f61363672%2fissues%2f2%2faward_emoji%3fpage=2&per_page=2,text,1,1
get_%2fapi%2fv4%2fprojects%2f61363672%2fissues%2f2%2faward_emoji%3fpage=2&per_page=3,text,1,1
get_%2fapi%2fv4%2fprojects%2f61363672%2fissues%2f2%2faward_emoji%3fpage=3&per_page=2,text,1,1
get_%2fapi%2fv4%2fprojects%2f61363672%2fissues%2f2%2faward_emoji%3fpage=3&per_page=3,text,1,1
get_%2fapi%2fv4%2fprojects%2f61363672%2fissues%2f2%2faward_emoji%3fpage=4&per_page=2,text,1,1
get_%2fapi%2fv4%2fprojects%2f61363672%2fissues%2f2%2fdiscussions%3fpage=1&per_page=100,text,1,1
get_%2fapi%2fv4%2fprojects%2f61363672%2fissues%2f2%2fresource_state_events%3fpage=1&per_page=100,text,1,1
get_%2fapi%2fv4%2fprojects%2f61363672%2fissues%2f3%2faward_emoji%3fpage=1&per_page=3,text,1,1
get_%2fapi%2fv4%2fprojects%2f61363672%2fissues%2f3%2fdiscussions%3fpage=1&per_page=100,text,1,1
get_%2fapi%2fv4%2fprojects%2f61363672%2fissues%2f3%2fresource_state_events%3fpage=1&per_page=100,text,1,1
get_%2fapi%2fv4%2fprojects%2f61363672%2fissues%3fpage=1&per_page=2&sort=asc&state=all,text,1,1
get_%2fapi%2fv4%2fprojects%2f61363672%2fissues%3fpage=1&per_page=3&sort=asc&state=all,text,1,1
get_%2fapi%2fv4%2fprojects%2f61363672%2flabels%3fpage=1&per_page=100,text,1,1
get_%2fapi%2fv4%2fprojects%2f61363672%2fmerge_requests%2f1,text,1,1
get_%2fapi%2fv4%2fprojects%2f61363672%2fmerge_requests%2f1%2fapprovals,text,1,1
get_%2fapi%2fv4%2fprojects%2f61363672%2fmerge_requests%2f1%2faward_emoji%3fpage=1&per_page=1,text,1,1
get_%2fapi%2fv4%2fprojects%2f61363672%2fmerge_requests%2f1%2faward_emoji%3fpage=1&per_page=2,text,1,1
get_%2fapi%2fv4%2fprojects%2f61363672%2fmerge_requests%2f1%2faward_emoji%3fpage=2&per_page=1,text,1,1
get_%2fapi%2fv4%2fprojects%2f61363672%2fmerge_requests%2f1%2faward_emoji%3fpage=2&per_page=2,text,1,1
get_%2fapi%2fv4%2fprojects%2f61363672%2fmerge_requests%2f1%2faward_emoji%3fpage=3&per_page=1,text,1,1
get_%2fapi%2fv4%2fprojects%2f61363672%2fmerge_requests%2f2,text,1,1
get_%2fapi%2fv4%2fprojects%2f61363672%2fmerge_requests%2f2%2faward_emoji%3fpage=1&per_page=1,text,1,1
get_%2fapi%2fv4%2fprojects%2f61363672%2fmerge_requests%2f2%2faward_emoji%3fpage=1&per_page=2,text,1,1
get_%2fapi%2fv4%2fprojects%2f61363672%2fmerge_requests%2f2%2fdiscussions%3fpage=1&per_page=100,text,1,1
get_%2fapi%2fv4%2fprojects%2f61363672%2fmerge_requests%2f2%2fresource_state_events%3fpage=1&per_page=100,text,1,1
get_%2fapi%2fv4%2fprojects%2f61363672%2fmerge_requests%3fpage=1&per_page=1&view=simple,text,1,1
get_%2fapi%2fv4%2fprojects%2f61363672%2fmerge_requests%3fpage=1&per_page=2&view=simple,text,1,1
get_%2fapi%2fv4%2fprojects%2f61363672%2fmilestones%3fpage=1&per_page=100&state=all,text,1,1
get_%2fapi%2fv4%2fprojects%2f61363672%2freleases%3fpage=1&per_page=100,text,1,1
get_%2fapi%2fv4%2fprojects%2fforgejo%252ftest_repo,text,1,1
get_%2fapi%2fv4%2fversion,text,1,1
get_examples_files,text,1,1
get_include_files,text,1,1
get_include_relative,text,1,1
get_python_flags,text,1,1
get_tests,text,1,1
get_tests_files,text,1,1
get_version,text,1,1
get_wrapper_files,text,1,1
getheaders,text,1,1
getmproto,text,1,1
getopt,missing,1,1
getoptlong,text,1,1
getproto,text,1,1
getsetupmenues,text,1,1
gettextize,text,1,1
geturl,text,1,1
gf-quickstart,text,1,1
gf-readme,text,1,1
gftprc,text,1,1
gherkin,text,1,1
gherkin-generate-tokens,text,1,1
ghi,text,1,1
ghstack_direct,text,1,1
gi_files,text,1,1
giflib,missing,1,1
gimp-xcf,text,1,1
gir,missing,1,1
gir-files,missing,1,1
git-abort,text,1,1
git-clear,text,1,1
git-clear-soft,text,1,1
git-icdiff,text,1,1
git-ignore,text,1,1
git-ime,text,1,1
git-magic,text,1,1
git-merge-into,text,1,1
git-paste,text,1,1
git-pre-commit-format,text,1,1
git-psykorebase,text,1,1
git-pull-request,text,1,1
git-rebase-patch,text,1,1
git-release,text,1,1
git-setup,text,1,1
git-standup,text,1,1
git-tag-debian,text,1,1
git-tag-release,text,1,1
git-unwip,text,1,1
git-utimes,text,1,1
git-wip,text,1,1
gitconfig,text,1,1
github-actions-setup,text,1,1
github-markup,text,1,1
gitlab,text,1,1
gitlog-to-changelog,text,1,1
gitolite,text,1,1
gk,text,1,1
gkrellmrc,text,1,1
glesutil,text,1,1
global_info,text,1,1
global_tunables,text,1,1
globalnames,binary,1,1
glue_testsuites,text,1,1
gluster,text,1,1
gmane,text,1,1
gmrunrc,text,1,1
gnofract4d,text,1,1
gnome,text,1,1
gnome-shell,text,1,1
gnome-system-monitorrc,text,1,1
gnu-fdl,text,1,1
gnu-gpl,text,1,1
gnu-web-doc-update,text,1,1
gnuallpermissive,text,1,1
gnumakefile-cross,text,1,1
gnupload,text,1,1
go-zookeeper-license,text,1,1
go_license,text,1,1
golang_contributors,text,1,1
gold-subcolors-bad-cat,text,1,1
google,text,1,1
google-chrome,text,1,1
google-chrome-beta,text,1,1
google-chrome-unstable,text,1,1
goversion,text,1,1
gpg_decrypt_unzip,text,1,1
gpg_zip_encrypt,text,1,1
gpl-2,text,1,1
gpl3,text,1,1
gpl_exception,text,1,1
gpr2mak,text,1,1
gprexp,text,1,1
gprot,text,1,1
gps2url,text,1,1
grab,cursors,1,1
graphics_memory,text,1,1
graphite-angle-kp,text,1,1
grcat,text,1,1
grepbinary,text,1,1
grepfilelist,text,1,1
grepinput,text,1,1
grepinput3,text,1,1
grepinput8,text,1,1
grepinputm,text,1,1
grepinputv,text,1,1
grepinputx,text,1,1
greplist,text,1,1
grepoutput,text,1,1
grepoutput8,binary,1,1
grepoutputc,text,1,1
grepoutputcbz2,text,1,1
grepoutputcgz,text,1,1
grepoutputcn,text,1,1
grepoutputcnu,text,1,1
grepoutputcu,text,1,1
grepoutputn,text,1,1
grepoutputun,text,1,1
greppatn4,text,1,1
group,text,1,1
grpc,missing,1,1
gserv,text,1,1
gtkfiles,text,1,1
gtkrc-dark,text,1,1
gtkrc-dark-eta,text,1,1
gtkrc-eta,text,1,1
gts_graphs,text,1,1
gutenberg,text,1,1
gwsh-main,text,1,1
gzip,archives,1,1
h2olog,text,1,1
h_double_arrow,cursors,1,1
hachoir-list,text,1,1
hand,cursors,1,1
hand1,cursors,1,1
handle_hotkeys,text,1,1
hard-tab-tool,text,1,1
hardknapstat,text,1,1
harfbuzz,missing,1,1
harfbuzz,text,1,1
harness,text,1,1
harness_bf16_all,text,1,1
harness_bf16_ci,text,1,1
harness_f16_all,text,1,1
harness_f16_ci,text,1,1
harness_f32_ci,text,1,1
hash-object__text_100kb,text,1,1
hash-object__text_10mb,text,1,1
hash-object__text_1kb,text,1,1
hash-object__text_cached_100kb,text,1,1
hash-object__text_cached_10mb,text,1,1
hash-object__text_cached_1kb,text,1,1
hash-object__write_text_100kb,text,1,1
hash-object__write_text_10mb,text,1,1
hash-object__write_text_1kb,text,1,1
hashes_set,text,1,1
have-define,text,1,1
have-introduce,text,1,1
have-write-left,text,1,1
have-write-left-eq,text,1,1
have-write-right,text,1,1
have-write-right-eq,text,1,1
hbase-remote,text,1,1
hdparm,text,1,1
header_template,text,1,1
hello_file,text,1,1
helo,text,1,1
help-message,text,1,1
here_comment,text,1,1
hermit,text,1,1
hibiscus_account_balances,text,1,1
hibiscus_last_account_update,text,1,1
hidapi,missing,1,1
hierarchy,text,1,1
hint-simplify,text,1,1
hl_version,text,1,1
hoare,text,1,1
homebrew,text,1,1
horse5,text,1,1
hostname_test,text,1,1
hosts,text,1,1
how_it_works,binary,1,1
howto,text,1,1
howto-export,text,1,1
howtorelease,text,1,1
hping2-is-open,binary,1,1
hping2-is-open,text,1,1
htdocs,text,1,1
html2man,text,1,1
html2ps,text,1,1
http-parser,missing,1,1
http_loadtime,text,1,1
hu_list,text,1,1
hu_rules,text,1,1
huettel2mtx,missing,1,1
hugemigr,text,1,1
hyprland-1,text,1,1
hyprland-protocols,missing,1,1
i,text,1,1
i3-dmenu-desktop,text,1,1
i3ipcpp,missing,1,1
i40e,text,1,1
i7z,binary,1,1
iavf,text,1,1
ibeam,cursors,1,1
ibm1008,binary,1,1
ibm1025,binary,1,1
ibm1046,binary,1,1
ibm1097,binary,1,1
ibm1112,binary,1,1
ibm1122,binary,1,1
ibm1123,binary,1,1
ibm1124,binary,1,1
ibm1129,binary,1,1
ibm1130,binary,1,1
ibm1132,binary,1,1
ibm1133,binary,1,1
ibm1137,binary,1,1
ibm1140,binary,1,1
ibm1141,binary,1,1
ibm1142,binary,1,1
ibm1143,binary,1,1
ibm1144,binary,1,1
ibm1145,binary,1,1
ibm1146,binary,1,1
ibm1147,binary,1,1
ibm1148,binary,1,1
ibm1149,binary,1,1
ibm1153,binary,1,1
ibm1154,binary,1,1
ibm1155,binary,1,1
ibm1156,binary,1,1
ibm1157,binary,1,1
ibm1158,binary,1,1
ibm1160,binary,1,1
ibm1161,binary,1,1
ibm1162,binary,1,1
ibm1162,text,1,1
ibm1163,binary,1,1
ibm1164,binary,1,1
ibm1166,binary,1,1
ibm1167,binary,1,1
ibm12712,binary,1,1
ibm1364,binary,1,1
ibm1371,binary,1,1
ibm1388,binary,1,1
ibm1390,binary,1,1
ibm1399,binary,1,1
ibm16804,binary,1,1
ibm4517,binary,1,1
ibm4899,binary,1,1
ibm4909,binary,1,1
ibm4971,binary,1,1
ibm5347,binary,1,1
ibm803,binary,1,1
ibm856,binary,1,1
ibm901,binary,1,1
ibm902,binary,1,1
ibm9030,binary,1,1
ibm9066,binary,1,1
ibm921,binary,1,1
ibm922,binary,1,1
ibm930,binary,1,1
ibm933,binary,1,1
ibm935,binary,1,1
ibm937,binary,1,1
ibm939,binary,1,1
ibm9448,binary,1,1
ice,text,1,1
icecc,text,1,1
icon,cursors,1,1
icons_license,text,1,1
ideas,text,1,1
identity_agent,text,1,1
ieee-response,text,1,1
if-else-proc,text,1,1
if-proc,text,1,1
if1,text,1,1
if2,text,1,1
iface,text,1,1
ifl,text,1,1
ifmain,text,1,1
ifup-team,text,1,1
imap_gbk_q_decode,text,1,1
imap_rename_regex,text,1,1
imap_tcpdump,text,1,1
imap_utf7,text,1,1
imap_utf7_decode,text,1,1
imap_utf7_encode,text,1,1
imap_utf7_tests,text,1,1
imapbyhand,text,1,1
imapclient,missing,1,1
imapclient3xx_isunconnected,text,1,1
imapclient3xx_ssl,text,1,1
imapclient_quota_qq,text,1,1
imapclient_quota_qq_memo,text,1,1
imapclient_skeleton,text,1,1
imapclient_tls,text,1,1
imapnotify-temp,text,1,1
imapsync-acls-users,text,1,1
imapsync-readkey,text,1,1
imapsync-xgwtrustedapp,binary,1,1
imapsync-yahoo,text,1,1
imapsync_cvitkovich_pidfile_tmpfile,text,1,1
imapsync_github_stats,text,1,1
imapsync_minsize,binary,1,1
imapsync_shell_wrapper,text,1,1
imdb,text,1,1
imgui,missing,1,1
imp,text,1,1
implies,text,1,1
implies-brackets,text,1,1
import-po,text,1,1
include,text,1,1
include7,text,1,1
include8,text,1,1
include_utilities,text,1,1
increaseline,text,1,1
increment-counter,text,1,1
incus,text,1,1
index,binary,1,1
indexpack__250mb,text,1,1
infinite_input,text,1,1
infinite_no_output,text,1,1
infinite_output,text,1,1
init-var,text,1,1
init_docstring,text,1,1
initmake,text,1,1
inline,text,1,1
inline1,text,1,1
inline2,text,1,1
innodb-status-010,text,1,1
innodb-status-011,text,1,1
innodb-status-012,text,1,1
input-remapper-control,text,1,1
input-remapper-gtk,text,1,1
input-remapper-reader-service,text,1,1
input-remapper-service,text,1,1
input4,text,1,1
input7,text,1,1
input8,text,1,1
input9,text,1,1
inputs,text,1,1
inreference,text,1,1
insert-beginning,text,1,1
install,binary,1,1
install-automake,text,1,1
install-iprange,text,1,1
install-old,text,1,1
install-samba,text,1,1
install-vendored-go,text,1,1
install-vim,text,1,1
install_db,text,1,1
install_gems_in_all_appraisals,text,1,1
install_gnumake,text,1,1
install_macos,text,1,1
install_wasi_sdk,text,1,1
install_wasmtime,text,1,1
installdeps,text,1,1
installed-deps-regex,text,1,1
installed-match-atom-blacklisted,text,1,1
installed-perl-core,text,1,1
installed-perl-virtuals,text,1,1
installentry,text,1,1
installer,binary,1,1
installline,text,1,1
integration-test,text,1,1
integrit_check,text,1,1
interact,text,1,1
interfaces,missing,1,1
invalid,text,1,1
invalid-phdr-issue-64,binary,1,1
invert-l-to-h,text,1,1
io,text,1,1
io_socket_get,text,1,1
ioflo,text,1,1
ioflo2,text,1,1
ip-check,text,1,1
ip_del_list,text,1,1
ip_vs,text,1,1
ip_vs_stats,text,1,1
ipaddr2,text,1,1
ipc_open2,text,1,1
ipdb,text,1,1
ipmi_,text,1,1
ipmi_sensor_,text,1,1
ipv6_simple,text,1,1
ipv6_v6only_test,text,1,1
iran,binary,1,1
irc,text,1,1
is,text,1,1
iso-2022-cn,text,1,1
iso-2022-cn-ext,text,1,1
iso-2022-jp,text,1,1
iso-2022-jp-2,text,1,1
iso-2022-jp-3,text,1,1
iso-2022-kr,text,1,1
iso-8859-1,binary,1,1
iso-8859-10,binary,1,1
iso-8859-14,binary,1,1
iso-8859-15,binary,1,1
iso-8859-2,binary,1,1
iso-8859-3,binary,1,1
iso-8859-4,binary,1,1
iso-8859-5,binary,1,1
iso-8859-9,binary,1,1
iso_11548-1,binary,1,1
issue-3326,text,1,1
issue-61,text,1,1
issue-62,text,1,1
issue190,text,1,1
issue205,text,1,1
issue_48,text,1,1
issue_template,text,1,1
itschlager,text,1,1
iucode-scan-versions,text,1,1
ivykis,missing,1,1
j,text,1,1
jack_capture_gui,text,1,1
jack_control,text,1,1
jamendo,text,1,1
jas_realpath,text,1,1
javasun,text,1,1
jbuild-ignore,text,1,1
jbuild-shared,text,1,1
jbuild-static,text,1,1
jbuild-workspace,text,1,1
jenkinsfile_release,text,1,1
jenkinsfile_release_config,text,1,1
jhindexer_solsparc,text,1,1
jhsearch_solsparc,text,1,1
jhwrap_solsparc,text,1,1
jmakefile,text,1,1
jni_funcs,text,1,1
jni_impl,text,1,1
jobserver,text,1,1
jose-fmt,text,1,1
jose-jwe-dec,text,1,1
jose-jwk-thp,text,1,1
jose-jwk-use,text,1,1
jpcod,text,1,1
jpdec,text,1,1
jpeg-exif,pictures,1,1
jpeg-jfif,pictures,1,1
jpenc,text,1,1
js_of_ocaml,missing,1,1
jsoftfloat,missing,1,1
json11,missing,1,1
json2,text,1,1
json2_bad,text,1,1
jsondiff,text,1,1
jsonpatch,text,1,1
karma,text,1,1
karma_tool,text,1,1
kat_vectors,text,1,1
kdc,text,1,1
kde-plasma,text,1,1
kdstatemachineeditor,missing,1,1
keg,text,1,1
kettle-readme-backers,text,1,1
kettle-release,text,1,1
keychain,missing,1,1
keyframe,text,1,1
keygen,text,1,1
keypad,text,1,1
keystore,binary,1,1
kheader,text,1,1
kinds,text,1,1
klocation,text,1,1
klocation_grsourced1,text,1,1
klocation_grsourced2,text,1,1
klocation_gsourced1,text,1,1
klocation_gsourced2,text,1,1
klocation_rsourced,text,1,1
klocation_sourced,text,1,1
known-bugs,text,1,1
known_bugs,text,1,1
koi-8,binary,1,1
koi8-r,binary,1,1
kpatch-cc,text,1,1
kubectx,text,1,1
kvantum,text,1,1
kvm_mem,text,1,1
kvm_net,text,1,1
lambda-term-inputrc,text,1,1
lambda-termrc,text,1,1
language-server-protocol,missing,1,1
languagetool_checks,text,1,1
larts-english,text,1,1
last,text,1,1
last-first,text,1,1
last-n-first,text,1,1
lastfm,text,1,1
lastn,text,1,1
latexrevise,text,1,1
layout,text,1,1
lcovrc,text,1,1
ld-show,text,1,1
led,text,1,1
ledscroll,text,1,1
leech,text,1,1
left_ptr_help,cursors,1,1
lemma_equality,text,1,1
lemma_equiv,text,1,1
lemma_hoare,text,1,1
lemma_islossless,text,1,1
lemma_phoare,text,1,1
leodict,text,1,1
less,text,1,1
lesscomplete,text,1,1
let-in,text,1,1
letfn,text,1,1
lfec,text,1,1
lfs,text,1,1
lha-test10,text,1,1
lha-test11,text,1,1
lha-test13,text,1,1
lha-test14,text,1,1
lha-test17,text,1,1
lha-test18,binary,1,1
lha-test7,text,1,1
lha-test7_lv0,text,1,1
lha-test7_lv1,text,1,1
lha-test7_lvg,text,1,1
lib_spellcheck,missing,1,1
libapps,missing,1,1
libbacktrace,missing,1,1
libbpf-bootstrap,missing,1,1
libcudacxx,missing,1,1
libelfin,missing,1,1
libffi,text,1,1
libgme,missing,1,1
libiconv,text,1,1
libldac,missing,1,1
libmowgli-2,missing,1,1
libnop,missing,1,1
libpg_query,missing,1,1
librarypreamble,text,1,1
libretranslate_requests,text,1,1
libsass,missing,1,1
libsimulator,missing,1,1
libsnet,missing,1,1
libunwind,missing,1,1
libusb_sources,text,1,1
libuuid,text,1,1
libvpx_authors,text,1,1
libvpx_patents,text,1,1
libwandder,missing,1,1
libxpp,missing,1,1
libzip,missing,1,1
licence,binary,1,1
license-b,text,1,1
license-crcpp,text,1,1
license-gotk4,text,1,1
license-gpl,text,1,1
license_addendum,text,1,1
license_cc_by_4_test_files,text,1,1
license_firamono,text,1,1
license_hack,text,1,1
license_list,text,1,1
license_nerdfonts,text,1,1
licenseref-iccjpeg,text,1,1
light,text,1,1
lightweight-ponies,text,1,1
lindent,text,1,1
link-balancer,text,1,1
lintianrc,text,1,1
linuxforen,text,1,1
list,missing,1,1
list-blacklisted-for,text,1,1
list-globals,text,1,1
list2csarray,text,1,1
list_devices,text,1,1
lista,text,1,1
listdevs_sources,text,1,1
listing,text,1,1
lkcd-basic,text,1,1
lkcd-basic-gzip,text,1,1
lkcd-basic-raw,text,1,1
lkcd-basic-rle,text,1,1
lkcd-duplicate,text,1,1
lkcd-duplicate-middle,text,1,1
lkcd-empty,text,1,1
lkcd-empty-i386,text,1,1
lkcd-empty-ppc64,text,1,1
lkcd-empty-x86_64,text,1,1
lkcd-gap,text,1,1
lkcd-long-page-gzip,text,1,1
lkcd-long-page-raw,text,1,1
lkcd-long-page-rle,text,1,1
lkcd-multiread,text,1,1
lkcd-short-page-gzip,text,1,1
lkcd-short-page-raw,text,1,1
lkcd-short-page-rle,text,1,1
lkcd-unordered,text,1,1
lkcd-unordered-faroff,text,1,1
lkcd-wrong-page-size,text,1,1
llvm2lcov,text,1,1
lm-polling-daemon,text,1,1
lm-profiler,text,1,1
lmove-config,text,1,1
lmt-udev,text,1,1
load-soundfont,text,1,1
local,text,1,1
local-options,text,1,1
locate,text,1,1
location,text,1,1
location_units_api,text,1,1
log_2023-12-30-21-06,text,1,1
log_temp,text,1,1
logger,text,1,1
logger_name,text,1,1
logicaldrive,text,1,1
login,text,1,1
login_extender,text,1,1
logrotate,text,1,1
lol,text,1,1
london,binary,1,1
longline,text,1,1
longline_10000_11000,text,1,1
longline_10230_10240,text,1,1
lrzntar,text,1,1
ls,text,1,1
lsblk-1-efi-partitions,text,1,1
lsblk_output,text,1,1
lsblk_output_new,text,1,1
lsblk_output_old,text,1,1
lsm,text,1,1
lsp_cat,text,1,1
lsquic,missing,1,1
lsscsi-g,text,1,1
lua,missing,1,1
luacheckrc,text,1,1
luajit,missing,1,1
luatracebox,text,1,1
lucene++,text,1,1
lwp,text,1,1
lwt,missing,1,1
ly,text,1,1
ly-server,text,1,1
m,text,1,1
m4rie,text,1,1
ma1r2,binary,1,1
machine,text,1,1
machines,text,1,1
machines2,text,1,1
macho-ppc-openssl,binary,1,1
macports,text,1,1
macro,text,1,1
magic,text,1,1
magic_empty,text,1,1
magic_jpeg,text,1,1
mail2world,text,1,1
mailers,text,1,1
mailto,text,1,1
main,binary,1,1
main_class,text,1,1
maindir,text,1,1
maintenance-branch,text,1,1
make-archives,text,1,1
make-bootstrap-jim,text,1,1
make-certs,text,1,1
make-config,text,1,1
make-dist,text,1,1
make-filetree,text,1,1
make-short-partition,text,1,1
make_clean,text,1,1
make_config,text,1,1
make_jsonrpc_methods,text,1,1
makechangelog,text,1,1
makedbmdic4,text,1,1
makedbmdic5,text,1,1
makefile,missing,1,1
makefile-,text,1,1
makefile-driver,text,1,1
makefile-internal,text,1,1
makefile_common,text,1,1
makefilegtk,text,1,1
makefine,text,1,1
makeheader,text,1,1
maketgz,text,1,1
makeunittest,text,1,1
mako,text,1,1
manifest_apiviewer,text,1,1
manifest_jhindexer,text,1,1
manifest_jhsearch,text,1,1
manifest_object,text,1,1
manifest_userguide,text,1,1
mansed,text,1,1
many,text,1,1
many1,text,1,1
manyclangs-build-month,text,1,1
manyclangs-cmake,text,1,1
map,text,1,1
map-file,text,1,1
maps_align_freebsd,text,1,1
maps_align_linux,text,1,1
maps_all_freebsd,text,1,1
maps_all_linux,text,1,1
maps_end_freebsd,text,1,1
maps_end_linux,text,1,1
maps_none_freebsd,text,1,1
maps_none_linux,text,1,1
marathon,missing,1,1
marathon 2,missing,1,1
marathon infinity,missing,1,1
marco-glx,text,1,1
marco-xr_glx_hybrid,text,1,1
marco-xrender,text,1,1
markad_geterror,text,1,1
markad_getlogo_size,text,1,1
markad_getlogo_time,text,1,1
markad_getoverlap_gap,text,1,1
markad_gettime,text,1,1
markad_gettime_overview,text,1,1
markad_gettime_pass,text,1,1
markad_getvps,text,1,1
mas_,text,1,1
massive_10gb_file,missing,1,1
master,text,1,1
mat2,text,1,1
material-icons_license,text,1,1
matho,text,1,1
matho-install,text,1,1
matho-install-degrees,text,1,1
matho-mult,text,1,1
matho-sum,text,1,1
matho-uninstall,text,1,1
mathomatic,text,1,1
mathomatic-primes,text,1,1
matrixtemplate,text,1,1
mattermost-api,missing,1,1
mattermost-api-qc,missing,1,1
max_newbin_size,text,1,1
maxplot,text,1,1
maybe,text,1,1
mbedtls,missing,1,1
mbox,text,1,1
mbox-mozilla-inbox,text,1,1
mbox-mozilla-sent,text,1,1
mconfig,text,1,1
md,text,1,1
mdoc,text,1,1
mdstat,text,1,1
mega,missing,1,1
melange,missing,1,1
melbourne,binary,1,1
member_description,text,1,1
membership,text,1,1
membership_aggregation,text,1,1
memconf,text,1,1
memdisk,binary,1,1
memory_consumption,text,1,1
menulibre,text,1,1
merge-csv,text,1,1
mergesort_block_sort_config_template,text,1,1
merlin,missing,1,1
meson,text,1,1
meson-dist-script,text,1,1
meson_create_symlink,text,1,1
message_string_raw,text,1,1
message_string_raw_pb,text,1,1
messi,text,1,1
metaclass,text,1,1
method,text,1,1
method_docstring,text,1,1
method_docstring_numpy,text,1,1
mic-notify,text,1,1
microcode,binary,1,1
microsoft-edge,text,1,1
microsoft-edge-beta,text,1,1
mik,binary,1,1
mimencap,text,1,1
mimesend,text,1,1
mimetype,text,1,1
min-max-pkt-size,text,1,1
minage_maxage,text,1,1
mindlist,text,1,1
mingw-bundledlls,text,1,1
mingw-threads,missing,1,1
mingw_deps,text,1,1
miniaudio,missing,1,1
minimal,text,1,1
mininova,text,1,1
miotas,text,1,1
mirror,text,1,1
mirror-test,text,1,1
mit_license,text,1,1
mk_dummy,text,1,1
mk_tar,text,1,1
mkamandisk,text,1,1
mkconfigure,text,1,1
mkdarts,binary,1,1
mkdoc,text,1,1
mkfile,text,1,1
mkjailenv,text,1,1
mklib,text,1,1
mktgz,text,1,1
mkvkformatfiles,text,1,1
mlx5_core,text,1,1
mmtf_spec,missing,1,1
mnt,text,1,1
mock,text,1,1
mock-core-configs,text,1,1
model_version,text,1,1
modes,text,1,1
module-instance,text,1,1
module-type,text,1,1
module-with-params,text,1,1
module-with-params-return,text,1,1
module-with-return,text,1,1
module_license_gpl2,text,1,1
mokutil,text,1,1
monster_sample,text,1,1
more-fun-with-ipid,binary,1,1
more-fun-with-ipid,text,1,1
mountstats,text,1,1
move-1,text,1,1
move-1m2,text,1,1
move-2,text,1,1
move-from-assumption,text,1,1
move-hr,text,1,1
move-lemma-args,text,1,1
move-to-assumption,text,1,1
moziila,text,1,1
mozilla,text,1,1
mp3-id3,text,1,1
mp3http,text,1,1
mp3stream-conf,text,1,1
mpd-mpris-service,text,1,1
mpg123,text,1,1
mpvoptions,text,1,1
ms-tnef,binary,1,1
mskacc-gui,text,1,1
msmtp-temp,text,1,1
msoffice,binary,1,1
msys2,text,1,1
mtest,text,1,1
multicompobj,text,1,1
multiline_repl,text,1,1
multixlat-elf,text,1,1
multixlat-same,text,1,1
munin-graph,text,1,1
munin-run,text,1,1
munit,missing,1,1
mutstr,text,1,1
mvbook,text,1,1
mvcollection,text,1,1
mvreference,text,1,1
my_build,text,1,1
my_passphrasefile,text,1,1
myps2pdf,text,1,1
mypyc_tox,text,1,1
mysql_,text,1,1
mysqldoc,text,1,1
mystery_binary,text,1,1
mystery_exe,text,1,1
mystery_text,text,1,1
n,text,1,1
name,text,1,1
native-elf-format,text,1,1
nattka,text,1,1
ndkversion,text,1,1
ndppd-init-debian-jessi,text,1,1
net,text,1,1
netbsd,text,1,1
netns-mini,text,1,1
netstat,text,1,1
new-comment,text,1,1
new-var,text,1,1
new_features,text,1,1
newbranch,text,1,1
newmacros,text,1,1
news-gperiodic,text,1,1
news25,text,1,1
news31,text,1,1
next,text,1,1
nfs,text,1,1
nfsd,text,1,1
nginx-http-auth,text,1,1
ni_funcs,text,1,1
nicks,text,1,1
nikon-raw,text,1,1
ninka-excel,text,1,1
ninka-sqlite,text,1,1
no-copyright,text,1,1
no-incompatible-function-pointer-types,text,1,1
no-strict-aliasing,text,1,1
no_warning_algorithm,text,1,1
no_warning_chrono,text,1,1
no_warning_end,text,1,1
no_warning_fstream,text,1,1
no_warning_iomanip,text,1,1
no_warning_memory,text,1,1
no_warning_regex,text,1,1
no_warning_sstream,text,1,1
no_warranty,text,1,1
nodemcu_uploader,text,1,1
non-autotools-build,text,1,1
non-unix-use,text,1,1
non_zero_exit,text,1,1
not-a-char-device,text,1,1
not_impl,text,1,1
not_installed_on_system,text,1,1
notification-disabled-symbolicsvg,text,1,1
notify-gitter,text,1,1
notmuch-temp,text,1,1
nouveau,text,1,1
nova-simd,missing,1,1
np,text,1,1
ns,text,1,1
ntrs,text,1,1
nu,text,1,1
numeric-range-0-127,text,1,1
numeric-range-0-255,text,1,1
nutups_,text,1,1
nvme,text,1,1
oauth,text,1,1
oauth2,text,1,1
oauth2_imap_from_token,text,1,1
ob,text,1,1
objectdb,binary,1,1
obsdist,text,1,1
ocaml,missing,1,1
ocaml-cohttp,missing,1,1
ocaml-lsp,missing,1,1
ocamlformat,missing,1,1
ocs-onthefly,text,1,1
odf2epub,text,1,1
odflint,text,1,1
old_changes,text,1,1
old_contact,text,1,1
old_kat_vectors,text,1,1
oldchanges,text,1,1
olsrd-default,text,1,1
olsrd_secure_key,text,1,1
omakeroot,text,1,1
once,text,1,1
online,text,1,1
online-temp,text,1,1
onready,text,1,1
op-as,text,1,1
op-axiomatixed,text,1,1
op-barebones,text,1,1
op-no-return,text,1,1
opam,missing,1,1
open,text,1,1
openrc-settingsd,text,1,1
openssh,text,1,1
openssl,missing,1,1
openssl,text,1,1
opensuse,text,1,1
openvr,binary,1,1
openvr,text,1,1
openvz-maps,text,1,1
openweathermap,binary,1,1
openwrt-wifi-devices_,text,1,1
oprofile_diff,text,1,1
optional,text,1,1
options-menu_diff,text,1,1
opts,text,1,1
or1,text,1,1
or2,text,1,1
oracle,text,1,1
oracle-1,text,1,1
ostereier,text,1,1
otp_patch_solve_forward_merge_version,text,1,1
outfilter,text,1,1
output_binary,text,1,1
output_cidr,text,1,1
output_cisco,text,1,1
output_hex,text,1,1
output_range,text,1,1
output_std,text,1,1
outputcheck,text,1,1
outputstream,text,1,1
overcommit,text,1,1
override,text,1,1
owl,missing,1,1
pack,text,1,1
package-list,text,1,1
packagers,text,1,1
packaging,missing,1,1
pacman_unrequired_packages,text,1,1
pacstrap,text,1,1
pafn,text,1,1
pafnr,text,1,1
pafns,text,1,1
pafnw,text,1,1
pager,text,1,1
pam-mysql-conf,text,1,1
panelrc,text,1,1
param,text,1,1
parse-example,text,1,1
parse_args,text,1,1
parser,text,1,1
partition_flag_config_template,text,1,1
partition_predicate_config_template,text,1,1
partition_three_way_config_template,text,1,1
partition_two_way_flag_config_template,text,1,1
partition_two_way_predicate_config_template,text,1,1
partitions,text,1,1
pass,text,1,1
pass-tmux,text,1,1
pass-update,text,1,1
passthru_update,text,1,1
passwd,text,1,1
patch-header,text,1,1
patch-makefile,text,1,1
patchlevel,text,1,1
patdiff-git-wrapper,text,1,1
patent,text,1,1
pattern3,text,1,1
paupblock,text,1,1
paupend,text,1,1
paupstart,text,1,1
pdb,text,1,1
pdfpcrc,text,1,1
pdq_i005,text,1,1
peacock3,text,1,1
penf,missing,1,1
periodical,text,1,1
perl,binary,1,1
perl,text,1,1
perl5_base,text,1,1
perlcritic_prohibitinterpolationofliterals,text,1,1
perlcritic_prohibitinterpolationofliterals_2,text,1,1
perltestdata,binary,1,1
perltestinput,binary,1,1
perms,text,1,1
pg_format,text,1,1
pgclirc,text,1,1
pgdoc,text,1,1
pgpkeys,text,1,1
phase-only,text,1,1
phased_output,text,1,1
phive,binary,1,1
phoare,text,1,1
phonenumbermetadataproto_bj,binary,1,1
phonenumbermetadataproto_cf,binary,1,1
phonenumbermetadataproto_ee,binary,1,1
phonenumbermetadataproto_eh,binary,1,1
phonenumbermetadataproto_et,binary,1,1
phonenumbermetadataproto_gb,binary,1,1
phonenumbermetadataproto_ge,binary,1,1
phonenumbermetadataproto_il,binary,1,1
phonenumbermetadataproto_in,binary,1,1
phonenumbermetadataproto_ir,binary,1,1
phonenumbermetadataproto_ma,binary,1,1
phonenumbermetadataproto_mc,binary,1,1
phonenumbermetadataproto_mg,binary,1,1
phonenumbermetadataproto_om,binary,1,1
phonenumbermetadataproto_py,binary,1,1
phonenumbermetadataproto_qa,binary,1,1
phonenumbermetadataproto_tj,binary,1,1
phonenumbermetadataproto_za,binary,1,1
php,text,1,1
php-parse,text,1,1
pick,text,1,1
pin,text,1,1
pin-@pin@,text,1,1
pin-file,text,1,1
pinentry-fuzzel,text,1,1
pingpong,text,1,1
pip,text,1,1
pip3,text,1,1
pipeline,text,1,1
pipemess,text,1,1
pipewalker,text,1,1
pipscalez,text,1,1
piratebay,text,1,1
pixman,missing,1,1
pkcs11-json,missing,1,1
pkg-utils,text,1,1
pkg_win,text,1,1
pkgbuild-git,text,1,1
pkgfile,text,1,1
pkginfo,missing,1,1
pkgs_mkshell,text,1,1
placeholder,text,1,1
plane,text,1,1
plank,text,1,1
pluginquery,text,1,1
pmdefaults,text,1,1
pmns-for-testing,text,1,1
pmtest,text,1,1
png,pictures,1,1
png_file,pictures,1,1
png_symlink,text,1,1
pngexifinfo,text,1,1
po4a,text,1,1
po4a-gettextize,text,1,1
po4a-updatepo,text,1,1
pointer-move,cursors,1,1
police,text,1,1
policy,text,1,1
poll,text,1,1
pomodoro,text,1,1
pony-checklist,text,1,1
ponysay,text,1,1
ponysay-tool,text,1,1
port-id-map,text,1,1
portblock,text,1,1
pose,text,1,1
posebench,missing,1,1
posix,text,1,1
posix-c-source,text,1,1
post-checkout,text,1,1
post-commit,text,1,1
post-merge,text,1,1
post-rewrite,text,1,1
postactivate,text,1,1
postbuild,text,1,1
postdeactivate,text,1,1
postfix_mail_stats,text,1,1
postgres_connections_,text,1,1
postillon,text,1,1
postprocess-web,text,1,1
power,text,1,1
power-profile,text,1,1
ppm,text,1,1
ppxlib,missing,1,1
pr,text,1,1
pr185_0,text,1,1
pr185_1,text,1,1
pr193,text,1,1
pr207,text,1,1
pr_8909,text,1,1
pr_8939,text,1,1
pr_8975,text,1,1
pr_8988,text,1,1
pr_8990,text,1,1
pre-merge-unclobber,text,1,1
pre-push,text,1,1
precompiled_demos_zips,text,1,1
precompilespch,text,1,1
pred,text,1,1
predef,missing,1,1
preextracttest,text,1,1
preferences,text,1,1
preinst,text,1,1
preinstall,text,1,1
prelude,text,1,1
prep_release,text,1,1
prepare-release,text,1,1
prepare2,text,1,1
prepare_deb_package,text,1,1
prepare_dist,text,1,1
prepare_test,text,1,1
preprocess,text,1,1
preprocessor,missing,1,1
preset-2,text,1,1
preset-3,text,1,1
pressestimmen,text,1,1
primorial,text,1,1
print-excluded-abi-regex,text,1,1
printf,text,1,1
pripalpng,text,1,1
privateheaders,text,1,1
priweavepng,text,1,1
probability,text,1,1
probability-mem,text,1,1
proc,text,1,1
proc-abstract,text,1,1
proc-call,text,1,1
proc-no-return,text,1,1
proc-simplify,text,1,1
proc-up-to-bad,text,1,1
proc-up-to-bad2,text,1,1
procbounce,text,1,1
process-exporter,text,1,1
procmail,text,1,1
profiletemplate,text,1,1
programmhinweise,text,1,1
projectiles,missing,1,1
projectm-eval,missing,1,1
projects,text,1,1
prometheus-cpp-lite,missing,1,1
prometheus_metrics,text,1,1
prompter,missing,1,1
prop,text,1,1
protobuf,binary,1,1
proximapsync,text,1,1
prune-cronstamps,text,1,1
ps,text,1,1
psmerge,text,1,1
psn,text,1,1
pssh-askpass,text,1,1
public-domain,text,1,1
publish-docs,text,1,1
publish-release,text,1,1
pubmed,text,1,1
pudb,text,1,1
pull-4938,text,1,1
pull-5465,text,1,1
puppetfile,text,1,1
purritobin_wrapper,text,1,1
putfile,text,1,1
pwx,missing,1,1
pybind11,missing,1,1
pycompat,text,1,1
pydoc,text,1,1
pydoc3,text,1,1
pylint,text,1,1
pyre-check,missing,1,1
python3,text,1,1
python3-config,text,1,1
python_parts_test_exp,text,1,1
pyuic5,text,1,1
pyzor,text,1,1
q,text,1,1
qa-openrc,text,1,1
qa-vdb,text,1,1
qdirstat-cache-writer,text,1,1
qpdf,text,1,1
qpsmtpd-forkserver,text,1,1
qtlockedfile,text,1,1
qtsingleapplication,text,1,1
quat,text,1,1
quickinstall,text,1,1
quickjs,text,1,1
quotes,text,1,1
qzxing,text,1,1
rabbitmq-server,text,1,1
radeon-dpm,text,1,1
radioinfo-1113-1036,text,1,1
radioinfo-7-304,text,1,1
radmindserver,text,1,1
rand1024,binary,1,1
rand1025,binary,1,1
rand1026,binary,1,1
range-exclusive,text,1,1
range-exclusive-inclusive,text,1,1
range-inclusive,text,1,1
range-inclusive-exclusive,text,1,1
range_adds,text,1,1
range_cidr,text,1,1
range_join,text,1,1
range_join2,text,1,1
range_large,text,1,1
range_order,text,1,1
range_special,text,1,1
rar,text,1,1
raw_pdb,missing,1,1
rbotdb,text,1,1
rbs,text,1,1
rcondf1,text,1,1
rcondf2,text,1,1
rcondt-rl,text,1,1
rcondt1,text,1,1
rcondt2,text,1,1
rdma_topo,text,1,1
re2,missing,1,1
re_backslashb,text,1,1
readerwriter,text,1,1
readme-autoconf,text,1,1
readme-bank,text,1,1
readme-debian-package,text,1,1
readme-release,text,1,1
readme-testlib,text,1,1
readme-to-translate,text,1,1
readme-unlimited,binary,1,1
readme-update,text,1,1
readme_cmake,text,1,1
readme_cvxopt,text,1,1
readme_template,text,1,1
readmegr,binary,1,1
readmejp,binary,1,1
readmejp,text,1,1
readme~,text,1,1
readpsf,text,1,1
real_volume_of,text,1,1
reautopoint,text,1,1
rebase-patches,text,1,1
rebuild-msg-files,text,1,1
rec-socat-endpoint,text,1,1
rec-standalone,text,1,1
rec-standalone-endpoint,text,1,1
recode,text,1,1
redcarpet,text,1,1
redict_init_script,text,1,1
redoconf,text,1,1
reduce,text,1,1
reduce_by_key_config_template,text,1,1
ref,text,1,1
reference,text,1,1
refresh-install-files,text,1,1
reg,text,1,1
reg1,text,1,1
reg2,text,1,1
reg3,text,1,1
reg4,text,1,1
regenerate,text,1,1
regenerate_kalman_references,text,1,1
regression,text,1,1
regtest2gb,text,1,1
regular,archives,1,1
release,missing,1,1
release-gem,text,1,1
release_check_list,text,1,1
release_checklist,binary,1,1
release_checklist,text,1,1
relicense,text,1,1
remarks,text,1,1
remove-timestamps,text,1,1
removelist,text,1,1
removelisting,text,1,1
rename-as,text,1,1
render,text,1,1
repair,text,1,1
repeat-from-to,text,1,1
replace-unshare,text,1,1
repo-cd,text,1,1
repo-specific-hooks,text,1,1
repo_clean,text,1,1
request,text,1,1
require,text,1,1
require-import,text,1,1
requires,text,1,1
resize-part-image,text,1,1
resolvme,text,1,1
restclient,text,1,1
restore,text,1,1
restoreapks,text,1,1
result,text,1,1
result-parse,text,1,1
result_--password-a samplepassword --password-b demopass --mask-passwords,text,1,1
result_--password-a samplepassword --password-b demopass --no-color,text,1,1
result_--password-a samplepassword --password-b demopass --no-color --mask-passwords,text,1,1
result_--password-a samplepassword --password-b demopass --verbose --mask-passwords,text,1,1
result_--password-a samplepassword --password-b demopass --verbose --no-color,text,1,1
result_--password-a samplepassword --password-b demopass --verbose --no-color --mask-passwords,text,1,1
results,text,1,1
reuseport_test,text,1,1
revdep-footer,text,1,1
rewrite,text,1,1
rewrite-crush,text,1,1
rewrite-expand-list,text,1,1
rewrite-fun-backwards,text,1,1
rewrite-in,text,1,1
rewrite-lemma-forwards-args,text,1,1
rewrite-proof-term-in,text,1,1
rfc,text,1,1
rfkill-functions,text,1,1
rfs-pkg-config,text,1,1
rhide,text,1,1
rip,text,1,1
rizin,missing,1,1
rmath,text,1,1
rnd-f,text,1,1
rnd-fg,text,1,1
rnd1,text,1,1
rnd2,text,1,1
roadmap,text,1,1
rocfft-perf,text,1,1
rofi-calendar,text,1,1
rofi-sensible-terminal,text,1,1
rofi-wttr,text,1,1
roh-viz,text,1,1
role,text,1,1
roll,text,1,1
root-experr-compile-0-f-f-f,text,1,1
rpc2,text,1,1
rpc_test,text,1,1
rpm-gpg-key-fedora-45-primary,text,1,1
rpm-gpg-key-fedora-rawhide-primary,text,1,1
rpm-gpg-key-opensuse-16-backports,text,1,1
rpmprep,text,1,1
rspec_with_simplecov,text,1,1
rsync,text,1,1
rtimulib license,text,1,1
rubber,text,1,1
rubber-info,text,1,1
rubber-lsmod,text,1,1
rubber-pipe,text,1,1
ruby-lsp-launcher,text,1,1
rubyspec,missing,1,1
run-container,text,1,1
run-cppcheck,text,1,1
run-docker-tests,text,1,1
run-in-docker,text,1,1
run-vim,text,1,1
run-with-simulator,text,1,1
run_all_tests,text,1,1
run_codec_test,text,1,1
run_cucumber_monorepo,text,1,1
run_debian,text,1,1
run_electrum,text,1,1
run_json_reader_test,text,1,1
run_length_encode_config_template,text,1,1
run_length_encode_non_trivial_runs_config_template,text,1,1
run_rspec_monorepo,text,1,1
run_test_2,text,1,1
run_test_5,text,1,1
run_test_imgcmp,text,1,1
run_test_imginfo,text,1,1
runc-version,text,1,1
runconfigureicu,text,1,1
runone,text,1,1
runtime-pm,text,1,1
runxboxdrv,text,1,1
rust-bin,text,1,1
rustdocs,text,1,1
rwhoisdc,text,1,1
s3,text,1,1
sadump-basic,text,1,1
sadump-basic-diskset,text,1,1
sadump-basic-media,text,1,1
sadump-basic-single,text,1,1
sadump-basic-single-ia32,text,1,1
safeint_3018p,text,1,1
salut-italian,text,1,1
sample,text,1,1
sample-kde-proxy-pac-without-scheme,text,1,1
sample-lfescript,text,1,1
sample-urls,text,1,1
sample1,binary,1,1
sample2,binary,1,1
sample_time_zone_file,missing,1,1
samplicate,text,1,1
sanity_check,text,1,1
sasl-scram,text,1,1
sbt,text,1,1
sc,missing,1,1
schema_access,text,1,1
schily-20240321-bosh-20230112,text,1,1
schily-20240321-pbosh-20230112,text,1,1
schroot,text,1,1
scopen,text,1,1
scorch,text,1,1
scpan,text,1,1
screen,binary,1,1
screenfetch-devx,text,1,1
screenkey,text,1,1
script-helper,text,1,1
script_ebnf,text,1,1
scrub,text,1,1
scrub-mess,text,1,1
scrub-patch,text,1,1
sdef,text,1,1
sdio,text,1,1
sdl2,text,1,1
sdl2_ttf,text,1,1
sdl_ds_store,binary,1,1
search,text,1,1
searx,text,1,1
section,text,1,1
security,text,1,1
security_classes,text,1,1
securitycontext,text,1,1
sediff,text,1,1
seed,text,1,1
segmented_reduce_config_template,text,1,1
select,text,1,1
select-impl,text,1,1
select-shims,text,1,1
select_flag_config_template,text,1,1
select_predicate_config_template,text,1,1
select_predicated_flag_config_template,text,1,1
select_unique_by_key_config_template,text,1,1
select_unique_config_template,text,1,1
self_without_dot,text,1,1
selfassign,text,1,1
sender_permitted_from,text,1,1
sendmails,text,1,1
sendpass,text,1,1
sendxmpp-raw-messages,text,1,1
sendxmpp2,text,1,1
sensors-conf-convert,text,1,1
separator,binary,1,1
seq,text,1,1
serial,text,1,1
serializer,text,1,1
serv,binary,1,1
servers,text,1,1
servers-ipv6,text,1,1
services-up,text,1,1
sesearch,text,1,1
set,text,1,1
set_full_version,text,1,1
set_password,text,1,1
set_url,binary,1,1
setclasses,text,1,1
setdef,text,1,1
setemail,text,1,1
setget,text,1,1
setperms,text,1,1
settings,text,1,1
setup-configure,text,1,1
setup-sandbox-with-worktrees,text,1,1
setup_init,text,1,1
setup_rwhois_conf,text,1,1
setversion,text,1,1
sfc,text,1,1
sfx2sh,text,1,1
sha256-38a8906435c4dd5f4258899d46621bfd8eea3ad6ff494ee3c2f17ef0321625bd,text,1,1
sha256-6da3dced7eccc7ad0189517c31ec2235b50f730449d738d91525721f7e027fd4,text,1,1
sha256-7045bdd498b0e4b3963d50f906793ffbd68dc98686ec46c5b499a0a640a560b2,text,1,1
sha256-a2eace2182b24cdbbb730798e47b10709b9ef5e0f0c1624a3bc06c8ca987727a,text,1,1
sha256-aef2af226629a35d5f3ef0fdbb29fdbebf038d0acd8850590e8c48e1e283aa56,text,1,1
sha256-b3c0cc4278800b03a308ceb2611161430df571ca733122f0a40ac8b9792a9064,text,1,1
sha256-b6e1482bb6cb030924530b918e609fff30bbb07ab6845451d89deb823c3f72a9,text,1,1
sha256-ee81caca15454863449fb55a1d942904d56d5ed9f9b20a7cb3453944ea2c7e11,text,1,1
sha256-f24acc752be18b93b0504c86312bbaf482c9efb0c45e925bbccb0a591cebd7af,text,1,1
sha256-f8778b6393eaf39315e767a58cbeacf2c4b270d94b4d6926ee993d9e49444991,text,1,1
shadow,text,1,1
shared-submodules,missing,1,1
sharness,text,1,1
shell-main,text,1,1
shellcheck,text,1,1
shellcheck-tree,text,1,1
shellevents,text,1,1
shift_jisx0213,binary,1,1
shlibs,text,1,1
shm_clear,text,1,1
shortnumbermetadataproto_py,binary,1,1
shortnumbermetadataproto_ro,binary,1,1
should_fail,text,1,1
show,text,1,1
show-tpm2-totp,text,1,1
show_compiler_details,text,1,1
showlink,text,1,1
showlist,text,1,1
shutdown_menu,text,1,1
siekennendas,text,1,1
signature,text,1,1
signature-1,text,1,1
signaturen,text,1,1
silver,text,1,1
silver-bright,text,1,1
silver-dark,text,1,1
sim,text,1,1
simple2,text,1,1
simple_connect,binary,1,1
single-perms,text,1,1
singleapplication,missing,1,1
singleapplication,text,1,1
size,text,1,1
size-bdiag,cursors,1,1
size-fdiag,cursors,1,1
size-hor,cursors,1,1
size-ver,cursors,1,1
size_all,cursors,1,1
skeys,text,1,1
skip_if_dtoa,text,1,1
skip_int,text,1,1
skip_unless_dtoa,text,1,1
skip_win,text,1,1
skk-cfg,text,1,1
skk-mk,text,1,1
sksconf,text,1,1
small-lemma,text,1,1
smart-http,text,1,1
smart-live-rebuild,text,1,1
smbios-lcd-brightness,text,1,1
smbios-passwd,text,1,1
smbios-thermal-ctl,text,1,1
smbios-wakeup-ctl,text,1,1
smbios-wireless-ctl,text,1,1
smoke-env,text,1,1
smoke-files,text,1,1
smoke-tests,text,1,1
smt,text,1,1
snappy,missing,1,1
sniffit-faq,text,1,1
snipergoth,missing,1,1
snippets,missing,1,1
snmp__if_multi,text,1,1
snmp__uptime,text,1,1
sos-linux,text,1,1
spamassassin,text,1,1
spdxcopyright,text,1,1
spdxlicense,text,1,1
special_table,text,1,1
specs,text,1,1
spirv-tools,missing,1,1
splice_fetch,text,1,1
split_h,cursors,1,1
split_v,cursors,1,1
splitwhile,text,1,1
splitwhile1,text,1,1
splitwhile2,text,1,1
sponsors,text,1,1
spotifyd_dbus,text,1,1
sprachkurse,text,1,1
springer,text,1,1
spybrowse,missing,1,1
spypal,missing,1,1
spyview,missing,1,1
sql,text,1,1
src,text,1,1
ssacli,text,1,1
ssd-args,text,1,1
ssh-ldap-pubkey-wrapper,text,1,1
sskm,text,1,1
ssr-glinject,text,1,1
sstring-file,text,1,1
stack,text,1,1
stackprof,text,1,1
stair,text,1,1
stamp-autotools-files,text,1,1
stamp-h2,text,1,1
stamp-makefile-build,text,1,1
starry_sunset,text,1,1
start_megaglest,text,1,1
state,text,1,1
static_func,text,1,1
static_pdfs,missing,1,1
statupd,text,1,1
status-beeps,text,1,1
stdcompile,text,1,1
stdcpp,text,1,1
stdio,text,1,1
stminfo,missing,1,1
stockquote,text,1,1
stream,text,1,1
streamoperator,text,1,1
struct_test,text,1,1
subdirs,text,1,1
subscreen,text,1,1
subset_clean,text,1,1
subset_skip,text,1,1
succeed,text,1,1
sudoers,text,1,1
sundials-addon-example,missing,1,1
super,text,1,1
suppbook,text,1,1
suppcollection,text,1,1
supported_systems,text,1,1
suppperiodical,text,1,1
surf,text,1,1
sus,text,1,1
sus-host,text,1,1
sus-parallel,text,1,1
sus-tree,text,1,1
svg2ico,text,1,1
sway-check-updates,text,1,1
sway-config,text,1,1
sway-update,text,1,1
swayidle,text,1,1
swayimgrc,text,1,1
sweeprc,text,1,1
sweeptimes,text,1,1
swift-mode,text,1,1
switch,text,1,1
sxw2txt,text,1,1
sym-lib-table,text,1,1
sys,text,1,1
sys-xlat-common,text,1,1
sys-xlat-x86_64-linux,text,1,1
sys-xlat-x86_64-linux-xen,text,1,1
sysfs-documentation,text,1,1
sysinfo,text,1,1
sysiphus,text,1,1
system-auth,text,1,1
system_properties,text,1,1
t-verify-multi-from-fail,text,1,1
t-verify-multi-from-reject,text,1,1
t-verify-received-spf-bad,text,1,1
t02,text,1,1
t02-st-fade,text,1,1
t03,text,1,1
t04,text,1,1
t05,text,1,1
t05-so-flac,text,1,1
t06,text,1,1
t07,text,1,1
t09,text,1,1
t09-queue,text,1,1
t10,text,1,1
t11,text,1,1
t11-so-vol,text,1,1
t12,text,1,1
t12-st-vol,text,1,1
t13,text,1,1
t13-so-loop,text,1,1
t16-mix8,text,1,1
t18-st-pan,text,1,1
t21-panf,text,1,1
t22-22khz-flac,text,1,1
t30-fc,text,1,1
t_multiple_results,text,1,1
tab-to-vcf,text,1,1
table2unicode,text,1,1
table_akima,text,1,1
table_cubic,text,1,1
table_cubicfit,text,1,1
table_in,text,1,1
table_linear,text,1,1
tag-by-process,text,1,1
tagfiles,text,1,1
tapechange,text,1,1
tapetypes,text,1,1
target,cursors,1,1
targets,text,1,1
tarot,text,1,1
taskw,text,1,1
taxonomy,text,1,1
tcltags,text,1,1
tcvn-5712,binary,1,1
tee_log,text,1,1
tegaki-build,text,1,1
tegaki-eval,text,1,1
tegaki-stats,text,1,1
tegaki-train,text,1,1
tehran,binary,1,1
template-converter,text,1,1
test-bootstrap-jim,text,1,1
test-by-cp,text,1,1
test-change-home-dir-on-session,text,1,1
test-cmd-line,text,1,1
test-dependencies,text,1,1
test-from-git,text,1,1
test-fsck,text,1,1
test-gem-set,text,1,1
test-growpart-fsimage,text,1,1
test-install,text,1,1
test-integration-local,text,1,1
test-jump-m11213,binary,1,1
test-jump-m1279,binary,1,1
test-jump-m132049,binary,1,1
test-jump-m19937,binary,1,1
test-jump-m216091,binary,1,1
test-jump-m2203,binary,1,1
test-jump-m4253,binary,1,1
test-jump-m44497,binary,1,1
test-jump-m521,binary,1,1
test-jump-m86243,binary,1,1
test-lexicon,text,1,1
test-mic,text,1,1
test-mkfs,text,1,1
test-mon86-exec,text,1,1
test-mon86-read,text,1,1
test-mon86-stub,text,1,1
test-mon86-write,text,1,1
test-multi-seat-no-multi-session,text,1,1
test-namespace,text,1,1
test-output-validation,text,1,1
test-preset-brkpt,text,1,1
test-segfault-long-name,text,1,1
test-static-code,text,1,1
test-text,text,1,1
test-unicode_windows,text,1,1
test-watcher,text,1,1
test10,text,1,1
test11,text,1,1
test12,text,1,1
test16,text,1,1
test28,text,1,1
test29,text,1,1
test30,text,1,1
test8,text,1,1
test_close,text,1,1
test_connections,text,1,1
test_email_set_create_memo_x_me_messageid,text,1,1
test_everything,text,1,1
test_fetch_bugs,text,1,1
test_fetch_bugs_cc,text,1,1
test_fetch_bugs_keywordreq,text,1,1
test_fetch_sanity_check_both,text,1,1
test_fetch_sanity_check_failed,text,1,1
test_fetch_sanity_check_passed,text,1,1
test_find_bugs_cc,text,1,1
test_find_keywordreqs,text,1,1
test_find_sanity_check_both,text,1,1
test_find_sanity_check_failed,text,1,1
test_find_sanity_check_passed,text,1,1
test_functions,text,1,1
test_get_latest_comment,text,1,1
test_get_latest_comment_whoami,text,1,1
test_github,text,1,1
test_github_url_tracking,text,1,1
test_gitlab,text,1,1
test_http,text,1,1
test_imagedata,missing,1,1
test_json,binary,1,1
test_lockfile_assets,text,1,1
test_lockfile_install,text,1,1
test_lockfile_urls,text,1,1
test_passthrough,text,1,1
test_reset_status,text,1,1
test_resolve_dependencies,text,1,1
test_set_status,text,1,1
test_set_status_and_add_keywords,text,1,1
test_set_status_and_cc,text,1,1
test_set_status_and_comment,text,1,1
test_set_status_and_mark_obsolete,text,1,1
test_set_status_and_package_list,text,1,1
test_set_status_and_remove_keywords,text,1,1
test_tags,text,1,1
test_tpm2_swtpm_setup_create_cert,text,1,1
test_union,text,1,1
test_utilities,text,1,1
test_whoami,text,1,1
test_wrappers,text,1,1
testbtables,binary,1,1
testcampaign,text,1,1
testcampaignall,text,1,1
testcircle,text,1,1
testconf,text,1,1
testinput1,binary,1,1
testinput10,binary,1,1
testinput11,binary,1,1
testinput12,binary,1,1
testinput13,text,1,1
testinput14,text,1,1
testinput15,text,1,1
testinput16,text,1,1
testinput17,text,1,1
testinput18,text,1,1
testinput19,text,1,1
testinput2,binary,1,1
testinput20,text,1,1
testinput21,text,1,1
testinput22,text,1,1
testinput23,text,1,1
testinput24,text,1,1
testinput25,text,1,1
testinput26,text,1,1
testinput3,binary,1,1
testinput4,text,1,1
testinput6,binary,1,1
testinput7,text,1,1
testinput8,text,1,1
testinput9,text,1,1
testinputebc,binary,1,1
testinputheap,text,1,1
testmpi,text,1,1
testoutput1,binary,1,1
testoutput10,binary,1,1
testoutput11-16,binary,1,1
testoutput11-32,binary,1,1
testoutput12-16,binary,1,1
testoutput12-32,binary,1,1
testoutput13,text,1,1
testoutput14-16,text,1,1
testoutput14-32,text,1,1
testoutput14-8,text,1,1
testoutput15,text,1,1
testoutput16,text,1,1
testoutput17,text,1,1
testoutput18,text,1,1
testoutput19,text,1,1
testoutput2,binary,1,1
testoutput20,text,1,1
testoutput21,text,1,1
testoutput22-16,text,1,1
testoutput22-32,text,1,1
testoutput22-8,text,1,1
testoutput23,text,1,1
testoutput24,text,1,1
testoutput25,text,1,1
testoutput26,text,1,1
testoutput3,binary,1,1
testoutput3a,binary,1,1
testoutput3b,binary,1,1
testoutput4,text,1,1
testoutput6,binary,1,1
testoutput7,text,1,1
testoutput8-16-2,text,1,1
testoutput8-16-3,text,1,1
testoutput8-16-4,text,1,1
testoutput8-32-2,text,1,1
testoutput8-32-3,text,1,1
testoutput8-32-4,text,1,1
testoutput8-8-2,text,1,1
testoutput8-8-3,text,1,1
testoutput8-8-4,text,1,1
testoutput9,text,1,1
testoutputebc,binary,1,1
testoutputheap-16,text,1,1
testoutputheap-32,text,1,1
testoutputheap-8,text,1,1
testprimes,text,1,1
testrunner,text,1,1
testrunner-default,text,1,1
tests-list,text,1,1
tests_firewalls,text,1,1
tests_ports_packages,text,1,1
tet_scen,text,1,1
text,text,1,1
text2cstr,text,1,1
texture,text,1,1
tf-psa-crypto,missing,1,1
tfunimage,text,1,1
tg3,text,1,1
theme-config,text,1,1
themerc,missing,1,1
themerc-nokto,text,1,1
theorem,text,1,1
theory,text,1,1
thesis,text,1,1
thingstotry,text,1,1
third-party,text,1,1
third-party-notices,text,1,1
thorium,text,1,1
thread-first,text,1,1
thread-last,text,1,1
throw,text,1,1
ticks,text,1,1
tidy,text,1,1
tidycheck,text,1,1
timeprivacy,text,1,1
timer,text,1,1
timer_and_stopwatch,text,1,1
tinyxml2,missing,1,1
tip,text,1,1
title,text,1,1
tkx11vnc,text,1,1
tl-cmake,missing,1,1
tl_packages,text,1,1
tlp-func-stat,text,1,1
tmkrc,text,1,1
tmtags,text,1,1
tmx,text,1,1
toeno2mtx,missing,1,1
toggle,text,1,1
toolchains,text,1,1
top,text,1,1
top_left_arrow,cursors,1,1
tpm-troubleshooting,text,1,1
tqstring-file,text,1,1
trace,text,1,1
traffic-accounting-helper,text,1,1
train,text,1,1
training-readme,text,1,1
transitivity,text,1,1
transitivity-code,text,1,1
translations,missing,1,1
travis-build,text,1,1
travis-checkpatch,text,1,1
travis-std,text,1,1
tray,missing,1,1
trdeps,text,1,1
tree-sitter-elisp-src,text,1,1
trig,text,1,1
triggers,text,1,1
trim,text,1,1
trimesh-setup,text,1,1
triton,missing,1,1
trust-root,binary,1,1
try_swap_workspace,text,1,1
tryelse,text,1,1
tscii,binary,1,1
tty-share-bash_completion,text,1,1
tty-share_test,binary,1,1
tty-share_test_new,binary,1,1
tv,text,1,1
tv_find_grabbers,text,1,1
tv_sort,text,1,1
type,text,1,1
typescript,binary,1,1
typst,text,1,1
typst-compile,text,1,1
typst-fonts,text,1,1
typst-help,text,1,1
typst-query,text,1,1
typst-update,text,1,1
typst-watch,text,1,1
ubertooth-specan-ui,text,1,1
ubuntu-cloudimg-query,text,1,1
ucsmap,text,1,1
udev,text,1,1
ug,text,1,1
uglifyjs,text,1,1
uimhreacha,text,1,1
um-one-test-2,text,1,1
uncov-coverage,text,1,1
undefinied-version,text,1,1
undiag,text,1,1
unescape,text,1,1
unicode,text,1,1
unicode_literals,text,1,1
unicode_properties,text,1,1
union,text,1,1
unionfs-fuse-nfs-root,text,1,1
unisourcehanmonocn-utf16-h,text,1,1
unisourcehanmonocn-utf32-h,text,1,1
unisourcehanmonohk-utf16-h,text,1,1
unisourcehanmonohk-utf32-h,text,1,1
unisourcehanmonoitcn-utf16-h,text,1,1
unisourcehanmonoitcn-utf32-h,text,1,1
unisourcehanmonoithk-utf16-h,text,1,1
unisourcehanmonoithk-utf32-h,text,1,1
unisourcehanmonoitjp-utf16-h,text,1,1
unisourcehanmonoitjp-utf32-h,text,1,1
unisourcehanmonoitkr-utf16-h,text,1,1
unisourcehanmonoitkr-utf32-h,text,1,1
unisourcehanmonoittw-utf16-h,text,1,1
unisourcehanmonoittw-utf32-h,text,1,1
unisourcehanmonojp-utf16-h,text,1,1
unisourcehanmonojp-utf32-h,text,1,1
unisourcehanmonokr-utf16-h,text,1,1
unisourcehanmonokr-utf32-h,text,1,1
unisourcehanmonotw-utf16-h,text,1,1
unisourcehanmonotw-utf32-h,text,1,1
unity,text,1,1
unrealircd,text,1,1
unroll-equiv,text,1,1
unroll-while,text,1,1
unstable-api-warning,text,1,1
unsubscribe,text,1,1
update-po,text,1,1
update-test-matrix,text,1,1
update-translations,text,1,1
update-website,text,1,1
update_copyrights,text,1,1
update_dev_dependencies,text,1,1
update_gem_in_all_appraisals,text,1,1
update_gems_in_all_appraisals,text,1,1
update_pci_usb,text,1,1
update_pci_usb_sdio,text,1,1
update_register_all_functions,text,1,1
update_version,text,1,1
updatecopyright,text,1,1
updater,binary,1,1
updater,missing,1,1
upgradedb,text,1,1
upload-artifacts,text,1,1
upload-latest-artifacts,text,1,1
uppercase_header,text,1,1
uribl,text,1,1
usage-mksquashfs,text,1,1
usage-sqfscat,text,1,1
usage-sqfstar,text,1,1
usage-unsquashfs,text,1,1
usbguard,text,1,1
use-footer,text,1,1
use-loop,text,1,1
use_cases,text,1,1
useless-if-before-free,text,1,1
userguide,text,1,1
ushare,text,1,1
utf-16#be,text,1,1
utf-16#le,text,1,1
utf-32#be,text,1,1
utf-32#le,text,1,1
utf7_to_utf7imap,text,1,1
utf8_simple,missing,1,1
utf8test,text,1,1
utilities,text,1,1
uv-dev-setup,text,1,1
uv-script,text,1,1
uvw,text,1,1
v4_edge,text,1,1
v6_binary,text,1,1
v6_cisco,text,1,1
v6_hex,text,1,1
v_double_arrow,cursors,1,1
vagrant,text,1,1
vala-language-server,text,1,1
valendas,text,1,1
valgrind-stubs,text,1,1
valid-sample,text,1,1
validate,text,1,1
validate_html4,text,1,1
validator-tsc,text,1,1
validator-tsc-es2015,text,1,1
validity,text,1,1
valueclass,text,1,1
var,text,1,1
vblade-generator,text,1,1
vbladed,text,1,1
vc,text,1,1
vc-list-files,text,1,1
vcd,missing,1,1
vcf-annotate,text,1,1
vcf-compare,text,1,1
vcf-concat,text,1,1
vcf-consensus,text,1,1
vcf-contrast,text,1,1
vcf-convert,text,1,1
vcf-fix-newlines,text,1,1
vcf-fix-ploidy,text,1,1
vcf-indel-stats,text,1,1
vcf-isec,text,1,1
vcf-merge,text,1,1
vcf-phased-join,text,1,1
vcf-query,text,1,1
vcf-shuffle-cols,text,1,1
vcf-sort,text,1,1
vcf-stats,text,1,1
vcf-subset,text,1,1
vcf-to-tab,text,1,1
vcf-tstv,text,1,1
vcf-validator,text,1,1
vdb-report-snapshot,text,1,1
vdf,missing,1,1
vdr-get-header-checksum,text,1,1
vdr-watchdogd,text,1,1
verify-style,text,1,1
version-increment,text,1,1
version_base,text,1,1
version_current,text,1,1
version_number,text,1,1
version_rocm_pkg,text,1,1
vertipper,text,1,1
vga-functions,text,1,1
vgrep,text,1,1
view-column-test,text,1,1
viewreport,text,1,1
views,text,1,1
vifm,text,1,1
vifmrc,text,1,1
vifmrc-osx,text,1,1
vimflavor,text,1,1
vimtags,text,1,1
viridis,text,1,1
virtio_net,text,1,1
virtme-init,text,1,1
virtme-sshd-script,text,1,1
vkeybdmap,text,1,1
vkeybdmap-de,text,1,1
vkeybdmap-es,text,1,1
vkeybdmap-fr,text,1,1
vkeybdmap-french,text,1,1
vkeybdmap-german,text,1,1
vkeybdmap-spanish,text,1,1
vkeybdrc_german,text,1,1
vm-support,text,1,1
vms_freebsd,text,1,1
vms_i386,text,1,1
vms_ids,text,1,1
vms_netbsd,text,1,1
vms_shared,text,1,1
vng-mcp,text,1,1
volume-notify,text,1,1
volume-pulseaudio,text,1,1
volwheel,text,1,1
votrify-make-confirmation,text,1,1
votrify-verify-confirmations,text,1,1
vscode,text,1,1
vt200,text,1,1
vulkan,missing,1,1
w,text,1,1
w33ble2tsv,text,1,1
w3css,text,1,1
w3html,text,1,1
w3link,text,1,1
w3rdf,text,1,1
wasi-sdk-version,text,1,1
wasm_cc,text,1,1
wavetable_guide,text,1,1
wayland-logout,text,1,1
wayland-protocols,missing,1,1
wayland-session,text,1,1
wayland_cursor,cursors,1,1
weatherunderground,binary,1,1
weave-depth,text,1,1
weave-swop,text,1,1
webclient,missing,1,1
webserver,text,1,1
websocketpp,missing,1,1
webster,text,1,1
wg-quick,text,1,1
what-gets-build,text,1,1
whats_this,cursors,1,1
when,text,1,1
whenl,text,1,1
while-proc,text,1,1
while-true,text,1,1
while1,text,1,1
while2,text,1,1
widget,text,1,1
width-test,text,1,1
wiktionary,text,1,1
wildcard_test,text,1,1
windows-1255,binary,1,1
windows-2008-with-2-different-cpus,text,1,1
winoptions,text,1,1
wintestinput3,binary,1,1
wintestoutput3,binary,1,1
wireproxy,text,1,1
wish,text,1,1
wishlist,text,1,1
with-open,text,1,1
with_statement,text,1,1
witze,text,1,1
wl-cfg,text,1,1
wl-mk,text,1,1
wl-present,text,1,1
woffle,text,1,1
wonko_ruby_imapsync,text,1,1
wordfreq,text,1,1
wrap,text,1,1
writelock,text,1,1
writepsf,text,1,1
wsd-client,text,1,1
wsd-host,text,1,1
wslu-install,text,1,1
wtfpl,text,1,1
www,missing,1,1
wycheproof_copying,text,1,1
x_command,text,1,1
xapers-adder,text,1,1
xapers-test,text,1,1
xboxdrv-ps3-usb,text,1,1
xcapture-bpf,text,1,1
xcc,text,1,1
xclip-cutfile,text,1,1
xcowdream,text,1,1
xdata,text,1,1
xdg-open,text,1,1
xenial,text,1,1
xenvironment,text,1,1
xfrm_stat,text,1,1
xgettext-html,text,1,1
xinitrc,text,1,1
xlat-linux-ia32,text,1,1
xlat-linux-ia32-pae,text,1,1
xlat-linux-ppc64-64k,text,1,1
xlat-linux-s390x-2l,text,1,1
xlat-linux-s390x-3l,text,1,1
xlat-linux-s390x-4l,text,1,1
xlat-linux-x86_64-5l,text,1,1
xlat-linux-x86_64-ktext-128m,text,1,1
xlat-linux-x86_64-ktext-130m,text,1,1
xlat-linux-x86_64-ktext-130m-nonlinear,text,1,1
xlat-linux-x86_64-ktext-1g,text,1,1
xlat-linux-x86_64-ktext-40m,text,1,1
xlat-linux-x86_64-ktext-512m,text,1,1
xlat-linux-x86_64-ktext-520m,text,1,1
xlat-linux-x86_64-ktext-54m-kaslr,text,1,1
xlat-linux-x86_64-ktext-crosspage,text,1,1
xlat-linux-x86_64-ktext-pgt,text,1,1
xlat-linux-x86_64-old,text,1,1
xlat-linux-x86_64-old-nover,text,1,1
xlat-os-aarch64-none,text,1,1
xlat-os-ia32-none,text,1,1
xlat-os-ia32-pae-none,text,1,1
xlat-os-s390x-2l,text,1,1
xlat-os-s390x-3l,text,1,1
xlat-os-s390x-4l,text,1,1
xlat-os-s390x-5l,text,1,1
xlat-os-x86_64-none,text,1,1
xlat-xen-ia32,text,1,1
xlat-xen-ia32-pae,text,1,1
xlat-xen-x86_64-old,text,1,1
xlat-xen-x86_64-old-nover,text,1,1
xlatmap-check,text,1,1
xlogout,text,1,1
xmlmantohtml,text,1,1
xmltoman,text,1,1
xmlwc,text,1,1
xpatests,text,1,1
xpcservices,text,1,1
xresources1,text,1,1
xresources2,text,1,1
xresources3,text,1,1
xsession,text,1,1
xtappsetexitflag,text,1,1
xx-cond-replace,text,1,1
xx-cvs-diff,text,1,1
xx-cvs-revcmp,text,1,1
xx-diff-proxy,text,1,1
xx-encrypted,text,1,1
xx-filter,text,1,1
xx-find-grep-sed,text,1,1
xx-hg-merge,text,1,1
xx-match,text,1,1
xx-pyline,text,1,1
xx-rename,text,1,1
xx-sql-schemas,text,1,1
xx-svn-diff,text,1,1
xx-svn-resolve,text,1,1
xyz,text,1,1
yahoo,text,1,1
yandex,text,1,1
yday,text,1,1
ydiff,text,1,1
ytdl-mpv,text,1,1
ytnef-oob-tnefversion-swapword,binary,1,1
zen,text,1,1
zero-size,text,1,1
zero_exit,text,1,1
zfsbootmenu-diff,text,1,1
zfsutils-linux,text,1,1
zint,missing,1,1
zip,archives,1,1
zip-all-variants,text,1,1
zipsrc,text,1,1
zlogin,text,1,1
zlogout,text,1,1
zmore,text,1,1
zone,text,1,1
zprofile,text,1,1
zshenv,text,1,1
zshrc,text,1,1
